tourney_name,tourney_level,tourney_date,surface,round,best_of,winner_name,loser_name,score,winner_rank,loser_rank,winner_rank_points,loser_rank_points
United Cup,A,2026/01/02,Hard,RR,3,Sebastian Baez,Jaume Munar,6-4 6-4,45,33,1145,1385
United Cup,A,2026/01/02,Hard,RR,3,Stefanos Tsitsipas,Shintaro Mochizuki,6-3 6-4,36,99,1380,647
United Cup,A,2026/01/03,Hard,RR,3,Zhizhen Zhang,Zizou Bergs,6-7(2) 7-6(3) 7-5,410,42,115,1208
United Cup,A,2026/01/03,Hard,RR,3,Stan Wawrinka,Arthur Rinderknech,5-7 7-6(5) 7-6(5),157,29,397,1527
United Cup,A,2026/01/03,Hard,RR,3,Sebastian Baez,Taylor Fritz,4-6 7-5 6-4,45,6,1145,4085
United Cup,A,2026/01/03,Hard,RR,3,Casper Ruud,Alex De Minaur,6-3 6-3,12,7,2825,4080
United Cup,A,2026/01/04,Hard,RR,3,Billy Harris,Shintaro Mochizuki,7-6(4) 6-3,128,99,482,647
United Cup,A,2026/01/04,Hard,RR,3,Alexander Zverev,Tallon Griekspoor,7-5 6-0,3,26,5110,1565
United Cup,A,2026/01/04,Hard,RR,3,Felix Auger Aliassime,Zhizhen Zhang,6-4 6-4,5,410,4190,115
Brisbane,ATP 250,2026/01/04,Hard,R32,3,Frances Tiafoe,Aleksandar Vukic,6-2 6-2,30,84,1500,708
Brisbane,ATP 250,2026/01/04,Hard,R32,3,Learner Tien,Camilo Ugo Carabelli,7-6(4) 6-3,28,49,1540,1028
United Cup,A,2026/01/04,Hard,RR,3,Flavio Cobolli,Stan Wawrinka,6-4 6-7(2) 7-6(4),22,157,2000,397
Hong Kong,ATP 250,2026/01/05,Hard,R32,3,Nuno Borges,Damir Dzumhur,6-4 6-3,45,65,1120,837
Hong Kong,ATP 250,2026/01/05,Hard,R32,3,Marin Cilic,Adrian Mannarino,6-3 6-2,70,68,765,817
Brisbane,ATP 250,2026/01/05,Hard,R32,3,Quentin Halys,Alexei Popyrin,5-7 6-3 6-4,91,50,669,1000
Brisbane,ATP 250,2026/01/05,Hard,R32,3,Jiri Lehecka,Tomas Machac,6-4 6-7(5) 6-2,19,35,2075,1360
Brisbane,ATP 250,2026/01/05,Hard,R32,3,Sebastian Korda,Valentin Vacherot,7-6(1) 6-3,46,31,1090,1469
Brisbane,ATP 250,2026/01/05,Hard,R32,3,Kamil Majchrzak,Daniel Altmaier,7-6(4) 6-0,59,44,861,1123
Brisbane,ATP 250,2026/01/05,Hard,R32,3,Alex Michelsen,James Duckworth,6-7(4) 7-6(2) 6-3,37,86,1300,694
Brisbane,ATP 250,2026/01/05,Hard,R32,3,Reilly Opelka,Dane Sweeny,6-3 7-5,60,183,861,315
United Cup,A,2026/01/05,Hard,RR,3,Taylor Fritz,Jaume Munar,7-6(4) 3-6 7-6(6),6,33,4085,1385
United Cup,A,2026/01/05,Hard,RR,3,Hubert Hurkacz,Alexander Zverev,6-3 6-4,83,3,710,5110
United Cup,A,2026/01/05,Hard,RR,3,Jakub Mensik,Casper Ruud,7-5 7-6(6),18,12,2130,2825
Brisbane,ATP 250,2026/01/05,Hard,R32,3,Daniil Medvedev,Marton Fucsovics,6-2 6-3,13,54,2710,949
Hong Kong,ATP 250,2026/01/05,Hard,R32,3,Yibing Wu,Fabian Marozsan,6-4 6-2,179,53,322,975
United Cup,A,2026/01/05,Hard,RR,3,Stefanos Tsitsipas,Billy Harris,4-6 6-1 7-6(4),36,128,1380,482
United Cup,A,2026/01/06,Hard,RR,3,Zizou Bergs,Felix Auger Aliassime,6-4 6-2,42,5,1208,4190
Brisbane,ATP 250,2026/01/06,Hard,R32,3,Brandon Nakashima,Alejandro Davidovich Fokina,7-6(4) 6-4,33,14,1380,2585
Brisbane,ATP 250,2026/01/06,Hard,R32,3,Raphael Collignon,Denis Shapovalov,6-4 6-2,84,23,704,1665
Hong Kong,ATP 250,2026/01/06,Hard,R32,3,Michael Mmoh,Alejandro Tabilo,7-5 6-4,285,81,184,717
Hong Kong,ATP 250,2026/01/06,Hard,R32,3,Lorenzo Sonego,Rei Sakamoto,6-2 7-6(4),39,200,1240,292
Hong Kong,ATP 250,2026/01/06,Hard,R32,3,Gabriel Diallo,Jesper De Jong,6-4 7-6(7),40,71,1215,763
Hong Kong,ATP 250,2026/01/06,Hard,R32,3,Alexandre Muller,Miomir Kecmanovic,7-5 6-4,52,51,980,1000
Hong Kong,ATP 250,2026/01/06,Hard,R32,3,Tomas Martin Etcheverry,Valentin Royer,6-4 7-5,57,56,895,924
Hong Kong,ATP 250,2026/01/06,Hard,R32,3,Coleman Wong,Mariano Navone,6-3 7-5,150,72,406,760
Brisbane,ATP 250,2026/01/06,Hard,R32,3,Grigor Dimitrov,Pablo Carreno Busta,6-3 6-2,47,92,1080,656
Brisbane,ATP 250,2026/01/06,Hard,R32,3,Giovanni Mpetshi Perricard,Tommy Paul,7-6(2) 3-6 7-6(6),67,20,825,2050
Brisbane,ATP 250,2026/01/06,Hard,R32,3,Cameron Norrie,Ugo Humbert,1-6 7-6(6) 7-5,28,36,1523,1355
Brisbane,ATP 250,2026/01/06,Hard,R32,3,Rinky Hijikata,Adam Walton,6-3 6-2,111,77,546,732
Brisbane,ATP 250,2026/01/06,Hard,R32,3,Aleksandar Kovacevic,Nick Kyrgios,6-3 6-4,58,670,877,50
United Cup,A,2026/01/06,Hard,RR,3,Arthur Rinderknech,Flavio Cobolli,6-7(4) 7-6(5) 7-5,29,22,1527,2000
United Cup,A,2026/01/06,Hard,RR,3,Alex De Minaur,Jakub Mensik,6-4 6-1,7,18,4080,2130
Hong Kong,ATP 250,2026/01/06,Hard,R32,3,Juncheng Shang,Francisco Comesana,6-4 6-4,406,66,115,829
Hong Kong,ATP 250,2026/01/06,Hard,R32,3,Marcos Giron,Laslo Djere,6-2 6-0,64,95,845,652
Hong Kong,ATP 250,2026/01/06,Hard,R32,3,Botic Van De Zandschulp,Jan Lennard Struff,6-3 1-6 6-1,75,82,746,711
Brisbane,ATP 250,2026/01/07,Hard,R16,3,Daniil Medvedev,Frances Tiafoe,6-3 6-2,13,30,2710,1500
Brisbane,ATP 250,2026/01/07,Hard,R16,3,Sebastian Korda,Jiri Lehecka,6-3 1-2 RET,46,19,1090,2075
Brisbane,ATP 250,2026/01/07,Hard,R16,3,Alex Michelsen,Learner Tien,6-4 6-2,37,28,1300,1540
United Cup,A,2026/01/07,Hard,QF,3,Stefanos Tsitsipas,Taylor Fritz,6-4 7-5,36,6,1380,4085
United Cup,A,2026/01/07,Hard,RR,3,Hubert Hurkacz,Tallon Griekspoor,6-3 7-6(4),83,26,710,1565
Hong Kong,ATP 250,2026/01/07,Hard,R16,3,Lorenzo Musetti,Tomas Martin Etcheverry,6-7(3) 6-2 6-4,7,57,3990,895
Hong Kong,ATP 250,2026/01/07,Hard,R16,3,Nuno Borges,Marin Cilic,7-5 6-3,45,70,1120,765
Hong Kong,ATP 250,2026/01/07,Hard,R16,3,Coleman Wong,Gabriel Diallo,1-6 7-5 7-5,150,40,406,1215
Hong Kong,ATP 250,2026/01/07,Hard,R16,3,Andrey Rublev,Yibing Wu,3-6 6-2 6-1,16,179,2510,322
Brisbane,ATP 250,2026/01/07,Hard,R16,3,Kamil Majchrzak,Reilly Opelka,6-7(2) 7-6(7) 7-6(8),59,60,861,861
United Cup,A,2026/01/07,Hard,QF,3,Sebastian Baez,Stan Wawrinka,7-5 6-4,45,157,1145,397
Brisbane,ATP 250,2026/01/08,Hard,R16,3,Aleksandar Kovacevic,Cameron Norrie,7-6(4) 4-6 6-4,58,28,877,1523
Brisbane,ATP 250,2026/01/08,Hard,R16,3,Brandon Nakashima,Quentin Halys,6-2 6-4,33,91,1380,669
Brisbane,ATP 250,2026/01/08,Hard,R16,3,Giovanni Mpetshi Perricard,Rinky Hijikata,4-6 7-6(5) 7-6(4),67,111,825,546
Hong Kong,ATP 250,2026/01/08,Hard,R16,3,Marcos Giron,Alexandre Muller,6-4 7-6(4),64,52,845,980
Hong Kong,ATP 250,2026/01/08,Hard,R16,3,Juncheng Shang,Lorenzo Sonego,6-3 6-4,406,39,115,1240
United Cup,A,2026/01/08,Hard,QF,3,Zizou Bergs,Jakub Mensik,6-2 7-6(4),42,18,1208,2130
Hong Kong,ATP 250,2026/01/08,Hard,R16,3,Alexander Bublik,Botic Van De Zandschulp,6-3 6-3,11,75,2845,746
Hong Kong,ATP 250,2026/01/08,Hard,R16,3,Michael Mmoh,Karen Khachanov,7-6(2) 7-6(4),285,17,184,2320
Brisbane,ATP 250,2026/01/08,Hard,R16,3,Raphael Collignon,Grigor Dimitrov,7-6(1) 6-3,84,47,704,1080
Brisbane,ATP 250,2026/01/09,Hard,QF,3,Aleksandar Kovacevic,Giovanni Mpetshi Perricard,7-6(3) 4-6 6-3,58,67,877,825
Hong Kong,ATP 250,2026/01/09,Hard,QF,3,Lorenzo Musetti,Coleman Wong,6-4 6-4,7,150,3990,406
Brisbane,ATP 250,2026/01/09,Hard,QF,3,Brandon Nakashima,Raphael Collignon,6-3 6-3,33,84,1380,704
Hong Kong,ATP 250,2026/01/09,Hard,QF,3,Andrey Rublev,Nuno Borges,6-3 6-4,16,45,2510,1120
Brisbane,ATP 250,2026/01/09,Hard,QF,3,Alex Michelsen,Sebastian Korda,6-3 7-6(7),37,46,1300,1090
Hong Kong,ATP 250,2026/01/09,Hard,QF,3,Marcos Giron,Michael Mmoh,6-3 1-0 RET,64,285,845,184
Hong Kong,ATP 250,2026/01/09,Hard,QF,3,Alexander Bublik,Juncheng Shang,6-1 7-6(2),11,406,2845,115
Brisbane,ATP 250,2026/01/09,Hard,QF,3,Daniil Medvedev,Kamil Majchrzak,6-7(4) 6-3 6-2,13,59,2710,861
United Cup,A,2026/01/09,Hard,QF,3,Alex De Minaur,Hubert Hurkacz,6-4 4-6 6-4,7,83,4080,710
Brisbane,ATP 250,2026/01/10,Hard,SF,3,Brandon Nakashima,Aleksandar Kovacevic,7-6(4) 6-4,33,58,1380,877
United Cup,A,2026/01/10,Hard,SF,3,Zizou Bergs,Stan Wawrinka,6-3 6-7(4) 6-3,42,157,1208,397
Hong Kong,ATP 250,2026/01/10,Hard,SF,3,Lorenzo Musetti,Andrey Rublev,6-7(3) 7-5 6-4,7,16,3990,2510
Brisbane,ATP 250,2026/01/10,Hard,SF,3,Daniil Medvedev,Alex Michelsen,6-4 6-2,13,37,2710,1300
United Cup,A,2026/01/10,Hard,SF,3,Hubert Hurkacz,Taylor Fritz,7-6(1) 7-6(2),83,6,710,4085
Hong Kong,ATP 250,2026/01/10,Hard,SF,3,Alexander Bublik,Marcos Giron,3-6 6-4 6-2,11,64,2845,845
Hong Kong,ATP 250,2026/01/11,Hard,F,3,Alexander Bublik,Lorenzo Musetti,7-6(2) 6-3,11,7,2845,3990
Brisbane,ATP 250,2026/01/11,Hard,F,3,Daniil Medvedev,Brandon Nakashima,6-2 7-6(1),13,33,2710,1380
United Cup,A,2026/01/11,Hard,F,3,Hubert Hurkacz,Stan Wawrinka,6-3 3-6 6-3,83,157,710,397
Auckland,ATP 250,2026/01/12,Hard,R32,3,Cameron Norrie,Hugo Gaston,6-3 6-4,28,94,1538,653
Auckland,ATP 250,2026/01/12,Hard,R32,3,Jenson Brooksby,James Watt,6-4 6-3,48,642,1017,
Auckland,ATP 250,2026/01/12,Hard,R32,3,Francisco Comesana,Valentin Royer,6-4 6-4,68,57,829,924
Auckland,ATP 250,2026/01/12,Hard,R32,3,Eliot Spizzirri,Adrian Mannarino,6-4 6-3,89,69,672,810
Adelaide,ATP 250,2026/01/12,Hard,R32,3,Reilly Opelka,Alexei Popyrin,6-3 7-6(6),62,50,873,1000
Auckland,ATP 250,2026/01/12,Hard,R32,3,Sebastian Baez,Emilio Nava,4-6 7-5 6-3,39,88,1250,677
Adelaide,ATP 250,2026/01/12,Hard,R32,3,Valentin Vacherot,Miomir Kecmanovic,7-6(5) 6-4,32,59,1469,910
Adelaide,ATP 250,2026/01/12,Hard,R32,3,Jaume Munar,Daniel Altmaier,6-3 6-0,38,44,1295,1123
Adelaide,ATP 250,2026/01/12,Hard,R32,3,Thanasi Kokkinakis,Sebastian Korda,3-6 6-3 7-6(3),670,51,,975
Adelaide,ATP 250,2026/01/12,Hard,R32,3,Ugo Humbert,Terence Atmane,6-3 7-6(3),36,64,1355,862
Auckland,ATP 250,2026/01/13,Hard,R32,3,Fabian Marozsan,Gael Monfils,5-7 6-3 6-4,52,110,975,550
Auckland,ATP 250,2026/01/13,Hard,R32,3,Alex Michelsen,Mariano Navone,2-6 6-2 7-5,37,74,1350,760
Auckland,ATP 250,2026/01/13,Hard,R32,3,Marcos Giron,Alexandre Muller,6-2 6-2,60,50,895,980
Auckland,ATP 250,2026/01/13,Hard,R32,3,Hamad Medjedovic,Aleksandar Kovacevic,6-4 3-6 7-6(2),96,54,643,964
Auckland,ATP 250,2026/01/13,Hard,R32,3,Giovanni Mpetshi Perricard,Roberto Bautista Agut,6-3 7-6(2),63,90,865,670
Auckland,ATP 250,2026/01/13,Hard,R32,3,Alejandro Tabilo,Camilo Ugo Carabelli,6-4 6-2,81,47,722,1028
Adelaide,ATP 250,2026/01/13,Hard,R32,3,Tomas Machac,James Duckworth,6-3 6-3,35,86,1360,694
Adelaide,ATP 250,2026/01/13,Hard,R32,3,Quentin Halys,Jacob Fearnley,6-3 6-4,85,77,697,752
Adelaide,ATP 250,2026/01/13,Hard,R32,3,Rinky Hijikata,Tristan Schoolkate,6-4 6-4,115,97,527,641
Adelaide,ATP 250,2026/01/13,Hard,R32,3,Alexander Shevchenko,Damir Dzumhur,4-6 6-4 7-5,104,66,597,837
Auckland,ATP 250,2026/01/13,Hard,R32,3,Nuno Borges,Tomas Martin Etcheverry,7-5 3-6 7-6(2),46,61,1070,895
Adelaide,ATP 250,2026/01/13,Hard,R32,3,Aleksandar Vukic,Stefanos Tsitsipas,7-6(3) 7-6(5),87,33,693,1455
Adelaide,ATP 250,2026/01/13,Hard,R32,3,Marton Fucsovics,Ethan Quinn,6-4 6-4,55,78,949,733
Adelaide,ATP 250,2026/01/13,Hard,R32,3,Andrea Vavassori,Gabriel Diallo,6-3 7-6(4),336,41,147,1215
Auckland,ATP 250,2026/01/14,Hard,R16,3,Jakub Mensik,Hamad Medjedovic,6-1 3-6 6-3,18,96,2125,643
Auckland,ATP 250,2026/01/14,Hard,R16,3,Ben Shelton,Francisco Comesana,7-5 6-4,8,68,3960,829
Auckland,ATP 250,2026/01/14,Hard,R16,3,Fabian Marozsan,Casper Ruud,6-4 6-4,52,13,975,2795
Auckland,ATP 250,2026/01/14,Hard,R16,3,Luciano Darderi,Alejandro Tabilo,1-6 7-5 6-3,24,81,1579,722
Auckland,ATP 250,2026/01/14,Hard,R16,3,Giovanni Mpetshi Perricard,Cameron Norrie,4-6 6-3 7-6(4),63,28,865,1538
Auckland,ATP 250,2026/01/14,Hard,R16,3,Marcos Giron,Alex Michelsen,6-4 6-4,60,37,895,1350
Auckland,ATP 250,2026/01/14,Hard,R16,3,Sebastian Baez,Jenson Brooksby,7-5 6-0,39,48,1250,1017
Auckland,ATP 250,2026/01/14,Hard,R16,3,Eliot Spizzirri,Nuno Borges,7-6(6) 6-4,89,46,672,1070
Adelaide,ATP 250,2026/01/14,Hard,R16,3,Alejandro Davidovich Fokina,Rinky Hijikata,6-3 6-2,15,115,2585,527
Adelaide,ATP 250,2026/01/14,Hard,R16,3,Tommy Paul,Reilly Opelka,6-4 6-4,21,62,2000,873
Adelaide,ATP 250,2026/01/14,Hard,R16,3,Jaume Munar,Francisco Cerundolo,3-6 7-5 6-4,38,20,1295,2035
Adelaide,ATP 250,2026/01/14,Hard,R16,3,Ugo Humbert,Tallon Griekspoor,6-4 6-1,36,25,1355,1565
Adelaide,ATP 250,2026/01/14,Hard,R16,3,Valentin Vacherot,Thanasi Kokkinakis,W/O,32,670,1469,
Adelaide,ATP 250,2026/01/14,Hard,R16,3,Tomas Machac,Quentin Halys,6-4 6-2,35,85,1360,697
Adelaide,ATP 250,2026/01/14,Hard,R16,3,Alexander Shevchenko,Marton Fucsovics,6-3 7-6(6),104,55,597,949
Adelaide,ATP 250,2026/01/14,Hard,R16,3,Aleksandar Vukic,Andrea Vavassori,6-2 7-6(5),87,336,693,147
Auckland,ATP 250,2026/01/15,Hard,QF,3,Marcos Giron,Luciano Darderi,1-6 7-5 6-4,60,24,895,1579
Adelaide,ATP 250,2026/01/15,Hard,QF,3,Tomas Machac,Jaume Munar,6-4 6-4,35,38,1360,1295
Adelaide,ATP 250,2026/01/15,Hard,QF,3,Tommy Paul,Aleksandar Vukic,6-3 6-2,21,87,2000,693
Adelaide,ATP 250,2026/01/15,Hard,QF,3,Ugo Humbert,Alexander Shevchenko,6-0 6-3,36,104,1355,597
Adelaide,ATP 250,2026/01/15,Hard,QF,3,Alejandro Davidovich Fokina,Valentin Vacherot,7-6(4) 6-2,15,32,2585,1469
Auckland,ATP 250,2026/01/16,Hard,QF,3,Sebastian Baez,Ben Shelton,7-5 6-3,39,8,1250,3960
Auckland,ATP 250,2026/01/16,Hard,QF,3,Jakub Mensik,Giovanni Mpetshi Perricard,6-4 6-2,18,63,2125,865
Auckland,ATP 250,2026/01/16,Hard,QF,3,Fabian Marozsan,Eliot Spizzirri,6-4 2-6 6-2,52,89,975,672
Auckland,ATP 250,2026/01/16,Hard,SF,3,Jakub Mensik,Fabian Marozsan,7-6(9) 4-6 6-1,18,52,2125,975
Auckland,ATP 250,2026/01/16,Hard,SF,3,Sebastian Baez,Marcos Giron,6-1 6-4,39,60,1250,895
Adelaide,ATP 250,2026/01/16,Hard,SF,3,Tomas Machac,Tommy Paul,2-6 6-3 6-3,35,21,1360,2000
Adelaide,ATP 250,2026/01/16,Hard,SF,3,Ugo Humbert,Alejandro Davidovich Fokina,6-3 5-7 7-6(4),36,15,1355,2585
Auckland,ATP 250,2026/01/17,Hard,F,3,Jakub Mensik,Sebastian Baez,6-3 7-6(7),18,39,2125,1250
Adelaide,ATP 250,2026/01/17,Hard,F,3,Tomas Machac,Ugo Humbert,6-4 6-7(2) 6-2,35,36,1360,1355
Australian Open,Grand Slam,2026/01/18,Hard,R128,5,Arthur Fery,Flavio Cobolli,7-6(1) 6-4 6-1,186,22,316,1955
Australian Open,Grand Slam,2026/01/18,Hard,R128,5,Corentin Moutet,Tristan Schoolkate,6-4 7-6(1) 6-3,37,98,1383,641
Australian Open,Grand Slam,2026/01/18,Hard,R128,5,Tomas Martin Etcheverry,Miomir Kecmanovic,6-2 3-6 4-6 6-3 6-4,62,60,895,910
Australian Open,Grand Slam,2026/01/18,Hard,R128,5,Francisco Cerundolo,Zhizhen Zhang,6-3 7-6(0) 6-3,21,368,2035,130
Australian Open,Grand Slam,2026/01/18,Hard,R128,5,Alexander Zverev,Gabriel Diallo,6-7(1) 6-1 6-4 6-2,3,41,5105,1215
Australian Open,Grand Slam,2026/01/18,Hard,R128,5,Francisco Comesana,Patrick Kypson,6-2 6-3 3-6 6-3,68,116,829,527
Australian Open,Grand Slam,2026/01/18,Hard,R128,5,Damir Dzumhur,Liam Draxl,7-5 6-0 6-4,66,145,837,429
Australian Open,Grand Slam,2026/01/18,Hard,R128,5,Emilio Nava,Kyrian Jacquet,6-2 7-5 6-7(5) 4-6 7-6(6),89,128,683,477
Australian Open,Grand Slam,2026/01/18,Hard,R128,5,Frances Tiafoe,Jason Kubler,7-6(4) 6-3 6-2,34,194,1500,305
Australian Open,Grand Slam,2026/01/18,Hard,R128,5,Jaime Faria,Alexander Blockx,6-3 3-6 6-3 6-4,151,96,413,653
Australian Open,Grand Slam,2026/01/18,Hard,R128,5,Marton Fucsovics,Camilo Ugo Carabelli,7-6(5) 6-1 6-2,54,49,967,1028
Australian Open,Grand Slam,2026/01/18,Hard,R128,5,Michael Zheng,Sebastian Korda,6-4 6-4 3-6 6-7(0) 6-3,174,53,337,975
Australian Open,Grand Slam,2026/01/18,Hard,R128,5,Alexander Bublik,Jenson Brooksby,6-4 6-4 6-4,10,48,3065,1042
Australian Open,Grand Slam,2026/01/18,Hard,R128,5,Yannick Hanfmann,Zachary Svajda,7-5 4-6 6-4 7-6(3),102,143,611,431
Australian Open,Grand Slam,2026/01/18,Hard,R128,5,Cameron Norrie,Benjamin Bonzi,6-0 6-7(2) 4-6 6-3 6-4,27,106,1553,566
Australian Open,Grand Slam,2026/01/18,Hard,R128,5,Carlos Alcaraz,Adam Walton,6-3 7-6(2) 6-2,1,79,12050,727
Australian Open,Grand Slam,2026/01/19,Hard,R128,5,Quentin Halys,Alejandro Tabilo,6-2 6-2 7-6(2),83,79,725,737
Australian Open,Grand Slam,2026/01/19,Hard,R128,5,Nuno Borges,Felix Auger Aliassime,3-6 6-4 6-4 RET,46,8,1070,3990
Australian Open,Grand Slam,2026/01/19,Hard,R128,5,Daniil Medvedev,Jesper De Jong,7-5 6-2 7-6(2),12,73,2910,763
Australian Open,Grand Slam,2026/01/19,Hard,R128,5,Tommy Paul,Aleksandar Kovacevic,6-4 6-3 6-3,20,56,2050,964
Australian Open,Grand Slam,2026/01/19,Hard,R128,5,Hamad Medjedovic,Mariano Navone,6-2 6-7(3) 6-4 6-2,90,74,681,760
Australian Open,Grand Slam,2026/01/19,Hard,R128,5,Reilly Opelka,Nicolai Budkov Kjaer,6-4 6-3 6-4,63,135,873,446
Australian Open,Grand Slam,2026/01/19,Hard,R128,5,Alexander Shevchenko,Elias Ymer,3-6 7-5 6-4 6-1,97,175,650,337
Australian Open,Grand Slam,2026/01/19,Hard,R128,5,Alex De Minaur,Mackenzie Mcdonald,6-2 6-2 6-3,6,113,4080,546
Australian Open,Grand Slam,2026/01/19,Hard,R128,5,Andrey Rublev,Matteo Arnaldi,6-4 6-2 6-3,15,65,2600,858
Australian Open,Grand Slam,2026/01/19,Hard,R128,5,Alejandro Davidovich Fokina,Filip Misolic,6-2 6-3 6-3,14,84,2635,725
Australian Open,Grand Slam,2026/01/19,Hard,R128,5,Fabian Marozsan,Arthur Rinderknech,6-3 6-4 6-7(2) 6-4,47,28,1065,1551
Australian Open,Grand Slam,2026/01/19,Hard,R128,5,Learner Tien,Marcos Giron,7-6(2) 4-6 3-6 7-6(3) 6-2,29,51,1540,985
Australian Open,Grand Slam,2026/01/19,Hard,R128,5,Marin Cilic,Daniel Altmaier,6-0 6-0 7-6(3),70,44,790,1123
Australian Open,Grand Slam,2026/01/19,Hard,R128,5,Juncheng Shang,Roberto Bautista Agut,6-4 6-7(2) 6-4 6-0,318,91,165,670
Australian Open,Grand Slam,2026/01/19,Hard,R128,5,Jordan Thompson,Juan Manuel Cerundolo,6-7(3) 7-5 6-1 6-1,111,87,548,700
Australian Open,Grand Slam,2026/01/19,Hard,R128,5,Thiago Agustin Tirante,Aleksandar Vukic,7-5 6-2 6-2,103,78,605,746
Australian Open,Grand Slam,2026/01/19,Hard,R128,5,Denis Shapovalov,Yunchaokete Bu,6-3 7-6(3) 6-1,23,120,1650,499
Australian Open,Grand Slam,2026/01/19,Hard,R128,5,Botic Van De Zandschulp,Brandon Nakashima,6-3 4-6 7-6(1) 7-6(3),75,30,759,1535
Australian Open,Grand Slam,2026/01/19,Hard,R128,5,Rinky Hijikata,Adrian Mannarino,6-3 6-3 6-1,114,69,542,810
Australian Open,Grand Slam,2026/01/19,Hard,R128,5,Francesco Maestrelli,Terence Atmane,6-4 3-6 6-7(4) 6-1 6-1,141,64,436,862
Australian Open,Grand Slam,2026/01/19,Hard,R128,5,Kamil Majchrzak,Jacob Fearnley,7-6(2) 7-5 3-6 7-6(3),59,77,918,752
Australian Open,Grand Slam,2026/01/19,Hard,R128,5,Stan Wawrinka,Laslo Djere,5-7 6-3 6-4 7-6(4),139,92,437,659
Australian Open,Grand Slam,2026/01/19,Hard,R128,5,Novak Djokovic,Pedro Martinez,6-3 6-2 6-2,4,71,4780,768
Australian Open,Grand Slam,2026/01/19,Hard,R128,5,Casper Ruud,Mattia Bellucci,6-1 6-2 6-4,13,76,2795,758
Australian Open,Grand Slam,2026/01/19,Hard,R128,5,Arthur Gea,Jiri Lehecka,7-5 7-6(1) 7-5,198,19,300,2090
Australian Open,Grand Slam,2026/01/19,Hard,R128,5,Valentin Vacherot,Martin Damm,6-4 6-4 6-4,31,177,1519,333
Australian Open,Grand Slam,2026/01/19,Hard,R128,5,Jaume Munar,Dalibor Svrcina,3-6 6-2 6-7(5) 7-5 6-3,39,95,1335,655
Australian Open,Grand Slam,2026/01/19,Hard,R128,5,Alexandre Muller,Alexei Popyrin,2-6 6-3 3-6 7-6(5) 7-6(4),52,50,980,1000
Australian Open,Grand Slam,2026/01/20,Hard,R128,5,Lorenzo Musetti,Raphael Collignon,4-6 7-6(3) 7-5 3-2 RET,5,72,4105,767
Australian Open,Grand Slam,2026/01/20,Hard,R128,5,Ben Shelton,Ugo Humbert,6-3 7-6(2) 7-6(5),7,33,4000,1510
Australian Open,Grand Slam,2026/01/20,Hard,R128,5,Karen Khachanov,Alex Michelsen,4-6 6-4 6-3 5-7 6-3,18,38,2320,1350
Australian Open,Grand Slam,2026/01/20,Hard,R128,5,Jakub Mensik,Pablo Carreno Busta,7-5 4-6 2-6 7-6(1) 6-3,17,94,2345,656
Australian Open,Grand Slam,2026/01/20,Hard,R128,5,Luciano Darderi,Cristian Garin,7-6(5) 7-5 7-6(3),25,82,1599,726
Australian Open,Grand Slam,2026/01/20,Hard,R128,5,Ethan Quinn,Tallon Griekspoor,6-2 6-3 6-2,80,26,733,1565
Australian Open,Grand Slam,2026/01/20,Hard,R128,5,Eliot Spizzirri,Joao Fonseca,6-4 2-6 6-1 6-2,85,32,725,1510
Australian Open,Grand Slam,2026/01/20,Hard,R128,5,Sebastian Baez,Giovanni Mpetshi Perricard,6-4 6-4 3-6 5-7 6-3,36,61,1390,905
Australian Open,Grand Slam,2026/01/20,Hard,R128,5,Nishesh Basavareddy,Christopher O'connell,4-6 7-6(7) 6-7(3) 6-2 6-3,242,118,230,521
Australian Open,Grand Slam,2026/01/20,Hard,R128,5,Lorenzo Sonego,Carlos Taberner,6-4 6-0 6-3,40,99,1240,630
Australian Open,Grand Slam,2026/01/20,Hard,R128,5,Yibing Wu,Luca Nardi,7-5 4-6 6-4 6-2,168,108,347,561
Australian Open,Grand Slam,2026/01/20,Hard,R128,5,Dane Sweeny,Gael Monfils,6-7(3) 7-5 6-4 7-5,182,110,325,550
Australian Open,Grand Slam,2026/01/20,Hard,R128,5,Rafael Jodar,Rei Sakamoto,7-6(6) 6-1 5-7 4-6 6-3,150,203,418,292
Australian Open,Grand Slam,2026/01/20,Hard,R128,5,Jannik Sinner,Hugo Gaston,6-2 6-1 RET,2,93,11500,656
Australian Open,Grand Slam,2026/01/20,Hard,R128,5,Taylor Fritz,Valentin Royer,7-6(5) 5-7 6-1 6-3,9,58,3840,924
Australian Open,Grand Slam,2026/01/20,Hard,R128,5,Hubert Hurkacz,Zizou Bergs,6-7(6) 7-6(6) 6-3 6-3,55,43,965,1170
Australian Open,Grand Slam,2026/01/20,Hard,R128,5,Vit Kopriva,Jan Lennard Struff,4-6 6-2 2-6 6-3 6-1,101,86,626,706
Australian Open,Grand Slam,2026/01/20,Hard,R128,5,Tomas Machac,Grigor Dimitrov,6-4 6-4 6-3,24,45,1610,1105
Australian Open,Grand Slam,2026/01/20,Hard,R128,5,Stefanos Tsitsipas,Shintaro Mochizuki,4-6 6-3 6-2 6-2,35,112,1455,547
Australian Open,Grand Slam,2026/01/20,Hard,R128,5,James Duckworth,Dino Prizmic,7-6(4) 3-6 1-6 7-5 6-3,88,127,694,481
Australian Open,Grand Slam,2026/01/21,Hard,R64,5,Francisco Cerundolo,Damir Dzumhur,6-3 6-2 6-1,21,66,2035,837
Australian Open,Grand Slam,2026/01/21,Hard,R64,5,Tommy Paul,Thiago Agustin Tirante,6-3 6-4 6-2,20,103,2050,605
Australian Open,Grand Slam,2026/01/21,Hard,R64,5,Andrey Rublev,Jaime Faria,6-4 6-3 4-6 7-5,15,151,2600,413
Australian Open,Grand Slam,2026/01/21,Hard,R64,5,Fabian Marozsan,Kamil Majchrzak,6-3 6-4 7-6(5),47,59,1065,918
Australian Open,Grand Slam,2026/01/21,Hard,R64,5,Daniil Medvedev,Quentin Halys,6-7(9) 6-3 6-4 6-2,12,83,2910,725
Australian Open,Grand Slam,2026/01/21,Hard,R64,5,Tomas Martin Etcheverry,Arthur Fery,7-6(4) 6-1 6-3,62,186,895,316
Australian Open,Grand Slam,2026/01/21,Hard,R64,5,Carlos Alcaraz,Yannick Hanfmann,7-6(4) 6-4 6-3,1,102,12050,611
Australian Open,Grand Slam,2026/01/21,Hard,R64,5,Alexander Bublik,Marton Fucsovics,7-5 6-4 7-5,10,54,3065,967
Australian Open,Grand Slam,2026/01/21,Hard,R64,5,Alejandro Davidovich Fokina,Reilly Opelka,6-3 7-6(3) 5-7 4-6 6-4,14,63,2635,873
Australian Open,Grand Slam,2026/01/21,Hard,R64,5,Learner Tien,Alexander Shevchenko,6-2 5-7 6-1 6-0,29,97,1540,650
Australian Open,Grand Slam,2026/01/21,Hard,R64,5,Corentin Moutet,Michael Zheng,3-6 6-1 6-3 2-0 RET,37,174,1383,337
Australian Open,Grand Slam,2026/01/21,Hard,R64,5,Nuno Borges,Jordan Thompson,6-7(9) 6-3 6-2 6-4,46,111,1070,548
Australian Open,Grand Slam,2026/01/21,Hard,R64,5,Alexander Zverev,Alexandre Muller,6-3 4-6 6-3 6-4,3,52,5105,980
Australian Open,Grand Slam,2026/01/21,Hard,R64,5,Alex De Minaur,Hamad Medjedovic,6-7(5) 6-2 6-2 6-1,6,90,4080,681
Australian Open,Grand Slam,2026/01/21,Hard,R64,5,Cameron Norrie,Emilio Nava,6-1 7-6(3) 4-6 7-6(5),27,89,1553,683
Australian Open,Grand Slam,2026/01/21,Hard,R64,5,Frances Tiafoe,Francisco Comesana,6-4 6-3 4-6 6-2,34,68,1500,829
Australian Open,Grand Slam,2026/01/22,Hard,R64,5,Karen Khachanov,Nishesh Basavareddy,6-1 6-4 6-3,18,242,2320,230
Australian Open,Grand Slam,2026/01/22,Hard,R64,5,Jakub Mensik,Rafael Jodar,6-2 6-4 6-4,17,150,2345,418
Australian Open,Grand Slam,2026/01/22,Hard,R64,5,Novak Djokovic,Francesco Maestrelli,6-3 6-2 6-2,4,141,4780,436
Australian Open,Grand Slam,2026/01/22,Hard,R64,5,Lorenzo Musetti,Lorenzo Sonego,6-3 6-3 6-4,5,40,4105,1240
Australian Open,Grand Slam,2026/01/22,Hard,R64,5,Ben Shelton,Dane Sweeny,6-3 6-2 6-2,7,182,4000,325
Australian Open,Grand Slam,2026/01/22,Hard,R64,5,Luciano Darderi,Sebastian Baez,6-3 1-6 6-4 6-3,25,36,1599,1390
Australian Open,Grand Slam,2026/01/22,Hard,R64,5,Valentin Vacherot,Rinky Hijikata,6-1 6-3 4-6 6-2,31,114,1519,542
Australian Open,Grand Slam,2026/01/22,Hard,R64,5,Ethan Quinn,Hubert Hurkacz,6-4 7-6(5) 6-1,80,55,733,965
Australian Open,Grand Slam,2026/01/22,Hard,R64,5,Eliot Spizzirri,Yibing Wu,6-2 6-4 6-7(4) 4-6 6-3,85,168,725,347
Australian Open,Grand Slam,2026/01/22,Hard,R64,5,Botic Van De Zandschulp,Juncheng Shang,7-6(6) 6-2 6-3,75,318,759,165
Australian Open,Grand Slam,2026/01/22,Hard,R64,5,Marin Cilic,Denis Shapovalov,6-4 6-3 6-2,70,23,790,1650
Australian Open,Grand Slam,2026/01/22,Hard,R64,5,Jannik Sinner,James Duckworth,6-1 6-4 6-2,2,88,11500,694
Australian Open,Grand Slam,2026/01/22,Hard,R64,5,Tomas Machac,Stefanos Tsitsipas,6-4 3-6 7-6(5) 7-6(5),24,35,1610,1455
Australian Open,Grand Slam,2026/01/22,Hard,R64,5,Stan Wawrinka,Arthur Gea,4-6 6-3 3-6 7-5 7-6(3),139,198,437,300
Australian Open,Grand Slam,2026/01/22,Hard,R64,5,Taylor Fritz,Vit Kopriva,6-1 6-4 7-6(4),9,101,3840,626
Australian Open,Grand Slam,2026/01/22,Hard,R64,5,Casper Ruud,Jaume Munar,6-3 7-5 6-4,13,39,2795,1335
Australian Open,Grand Slam,2026/01/23,Hard,R32,5,Learner Tien,Nuno Borges,7-6(9) 6-4 6-2,29,46,1540,1070
Australian Open,Grand Slam,2026/01/23,Hard,R32,5,Daniil Medvedev,Fabian Marozsan,6-7(5) 4-6 7-5 6-0 6-3,12,47,2910,1065
Australian Open,Grand Slam,2026/01/23,Hard,R32,5,Tommy Paul,Alejandro Davidovich Fokina,6-1 6-1 RET,20,14,2050,2635
Australian Open,Grand Slam,2026/01/23,Hard,R32,5,Carlos Alcaraz,Corentin Moutet,6-2 6-4 6-1,1,37,12050,1383
Australian Open,Grand Slam,2026/01/23,Hard,R32,5,Alexander Zverev,Cameron Norrie,7-5 4-6 6-3 6-1,3,27,5105,1553
Australian Open,Grand Slam,2026/01/23,Hard,R32,5,Alex De Minaur,Frances Tiafoe,6-3 6-4 7-5,6,34,4080,1500
Australian Open,Grand Slam,2026/01/23,Hard,R32,5,Francisco Cerundolo,Andrey Rublev,6-3 7-6(4) 6-3,21,15,2035,2600
Australian Open,Grand Slam,2026/01/23,Hard,R32,5,Alexander Bublik,Tomas Martin Etcheverry,7-6(4) 7-6(5) 6-4,10,62,3065,895
Australian Open,Grand Slam,2026/01/24,Hard,R32,5,Luciano Darderi,Karen Khachanov,7-6(5) 3-6 6-3 6-4,25,18,1599,2320
Australian Open,Grand Slam,2026/01/24,Hard,R32,5,Lorenzo Musetti,Tomas Machac,5-7 6-4 6-2 5-7 6-2,5,24,4105,1610
Australian Open,Grand Slam,2026/01/24,Hard,R32,5,Jannik Sinner,Eliot Spizzirri,4-6 6-3 6-4 6-4,2,85,11500,725
Australian Open,Grand Slam,2026/01/24,Hard,R32,5,Ben Shelton,Valentin Vacherot,6-4 6-4 7-6(5),7,31,4000,1519
Australian Open,Grand Slam,2026/01/24,Hard,R32,5,Taylor Fritz,Stan Wawrinka,7-6(5) 2-6 6-4 6-4,9,139,3840,437
Australian Open,Grand Slam,2026/01/24,Hard,R32,5,Novak Djokovic,Botic Van De Zandschulp,6-3 6-4 7-6(4),4,75,4780,759
Australian Open,Grand Slam,2026/01/24,Hard,R32,5,Jakub Mensik,Ethan Quinn,6-2 7-6(5) 7-6(5),17,80,2345,733
Australian Open,Grand Slam,2026/01/24,Hard,R32,5,Casper Ruud,Marin Cilic,6-4 6-4 3-6 7-5,13,70,2795,790
Australian Open,Grand Slam,2026/01/25,Hard,R16,5,Carlos Alcaraz,Tommy Paul,7-6(6) 6-4 7-5,1,20,12050,2050
Australian Open,Grand Slam,2026/01/25,Hard,R16,5,Alexander Zverev,Francisco Cerundolo,6-2 6-4 6-4,3,21,5105,2035
Australian Open,Grand Slam,2026/01/25,Hard,R16,5,Alex De Minaur,Alexander Bublik,6-4 6-1 6-1,6,10,4080,3065
Australian Open,Grand Slam,2026/01/25,Hard,R16,5,Learner Tien,Daniil Medvedev,6-4 6-0 6-3,29,12,1540,2910
Australian Open,Grand Slam,2026/01/26,Hard,R16,5,Lorenzo Musetti,Taylor Fritz,6-2 7-5 6-4,5,9,4105,3840
Australian Open,Grand Slam,2026/01/26,Hard,R16,5,Jannik Sinner,Luciano Darderi,6-1 6-3 7-6(2),2,25,11500,1599
Australian Open,Grand Slam,2026/01/28,Hard,R16,5,Novak Djokovic,Jakub Mensik,W/O,4,17,4780,2345
Australian Open,Grand Slam,2026/01/26,Hard,R16,5,Ben Shelton,Casper Ruud,3-6 6-4 6-3 6-4,7,13,4000,2795
Australian Open,Grand Slam,2026/01/27,Hard,QF,5,Alexander Zverev,Learner Tien,6-3 6-7(5) 6-1 7-6(3),3,29,5105,1540
Australian Open,Grand Slam,2026/01/27,Hard,QF,5,Carlos Alcaraz,Alex De Minaur,7-5 6-2 6-1,1,6,12050,4080
Australian Open,Grand Slam,2026/01/28,Hard,QF,5,Novak Djokovic,Lorenzo Musetti,4-6 3-6 3-1 RET,4,5,4780,4105
Australian Open,Grand Slam,2026/01/28,Hard,QF,5,Jannik Sinner,Ben Shelton,6-3 6-4 6-4,2,7,11500,4000
Australian Open,Grand Slam,2026/01/30,Hard,SF,5,Carlos Alcaraz,Alexander Zverev,6-4 7-6(5) 6-7(3) 6-7(4) 7-5,1,3,12050,5105
Australian Open,Grand Slam,2026/01/30,Hard,SF,5,Novak Djokovic,Jannik Sinner,3-6 6-3 4-6 6-4 6-4,4,2,4780,11500
Australian Open,Grand Slam,2026/02/01,Hard,F,5,Carlos Alcaraz,Novak Djokovic,2-6 6-2 6-3 7-5,1,4,12050,4780
Montpellier,ATP 250,2026/02/02,Hard,R32,3,Roberto Bautista Agut,Christopher O'connell,5-7 6-3 7-5,89,119,670,511
Montpellier,ATP 250,2026/02/02,Hard,R32,3,Arthur Gea,Giovanni Mpetshi Perricard,6-3 RET,168,57,353,905
Montpellier,ATP 250,2026/02/02,Hard,R32,3,Adrian Mannarino,Pedro Martinez,7-6(3) 6-1,70,77,810,728
Montpellier,ATP 250,2026/02/03,Hard,R32,3,Ugo Humbert,Botic Van De Zandschulp,6-3 6-4,38,67,1320,849
Montpellier,ATP 250,2026/02/03,Hard,R32,3,Arthur Fils,Valentin Royer,7-6(7) 6-7(4) 6-2,42,56,1110,920
Montpellier,ATP 250,2026/02/03,Hard,R32,3,Martin Damm,Hubert Hurkacz,7-6(5) 6-4,160,52,373,965
Montpellier,ATP 250,2026/02/03,Hard,R32,3,Ugo Blanchet,Andrea Vavassori,6-4 6-3,174,282,343,185
Montpellier,ATP 250,2026/02/03,Hard,R32,3,Pablo Carreno Busta,Miomir Kecmanovic,4-6 6-3 7-6(4),100,69,616,820
Montpellier,ATP 250,2026/02/03,Hard,R32,3,Titouan Droguet,Jan Choinski,6-2 7-6(2),150,125,403,498
Montpellier,ATP 250,2026/02/04,Hard,R16,3,Arthur Gea,Tomas Machac,6-3 4-5 RET,168,28,353,1610
Montpellier,ATP 250,2026/02/04,Hard,R16,3,Adrian Mannarino,Ugo Humbert,6-7(4) 6-3 7-6(4),70,38,810,1320
Montpellier,ATP 250,2026/02/04,Hard,R16,3,Martin Damm,Roberto Bautista Agut,6-1 6-3,160,89,373,670
Montpellier,ATP 250,2026/02/04,Hard,R32,3,Aleksandar Kovacevic,Moise Kouame,6-7(5) 6-2 6-2,83,552,709,70
Montpellier,ATP 250,2026/02/04,Hard,R32,3,Luca Nardi,Nikoloz Basilashvili,6-3 6-3,106,137,571,464
Montpellier,ATP 250,2026/02/04,Hard,R32,3,Stan Wawrinka,Hamad Medjedovic,7-6(3) 6-4,113,80,537,717
Montpellier,ATP 250,2026/02/05,Hard,R16,3,Felix Auger Aliassime,Stan Wawrinka,6-4 7-6(3),8,113,3725,537
Montpellier,ATP 250,2026/02/05,Hard,R16,3,Luca Nardi,Flavio Cobolli,6-2 6-3,106,20,571,1955
Montpellier,ATP 250,2026/02/05,Hard,R16,3,Tallon Griekspoor,Pablo Carreno Busta,6-4 6-4,29,100,1565,616
Montpellier,ATP 250,2026/02/05,Hard,R16,3,Titouan Droguet,Aleksandar Kovacevic,4-6 7-6(5) 6-4,150,83,403,709
Montpellier,ATP 250,2026/02/05,Hard,R16,3,Arthur Fils,Ugo Blanchet,7-6(4) 7-5,42,174,1110,343
Montpellier,ATP 250,2026/02/07,Hard,QF,3,Titouan Droguet,Tallon Griekspoor,7-6(5) 7-6(1),150,29,403,1565
Montpellier,ATP 250,2026/02/07,Hard,QF,3,Felix Auger Aliassime,Arthur Fils,6-4 6-2,8,42,3725,1110
Montpellier,ATP 250,2026/02/07,Hard,QF,3,Martin Damm,Luca Nardi,6-3 7-6(8),160,106,373,571
Montpellier,ATP 250,2026/02/07,Hard,QF,3,Adrian Mannarino,Arthur Gea,5-7 6-4 6-4,70,168,810,353
Montpellier,ATP 250,2026/02/08,Hard,SF,3,Felix Auger Aliassime,Titouan Droguet,6-4 6-7(5) 6-1,8,150,3725,403
Montpellier,ATP 250,2026/02/08,Hard,SF,3,Adrian Mannarino,Martin Damm,1-6 6-3 6-4,70,160,810,373
Montpellier,ATP 250,2026/02/08,Hard,F,3,Felix Auger Aliassime,Adrian Mannarino,6-3 7-6(4),8,70,3725,810
Davis Cup Wg1 Po: Chn Vs Por,D,2026/02/06,Hard,RR,3,Henrique Rocha,Yunchaokete Bu,6-4 6-4,157,139,379,449
Davis Cup Wg1 Po: Chn Vs Por,D,2026/02/06,Hard,RR,3,Yibing Wu,Nuno Borges,6-1 7-6(3),144,45,427,1070
Davis Cup Wg1 Po: Chn Vs Por,D,2026/02/06,Hard,RR,3,Zhizhen Zhang,Nuno Borges,7-5 6-4,367,45,130,1070
Davis Cup Qls R1: Nor Vs Gbr,D,2026/02/05,Hard,RR,3,Cameron Norrie,Nicolai Budkov Kjaer,6-4 6-4,26,133,1643,476
Davis Cup Qls R1: Nor Vs Gbr,D,2026/02/05,Hard,RR,3,Jack Draper,Viktor Durasovic,6-2 6-2,13,313,2790,164
Davis Cup Qls R1: Nor Vs Gbr,D,2026/02/06,Hard,RR,3,Jacob Fearnley,Nicolai Budkov Kjaer,3-6 6-3 [10-7],90,133,668,476
Davis Cup Qls R1: Can Vs Bra,D,2026/02/06,Hard,RR,3,Gustavo Heide,Gabriel Diallo,7-6(4) 3-6 7-6(3),253,39,215,1175
Davis Cup Qls R1: Can Vs Bra,D,2026/02/06,Hard,RR,3,Liam Draxl,Joao Lucas Reis Da Silva,6-3 6-3,146,207,422,291
Davis Cup Qls R1: Can Vs Bra,D,2026/02/06,Hard,RR,3,Liam Draxl,Gustavo Heide,6-3 6-4,146,253,422,215
Davis Cup Qls R1: Can Vs Bra,D,2026/02/06,Hard,RR,3,Gabriel Diallo,Matheus Pucinelli De Almeida,3-6 6-1 7-6(4),39,292,1175,180
Davis Cup Qls R1: Chi Vs Srb,D,2026/02/06,Clay,RR,3,Alejandro Tabilo,Ognjen Milic,6-7(3) 6-2 6-4,73,462,774,95
Davis Cup Qls R1: Chi Vs Srb,D,2026/02/06,Clay,RR,3,Tomas Barrios Vera,Dusan Lajovic,7-5 7-6(7),112,123,546,503
Davis Cup Qls R1: Chi Vs Srb,D,2026/02/06,Clay,RR,3,Matias Soto,Branko Djuric,6-7(2) 7-6(4) [10-7],323,489,157,87
Davis Cup Wg1 Po: Par Vs Rou,D,2026/02/06,Clay,RR,3,Adolfo Daniel Vallejo,Gabriel Ghetu,6-1 6-4,104,714,580,45
Davis Cup Wg1 Po: Par Vs Rou,D,2026/02/06,Clay,RR,3,Radu David Turcanu,Alex Santino Nunez Vera,6-1 3-6 7-6(2),667,112,51,546
Davis Cup Wg1 Po: Par Vs Rou,D,2026/02/06,Clay,RR,3,Adolfo Daniel Vallejo,Stefan Palosi,6-1 6-2,104,445,580,104
Davis Cup Qls R1: Cro Vs Den,D,2026/02/06,Hard,RR,3,Elmer Moller,Matej Dodig,6-4 7-6(3),120,235,509,244
Davis Cup Qls R1: Cro Vs Den,D,2026/02/06,Hard,RR,3,Dino Prizmic,August Holmgren,5-7 6-0 6-2,121,199,507,303
Davis Cup Qls R1: Cro Vs Den,D,2026/02/06,Hard,RR,3,Dino Prizmic,Elmer Moller,7-6(5) 7-6(2),121,120,507,509
Davis Cup Qls R1: Ger Vs Per,D,2026/02/06,Hard,RR,3,Yannick Hanfmann,Gonzalo Bueno,6-4 6-4,93,217,653,265
Davis Cup Qls R1: Ger Vs Per,D,2026/02/06,Hard,RR,3,Jan Lennard Struff,Juan Pablo Varillas,6-4 6-2,84,284,706,184
Davis Cup Qls R1: Ger Vs Per,D,2026/02/06,Hard,RR,3,Justin Engel,Gonzalo Bueno,6-3 6-7(4) [10-6],196,217,309,265
Davis Cup Wg1 Po: Slo Vs Tur,D,2026/02/06,Clay,RR,3,Yanki Erel,Bor Artnak,7-6(2) 6-1,436,467,107,94
Davis Cup Wg1 Po: Slo Vs Tur,D,2026/02/06,Clay,RR,3,Mert Alkaya,Sebastian Dominko,7-5 7-6(4),376,1069,126,13
Davis Cup Wg1 Po: Slo Vs Tur,D,2026/02/06,Clay,RR,3,Filip Jeff Planinsek,Kaan Isik Kosaner,6-7(4) 6-1 [10-4],578,,65,
Davis Cup Wg1 Po: Sui Vs Tun,D,2026/02/06,Hard,RR,3,Leandro Riedi,Alaa Trifi,6-1 6-0,171,1171,348,10
Davis Cup Wg1 Po: Sui Vs Tun,D,2026/02/06,Hard,RR,3,Jerome Kym,Moez Echargui,7-6(2) 6-4,142,192,434,315
Davis Cup Wg1 Po: Sui Vs Tun,D,2026/02/06,Hard,RR,3,Mika Brunold,Aziz Ouakaa,6-2 6-2,453,621,98,58
Davis Cup Wg1 Po: Isr Vs Ltu,D,2026/02/06,Hard,RR,3,Vilius Gaubas,Ofek Shimanov,6-0 6-4,126,1210,495,8
Davis Cup Wg1 Po: Isr Vs Ltu,D,2026/02/06,Hard,RR,3,Edas Butvilas,Amit Vales,7-6(3) 6-0,248,876,223,26
Davis Cup Wg1 Po: Isr Vs Ltu,D,2026/02/06,Hard,RR,3,Vilius Gaubas,Amit Vales,6-1 3-6 6-2,126,876,495,26
Davis Cup Wg1 Po: Kaz Vs Mon,D,2026/02/06,Hard,RR,3,Alexander Bublik,Hugo Nys,6-0 6-3,10,,3235,
Davis Cup Wg1 Po: Kaz Vs Mon,D,2026/02/06,Hard,RR,3,Valentin Vacherot,Alexander Shevchenko,6-0 6-3,27,10,1611,3235
Davis Cup Wg1 Po: Kaz Vs Mon,D,2026/02/06,Hard,RR,3,Valentin Vacherot,Alexander Bublik,7-6(4) 7-6(7),27,10,1611,3235
Davis Cup Qls R1: Jpn Vs Aut,D,2026/02/06,Hard,RR,3,Jurij Rodionov,Shintaro Mochizuki,6-4 7-5,170,108,350,551
Davis Cup Qls R1: Jpn Vs Aut,D,2026/02/06,Hard,RR,3,Yosuke Watanuki,Sebastian Ofner,6-3 6-4,166,135,356,471
Davis Cup Qls R1: Jpn Vs Aut,D,2026/02/06,Hard,RR,3,Lukas Neumayer,Shintaro Mochizuki,6-3 6-3,223,108,255,551
Davis Cup Qls R1: Jpn Vs Aut,D,2026/02/06,Hard,RR,3,Jurij Rodionov,Yoshihito Nishioka,5-7 6-1 6-0,170,131,350,486
Davis Cup Qls R1: Ecu Vs Aus,D,2026/02/06,Clay,RR,3,Andres Andrade,James Duckworth,3-6 6-3 7-5,257,86,211,694
Davis Cup Qls R1: Ecu Vs Aus,D,2026/02/06,Clay,RR,3,Alvaro Guillen Meza,Rinky Hijikata,6-4 1-6 6-4,201,103,298,584
Davis Cup Qls R1: Ecu Vs Aus,D,2026/02/06,Clay,,3,Jason Kubler,Emilio Camacho,6-4 6-2,179,,339,
Davis Cup Wg1 Po: Gre Vs Mex,D,2026/02/06,Hard,RR,3,Rodrigo Pacheco Mendez,Stefanos Sakellaridis,6-2 4-6 6-3,222,275,256,193
Davis Cup Wg1 Po: Gre Vs Mex,D,2026/02/06,Hard,RR,3,Stefanos Tsitsipas,Alan Magadan,6-3 7-6(1),33,818,1495,32
Davis Cup Wg1 Po: Gre Vs Mex,D,2026/02/06,Hard,RR,3,Stefanos Tsitsipas,Rodrigo Pacheco Mendez,6-1 7-5,33,222,1495,256
Davis Cup Qls R1: Hun Vs Usa,D,2026/02/06,Clay,RR,3,Ethan Quinn,Fabian Marozsan,3-6 6-3 7-6(11),68,46,820,1065
Davis Cup Qls R1: Hun Vs Usa,D,2026/02/06,Clay,RR,3,Tommy Paul,Zsombor Piros,7-6(3) 6-3,22,176,1850,341
Davis Cup Qls R1: Hun Vs Usa,D,2026/02/06,Clay,RR,3,Emilio Nava,Matyas Fuele,6-2 6-3,82,781,710,35
Davis Cup Qls R1: Bul Vs Bel,D,2026/02/06,Clay,RR,3,Alexander Blockx,Iliyan Radulov,6-7(3) 6-3 6-3,105,663,579,51
Davis Cup Qls R1: Bul Vs Bel,D,2026/02/06,Clay,RR,3,Raphael Collignon,Alexander Vasilev,6-3 6-3,72,1025,777,15
Davis Cup Qls R1: Bul Vs Bel,D,2026/02/06,Clay,RR,3,Raphael Collignon,Ivan Ivanov,6-2 6-2,72,780,777,35
Davis Cup Wg1 Po: Lux Vs Ukr,D,2026/02/06,Hard,RR,3,Alex Knaff,Vladyslav Orlov,7-6(2) 6-2,,499,,84
Davis Cup Wg1 Po: Lux Vs Ukr,D,2026/02/06,Hard,RR,3,Chris Rodesch,Oleksii Krutykh,6-3 6-1,138,569,456,67
Davis Cup Wg1 Po: Lux Vs Ukr,D,2026/02/06,Hard,RR,3,Oleksandr Ovcharenko,Raphael Calzi,6-4 6-4,498,,84,
Davis Cup Qls R1: Cze Vs Swe,D,2026/02/06,Hard,RR,3,Dalibor Svrcina,Olle Wallin,6-1 6-3,96,408,643,116
Davis Cup Qls R1: Cze Vs Swe,D,2026/02/06,Hard,RR,3,Jiri Lehecka,Dragos Nicolae Madaras,6-3 6-4,21,576,1900,65
Davis Cup Qls R1: Cze Vs Swe,D,2026/02/06,Hard,RR,3,Olle Wallin,Maxim Mrva,6-4 7-6(1),408,324,116,156
Davis Cup Qls R1: Ind Vs Ned,D,2026/02/06,Hard,RR,3,Dhakshineswar Suresh,Jesper De Jong,6-4 7-5,465,88,94,673
Davis Cup Qls R1: Ind Vs Ned,D,2026/02/06,Hard,RR,3,Guy Den Ouden,Sumit Nagal,6-0 4-6 6-3,162,281,371,186
Davis Cup Qls R1: Ind Vs Ned,D,2026/02/06,Hard,RR,3,Dhakshineswar Suresh,Guy Den Ouden,6-4 7-6(4),465,162,94,371
Davis Cup Qls R1: Ind Vs Ned,D,2026/02/06,Hard,RR,3,Jesper De Jong,Sumit Nagal,5-7 6-1 6-4,88,281,673,186
Davis Cup Qls R1: Fra Vs Svk,D,2026/02/06,Hard,RR,3,Alex Molcan,Alexandre Muller,6-4 6-4,200,49,302,1020
Davis Cup Qls R1: Fra Vs Svk,D,2026/02/06,Hard,RR,3,Arthur Rinderknech,Norbert Gombos,7-6(1) 7-6(6),31,300,1542,175
Davis Cup Qls R1: Fra Vs Svk,D,2026/02/06,Hard,RR,3,Arthur Rinderknech,Alex Molcan,7-5 7-6(6),31,200,1542,302
Davis Cup Wg1 Po: Mar Vs Col,D,2026/02/06,Clay,RR,3,Nicolas Mejia,Taha Baadi,6-3 6-2,177,582,341,65
Davis Cup Wg1 Po: Mar Vs Col,D,2026/02/06,Clay,RR,3,Reda Bennani,Adria Soriano Barrera,7-6(4) 7-5,556,390,69,120
Davis Cup Wg1 Po: Mar Vs Col,D,2026/02/06,Clay,RR,3,Nicolas Mejia,Reda Bennani,6-1 4-6 6-2,177,556,341,69
Davis Cup Wg1 Po: Egy Vs Pol,D,2026/02/06,Clay,RR,3,Maks Kasnikowski,Michael Bassem Sobhy,6-1 7-6(7),416,690,113,48
Davis Cup Wg1 Po: Egy Vs Pol,D,2026/02/06,Clay,RR,3,Karol Filar,Faris Zakaria,6-2 6-0,624,,57,
Davis Cup Wg1 Po: Egy Vs Pol,D,2026/02/06,Clay,RR,3,Filip Pieczonka,Karim Ibrahim,7-5 6-2,1066,1045,13,15
Davis Cup Wg1 Po: Fin Vs Hkg,D,2026/02/06,Hard,RR,3,Coleman Wong,Eero Vasa,6-4 6-2,136,476,466,91
Davis Cup Wg1 Po: Fin Vs Hkg,D,2026/02/06,Hard,RR,3,Otto Virtanen,Siu Chi Nicholas Cheng,6-0 6-1,116,262,513,205
Davis Cup Wg1 Po: Fin Vs Hkg,D,2026/02/06,Hard,RR,3,Otto Virtanen,Coleman Wong,7-5 6-2,116,136,513,466
Davis Cup Qls R1: Kor Vs Arg,D,2026/02/06,Hard,RR,3,Soonwoo Kwon,Marco Trungelliti,7-6(6) 6-2,343,134,142,472
Davis Cup Qls R1: Kor Vs Arg,D,2026/02/06,Hard,RR,3,Thiago Agustin Tirante,Hyeon Chung,2-6 7-5 7-6(5),95,392,647,120
Davis Cup Qls R1: Kor Vs Arg,D,2026/02/06,Hard,RR,3,Soonwoo Kwon,Thiago Agustin Tirante,6-4 4-6 6-3,343,95,142,647
Davis Cup Qls R1: Kor Vs Arg,D,2026/02/06,Hard,RR,3,Hyeon Chung,Marco Trungelliti,6-4 6-3,392,134,120,472
Davis Cup Wg1 Po: Tpe Vs Lbn,D,2026/02/06,Hard,RR,3,Tung Lin Wu,Hady Habib,6-3 6-2,373,341,127,143
Davis Cup Wg1 Po: Tpe Vs Lbn,D,2026/02/06,Hard,RR,3,Benjamin Hassan,Tsung Hao Huang,6-4 6-4,259,490,208,87
Davis Cup Wg1 Po: Tpe Vs Lbn,D,2026/02/06,Hard,RR,3,Tung Lin Wu,Benjamin Hassan,6-3 6-4,373,259,127,208
Davis Cup Wg1 Po: Nzl Vs Bih,D,2026/02/06,Hard,RR,3,Mirza Basic,James Watt,6-2 7-6(5),491,650,86,53
Davis Cup Wg1 Po: Nzl Vs Bih,D,2026/02/06,Hard,RR,3,Andrej Nedic,Anton Shepp,6-4 4-6 7-5,285,906,184,23
Davis Cup Wg1 Po: Nzl Vs Bih,D,2026/02/06,Hard,RR,3,Anton Shepp,Mirza Basic,6-2 6-4,906,491,23,86
Davis Cup Wg1 Po: Nzl Vs Bih,D,2026/02/06,Hard,RR,3,James Watt,Andrej Nedic,6-3 7-6(4),650,285,53,184
Rotterdam,ATP 500,2026/02/09,Hard,R32,3,Botic Van De Zandschulp,Luka Pavlovic,7-6(5) 6-3,65,219,849,262
Rotterdam,ATP 500,2026/02/09,Hard,R32,3,Ugo Humbert,Daniil Medvedev,7-6(4) 3-6 6-3,36,11,1335,3060
Rotterdam,ATP 500,2026/02/09,Hard,R32,3,Cameron Norrie,Roberto Bautista Agut,7-6(3) 6-1,26,85,1603,685
Rotterdam,ATP 500,2026/02/09,Hard,R32,3,Christopher O'connell,Valentin Royer,6-4 4-6 7-6(4),119,57,511,897
Dallas,ATP 500,2026/02/09,Hard,R32,3,Brandon Nakashima,Mattia Bellucci,6-3 6-4,29,107,1535,553
Buenos Aires,ATP 250,2026/02/09,Clay,R32,3,Pedro Martinez,Lautaro Midon,6-4 6-1,94,229,636,245
Buenos Aires,ATP 250,2026/02/09,Clay,R32,3,Hugo Dellien,Damir Dzumhur,6-4 6-1,167,62,355,877
Rotterdam,ATP 500,2026/02/10,Hard,R32,3,Jaume Munar,Nicolai Budkov Kjaer,6-1 6-3,37,132,1185,476
Dallas,ATP 500,2026/02/10,Hard,R32,3,Sebastian Korda,Michael Zheng,6-3 6-4,53,151,960,414
Dallas,ATP 500,2026/02/10,Hard,R32,3,Alejandro Davidovich Fokina,Zachary Svajda,6-4 7-6(1),14,110,2535,551
Dallas,ATP 500,2026/02/10,Hard,R32,3,Frances Tiafoe,Terence Atmane,4-6 6-2 6-2,30,64,1510,849
Buenos Aires,ATP 250,2026/02/10,Clay,R32,3,Tomas Martin Etcheverry,Andrea Pellegrino,6-3 6-4,54,145,945,434
Buenos Aires,ATP 250,2026/02/10,Clay,R32,3,Vit Kopriva,Alex Barrena,6-4 3-6 6-4,95,180,632,336
Rotterdam,ATP 500,2026/02/10,Hard,R32,3,Alex De Minaur,Arthur Fils,7-6(3) 6-2,8,42,3835,1110
Rotterdam,ATP 500,2026/02/10,Hard,R32,3,Tallon Griekspoor,Giovanni Mpetshi Perricard,6-4 6-4,27,56,1585,905
Rotterdam,ATP 500,2026/02/10,Hard,R32,3,Quentin Halys,Mees Rottgering,3-6 6-1 6-1,77,614,725,59
Rotterdam,ATP 500,2026/02/10,Hard,R32,3,Jan Lennard Struff,Hugo Grenier,6-0 6-4,82,188,706,323
Dallas,ATP 500,2026/02/10,Hard,R32,3,Miomir Kecmanovic,Sho Shimabukuro,6-7(3) 6-3 7-6(3),66,144,820,441
Dallas,ATP 500,2026/02/10,Hard,R32,3,Marin Cilic,Learner Tien,7-5 7-6(4),61,23,890,1710
Buenos Aires,ATP 250,2026/02/10,Clay,R32,3,Roman Andres Burruchaga,Laslo Djere,6-2 6-4,104,91,568,651
Buenos Aires,ATP 250,2026/02/10,Clay,R32,3,Juan Manuel Cerundolo,Daniel Altmaier,6-2 6-2,80,51,717,995
Buenos Aires,ATP 250,2026/02/10,Clay,R32,3,Tomas Barrios Vera,Thiago Seyboth Wild,4-6 6-5 RET,114,197,546,305
Buenos Aires,ATP 250,2026/02/10,Clay,R32,3,Alejandro Tabilo,Facundo Diaz Acosta,7-6(5) 6-3,71,285,774,182
Rotterdam,ATP 500,2026/02/11,Hard,R32,3,Hamad Medjedovic,Zizou Bergs,7-6(5) 7-6(5),79,39,717,1170
Dallas,ATP 500,2026/02/11,Hard,R32,3,Denis Shapovalov,Rafael Jodar,6-1 6-2,40,124,1160,498
Dallas,ATP 500,2026/02/11,Hard,R32,3,Taylor Fritz,Marcos Giron,6-4 5-7 7-6(1),7,59,3940,895
Dallas,ATP 500,2026/02/11,Hard,R32,3,Ben Shelton,Gabriel Diallo,6-4 6-4,9,38,3560,1175
Dallas,ATP 500,2026/02/11,Hard,R32,3,Jack Pinnington Jones,Flavio Cobolli,6-2 6-2,181,20,331,1955
Dallas,ATP 500,2026/02/11,Hard,R32,3,Aleksandar Kovacevic,Patrick Kypson,6-4 7-6(1),78,109,721,552
Dallas,ATP 500,2026/02/11,Hard,R32,3,Alex Michelsen,Grigor Dimitrov,5-7 6-4 6-4,41,43,1160,1105
Buenos Aires,ATP 250,2026/02/11,Clay,R32,3,Camilo Ugo Carabelli,Francisco Comesana,6-4 7-6(3),47,63,1028,869
Buenos Aires,ATP 250,2026/02/11,Clay,R32,3,Matteo Berrettini,Federico Coria,7-5 7-5,58,322,895,156
Buenos Aires,ATP 250,2026/02/11,Clay,R32,3,Ignacio Buse,Francesco Passaro,5-7 7-5 6-4,96,159,623,376
Rotterdam,ATP 500,2026/02/11,Hard,R32,3,Stan Wawrinka,Thijs Boogaard,6-3 6-4,106,1048,562,17
Rotterdam,ATP 500,2026/02/11,Hard,R16,3,Christopher O'connell,Cameron Norrie,7-6(9) 6-4,119,26,511,1603
Rotterdam,ATP 500,2026/02/11,Hard,R32,3,Alexander Bublik,Hubert Hurkacz,6-7(2) 7-6(1) 7-5,10,70,3235,775
Rotterdam,ATP 500,2026/02/11,Hard,R32,3,Karen Khachanov,Jesper De Jong,3-6 6-4 7-5,18,86,2320,673
Rotterdam,ATP 500,2026/02/11,Hard,R32,3,Stefanos Tsitsipas,Arthur Rinderknech,7-5 6-3,32,28,1445,1542
Buenos Aires,ATP 250,2026/02/11,Clay,R32,3,Mariano Navone,Emilio Nava,6-2 6-1,73,81,760,710
Rotterdam,ATP 500,2026/02/11,Hard,R32,3,Guy Den Ouden,Marton Fucsovics,7-6(5) 6-1,169,49,355,1009
Rotterdam,ATP 500,2026/02/12,Hard,R16,3,Tallon Griekspoor,Quentin Halys,7-5 7-6(11),27,77,1585,725
Rotterdam,ATP 500,2026/02/12,Hard,R32,3,Felix Auger Aliassime,Alexei Popyrin,7-5 6-3,6,50,3950,1000
Dallas,ATP 500,2026/02/12,Hard,R16,3,Sebastian Korda,Frances Tiafoe,7-5 6-1,53,30,960,1510
Dallas,ATP 500,2026/02/12,Hard,R16,3,Taylor Fritz,Brandon Nakashima,6-3 6-4,7,29,3940,1535
Dallas,ATP 500,2026/02/12,Hard,R16,3,Alejandro Davidovich Fokina,Alex Michelsen,6-4 6-4,14,41,2535,1160
Dallas,ATP 500,2026/02/12,Hard,R32,3,Tommy Paul,Jenson Brooksby,4-6 6-4 7-6(4),24,45,1700,1042
Dallas,ATP 500,2026/02/12,Hard,R32,3,Adrian Mannarino,Adam Walton,6-4 6-2,52,93,975,643
Dallas,ATP 500,2026/02/12,Hard,R32,3,Ethan Quinn,Trevor Svajda,7-6(3) 7-5,74,363,758,131
Dallas,ATP 500,2026/02/12,Hard,R32,3,Eliot Spizzirri,James Duckworth,6-2 6-4,68,83,781,691
Buenos Aires,ATP 250,2026/02/12,Clay,R16,3,Francisco Cerundolo,Hugo Dellien,6-0 7-6(6),19,167,2135,355
Buenos Aires,ATP 250,2026/02/12,Clay,R16,3,Alejandro Tabilo,Joao Fonseca,6-3 3-6 7-5,71,33,774,1440
Buenos Aires,ATP 250,2026/02/12,Clay,R16,3,Tomas Martin Etcheverry,Roman Andres Burruchaga,7-6(5) 6-7(3) 6-4,54,104,945,568
Buenos Aires,ATP 250,2026/02/12,Clay,R16,3,Vit Kopriva,Matteo Berrettini,6-4 6-3,95,58,632,895
Rotterdam,ATP 500,2026/02/12,Hard,R16,3,Alex De Minaur,Stan Wawrinka,6-4 6-2,8,106,3835,562
Rotterdam,ATP 500,2026/02/12,Hard,R16,3,Jaume Munar,Karen Khachanov,7-6(8) 3-6 6-3,37,18,1185,2320
Rotterdam,ATP 500,2026/02/12,Hard,R16,3,Ugo Humbert,Guy Den Ouden,6-4 6-3,36,169,1335,355
Rotterdam,ATP 500,2026/02/12,Hard,R16,3,Botic Van De Zandschulp,Stefanos Tsitsipas,6-4 7-6(4),65,32,849,1445
Buenos Aires,ATP 250,2026/02/12,Clay,R16,3,Luciano Darderi,Tomas Barrios Vera,6-1 6-3,22,114,1789,546
Rotterdam,ATP 500,2026/02/13,Hard,R16,3,Alexander Bublik,Jan Lennard Struff,7-6(2) 4-6 6-3,10,82,3235,706
Rotterdam,ATP 500,2026/02/13,Hard,R16,3,Felix Auger Aliassime,Hamad Medjedovic,6-4 6-4,6,79,3950,717
Dallas,ATP 500,2026/02/13,Hard,R16,3,Ben Shelton,Adrian Mannarino,7-6(2) 6-7(4) 6-3,9,52,3560,975
Dallas,ATP 500,2026/02/13,Hard,R16,3,Denis Shapovalov,Aleksandar Kovacevic,6-4 6-4,40,78,1160,721
Dallas,ATP 500,2026/02/13,Hard,R16,3,Marin Cilic,Ethan Quinn,7-6(4) 6-3,61,74,890,758
Dallas,ATP 500,2026/02/13,Hard,R16,3,Jack Pinnington Jones,Eliot Spizzirri,7-6(5) 4-6 7-6(4),181,68,331,781
Buenos Aires,ATP 250,2026/02/13,Clay,R16,3,Camilo Ugo Carabelli,Mariano Navone,6-2 7-5,47,73,1028,760
Buenos Aires,ATP 250,2026/02/13,Clay,R16,3,Sebastian Baez,Ignacio Buse,6-4 6-3,34,96,1420,623
Buenos Aires,ATP 250,2026/02/13,Clay,R16,3,Pedro Martinez,Juan Manuel Cerundolo,7-6(5) 6-4,94,80,636,717
Rotterdam,ATP 500,2026/02/13,Hard,QF,3,Alex De Minaur,Botic Van De Zandschulp,3-6 7-6(4) 7-5,8,65,3835,849
Rotterdam,ATP 500,2026/02/13,Hard,QF,3,Ugo Humbert,Christopher O'connell,6-4 6-1,36,119,1335,511
Dallas,ATP 500,2026/02/13,Hard,R16,3,Miomir Kecmanovic,Tommy Paul,5-7 6-4 6-4,66,24,820,1700
Buenos Aires,ATP 250,2026/02/13,Clay,QF,3,Tomas Martin Etcheverry,Alejandro Tabilo,1-6 6-3 6-4,54,71,945,774
Rotterdam,ATP 500,2026/02/13,Hard,QF,3,Felix Auger Aliassime,Tallon Griekspoor,7-6(2) 6-2,6,27,3950,1585
Dallas,ATP 500,2026/02/13,Hard,QF,3,Taylor Fritz,Sebastian Korda,6-7(2) 6-4 7-6(5),7,53,3940,960
Dallas,ATP 500,2026/02/13,Hard,QF,3,Marin Cilic,Jack Pinnington Jones,6-1 6-4,61,181,890,331
Buenos Aires,ATP 250,2026/02/13,Clay,QF,3,Francisco Cerundolo,Vit Kopriva,6-4 6-3,19,95,2135,632
Rotterdam,ATP 500,2026/02/14,Hard,QF,3,Alexander Bublik,Jaume Munar,6-4 6-7(4) 7-6(3),10,37,3235,1185
Dallas,ATP 500,2026/02/14,Hard,QF,3,Ben Shelton,Miomir Kecmanovic,5-7 6-3 6-4,9,66,3560,820
Dallas,ATP 500,2026/02/14,Hard,QF,3,Denis Shapovalov,Alejandro Davidovich Fokina,5-7 6-4 6-3,40,14,1160,2535
Buenos Aires,ATP 250,2026/02/14,Clay,QF,3,Luciano Darderi,Pedro Martinez,7-5 6-1,22,94,1789,636
Buenos Aires,ATP 250,2026/02/14,Clay,QF,3,Sebastian Baez,Camilo Ugo Carabelli,7-6(5) 6-2,34,47,1420,1028
Rotterdam,ATP 500,2026/02/14,Hard,SF,3,Alex De Minaur,Ugo Humbert,6-4 6-3,8,36,3835,1335
Rotterdam,ATP 500,2026/02/15,Hard,SF,3,Felix Auger Aliassime,Alexander Bublik,6-1 6-2,6,10,3950,3235
Dallas,ATP 500,2026/02/15,Hard,SF,3,Taylor Fritz,Marin Cilic,7-6(5) 7-6(3),7,61,3940,890
Dallas,ATP 500,2026/02/15,Hard,SF,3,Ben Shelton,Denis Shapovalov,4-6 6-4 7-6(4),9,40,3560,1160
Buenos Aires,ATP 250,2026/02/15,Clay,SF,3,Francisco Cerundolo,Tomas Martin Etcheverry,6-3 7-5,19,54,2135,945
Buenos Aires,ATP 250,2026/02/15,Clay,SF,3,Luciano Darderi,Sebastian Baez,7-6(2) 6-1,22,34,1789,1420
Rotterdam,ATP 500,2026/02/15,Hard,F,3,Alex De Minaur,Felix Auger Aliassime,6-3 6-2,8,6,3835,3950
Dallas,ATP 500,2026/02/15,Hard,F,3,Ben Shelton,Taylor Fritz,3-6 6-3 7-5,9,7,3560,3940
Buenos Aires,ATP 250,2026/02/15,Clay,F,3,Francisco Cerundolo,Luciano Darderi,6-4 6-2,19,22,2135,1789
Doha,ATP 500,2026/02/16,Hard,R32,3,Valentin Royer,Pierre Hugues Herbert,6-0 6-3,60,190,897,313
Doha,ATP 500,2026/02/16,Hard,R32,3,Alexei Popyrin,Mubarak Shannan Zayid,6-0 6-2,53,,1000,
Doha,ATP 500,2026/02/16,Hard,R32,3,Jannik Sinner,Tomas Machac,6-1 6-4,2,31,10300,1510
Doha,ATP 500,2026/02/16,Hard,R32,3,Jakub Mensik,Jan Choinski,6-7(6) 6-2 6-4,16,124,2425,498
Doha,ATP 500,2026/02/16,Hard,R32,3,Arthur Fils,Kamil Majchrzak,6-7(5) 6-3 6-4,40,56,1110,920
Doha,ATP 500,2026/02/16,Hard,R32,3,Daniil Medvedev,Juncheng Shang,6-4 6-2,11,261,3010,205
Delray Beach,ATP 250,2026/02/16,Hard,R32,3,Alex Michelsen,Valentin Vacherot,7-6(4) 6-4,41,26,1110,1605
Delray Beach,ATP 250,2026/02/16,Hard,R32,3,Terence Atmane,Patrick Kypson,6-3 2-6 6-4,66,105,833,565
Delray Beach,ATP 250,2026/02/16,Hard,R32,3,Coleman Wong,Nuno Borges,7-6(5) 4-6 6-3,137,45,458,1070
Rio De Janeiro,ATP 500,2026/02/16,Clay,R32,3,Thiago Agustin Tirante,Cristian Garin,7-5 6-3,92,89,647,656
Delray Beach,ATP 250,2026/02/17,Hard,R32,3,Frances Tiafoe,Rinky Hijikata,6-4 6-4,28,113,1550,546
Delray Beach,ATP 250,2026/02/17,Hard,R32,3,Marcos Giron,Sho Shimabukuro,6-3 7-5,64,135,855,466
Rio De Janeiro,ATP 500,2026/02/17,Clay,R32,3,Yannick Hanfmann,Joao Lucas Reis Da Silva,7-6(3) 6-4,90,207,653,291
Rio De Janeiro,ATP 500,2026/02/17,Clay,R32,3,Dusan Lajovic,Daniel Altmaier,6-4 7-6(7),129,54,485,961
Rio De Janeiro,ATP 500,2026/02/17,Clay,R32,3,Ignacio Buse,Igor Marcondes,4-6 7-5 6-4,91,348,648,138
Rio De Janeiro,ATP 500,2026/02/17,Clay,R32,3,Vit Kopriva,Gustavo Heide,6-2 7-6(5),87,258,660,207
Rio De Janeiro,ATP 500,2026/02/17,Clay,R32,3,Alejandro Tabilo,Emilio Nava,6-3 6-3,68,76,808,710
Doha,ATP 500,2026/02/17,Hard,R32,3,Carlos Alcaraz,Arthur Rinderknech,6-4 7-6(5),1,30,13150,1530
Doha,ATP 500,2026/02/17,Hard,R32,3,Karen Khachanov,Shintaro Mochizuki,6-1 3-6 6-4,17,117,2360,525
Doha,ATP 500,2026/02/17,Hard,R32,3,Jiri Lehecka,Jenson Brooksby,6-3 6-3,22,47,1860,1042
Doha,ATP 500,2026/02/17,Hard,R32,3,Zizou Bergs,Giovanni Mpetshi Perricard,6-3 6-7(5) 6-4,44,58,1080,905
Doha,ATP 500,2026/02/17,Hard,R32,3,Marton Fucsovics,Hady Habib,6-3 6-3,61,334,891,143
Doha,ATP 500,2026/02/17,Hard,R32,3,Quentin Halys,Pablo Carreno Busta,4-6 7-5 6-3,72,123,762,504
Doha,ATP 500,2026/02/17,Hard,R32,3,Fabian Marozsan,Ugo Humbert,6-3 6-1,48,36,1040,1285
Doha,ATP 500,2026/02/17,Hard,R32,3,Stefanos Tsitsipas,Moez Echargui,6-4 6-4,33,139,1485,449
Doha,ATP 500,2026/02/17,Hard,R32,3,Zhizhen Zhang,Roberto Carballes Baena,6-4 6-4,319,175,155,350
Doha,ATP 500,2026/02/18,Hard,R32,3,Andrey Rublev,Jesper De Jong,6-4 6-3,14,86,2510,665
Delray Beach,ATP 250,2026/02/18,Hard,R32,3,Miomir Kecmanovic,Mattia Bellucci,6-1 6-4,83,109,670,553
Delray Beach,ATP 250,2026/02/18,Hard,R32,3,Brandon Nakashima,Marin Cilic,7-6(4) 7-6(5),29,43,1535,1090
Delray Beach,ATP 250,2026/02/18,Hard,R32,3,Rafael Jodar,Ethan Quinn,6-2 6-3,118,70,523,776
Delray Beach,ATP 250,2026/02/18,Hard,R32,3,Sebastian Korda,Mackenzie Mcdonald,6-4 7-5,50,116,1020,535
Delray Beach,ATP 250,2026/02/18,Hard,R32,3,Zachary Svajda,Aleksandar Kovacevic,7-6(4) 6-3,106,75,563,746
Delray Beach,ATP 250,2026/02/18,Hard,R32,3,Adam Walton,Gabriel Diallo,7-6(4) 6-3,93,39,643,1175
Rio De Janeiro,ATP 500,2026/02/18,Clay,R32,3,Joao Fonseca,Thiago Monteiro,7-6(1) 6-1,38,208,1190,290
Rio De Janeiro,ATP 500,2026/02/18,Clay,R32,3,Francisco Cerundolo,Mariano Navone,6-3 6-4,19,74,2220,750
Rio De Janeiro,ATP 500,2026/02/18,Clay,R32,3,Juan Manuel Cerundolo,Luciano Darderi,6-1 3-6 6-4,78,21,706,1904
Rio De Janeiro,ATP 500,2026/02/18,Clay,R32,3,Roman Andres Burruchaga,Camilo Ugo Carabelli,6-3 6-4,102,46,580,1068
Rio De Janeiro,ATP 500,2026/02/18,Clay,R32,3,Tomas Martin Etcheverry,Francisco Comesana,3-6 6-3 6-4,51,63,1020,869
Rio De Janeiro,ATP 500,2026/02/18,Clay,R32,3,Matteo Berrettini,Tomas Barrios Vera,7-6(1) 7-5,57,107,910,563
Rio De Janeiro,ATP 500,2026/02/18,Clay,R32,3,Francesco Passaro,Dino Prizmic,6-3 6-4,163,122,376,507
Delray Beach,ATP 250,2026/02/18,Hard,R32,3,Tommy Paul,Corentin Moutet,4-6 6-3 6-4,24,34,1700,1383
Rio De Janeiro,ATP 500,2026/02/18,Clay,R32,3,Jaime Faria,Sebastian Baez,7-5 6-1,147,32,425,1495
Rio De Janeiro,ATP 500,2026/02/18,Clay,R32,3,Damir Dzumhur,Pedro Martinez,0-6 7-6(5) 6-4,62,101,877,586
Rio De Janeiro,ATP 500,2026/02/18,Clay,R32,3,Vilius Gaubas,Luis Guto Miguel,6-3 2-6 6-2,126,1593,490,3
Doha,ATP 500,2026/02/18,Hard,R16,3,Carlos Alcaraz,Valentin Royer,6-2 7-5,1,60,13150,897
Doha,ATP 500,2026/02/18,Hard,R16,3,Jannik Sinner,Alexei Popyrin,6-3 7-5,2,53,10300,1000
Doha,ATP 500,2026/02/18,Hard,R16,3,Stefanos Tsitsipas,Daniil Medvedev,6-3 6-4,33,11,1485,3010
Doha,ATP 500,2026/02/18,Hard,R16,3,Andrey Rublev,Fabian Marozsan,6-2 6-4,14,48,2510,1040
Doha,ATP 500,2026/02/18,Hard,R16,3,Jakub Mensik,Zhizhen Zhang,6-3 6-2,16,319,2425,155
Doha,ATP 500,2026/02/18,Hard,R16,3,Karen Khachanov,Marton Fucsovics,6-2 4-6 6-4,17,61,2360,891
Doha,ATP 500,2026/02/18,Hard,R16,3,Jiri Lehecka,Zizou Bergs,6-2 6-1,22,44,1860,1080
Doha,ATP 500,2026/02/18,Hard,R16,3,Arthur Fils,Quentin Halys,6-1 7-6(7),40,72,1110,762
Delray Beach,ATP 250,2026/02/18,Hard,R16,3,Coleman Wong,Brandon Nakashima,6-4 7-6(4),137,29,458,1535
Delray Beach,ATP 250,2026/02/18,Hard,R16,3,Flavio Cobolli,Terence Atmane,7-5 6-4,20,66,1955,833
Rio De Janeiro,ATP 500,2026/02/18,Clay,R16,3,Thiago Agustin Tirante,Francisco Cerundolo,6-2 3-1 RET,92,19,647,2220
Rio De Janeiro,ATP 500,2026/02/18,Clay,R16,3,Juan Manuel Cerundolo,Yannick Hanfmann,6-4 6-7(1) 6-4,78,90,706,653
Rio De Janeiro,ATP 500,2026/02/18,Clay,R16,3,Vit Kopriva,Roman Andres Burruchaga,6-3 6-1,87,102,660,580
Delray Beach,ATP 250,2026/02/19,Hard,R16,3,Casper Ruud,Marcos Giron,4-6 7-6(6) 6-4,13,64,2625,855
Delray Beach,ATP 250,2026/02/19,Hard,R16,3,Sebastian Korda,Alex Michelsen,6-3 7-6(6),50,41,1020,1110
Rio De Janeiro,ATP 500,2026/02/19,Clay,R16,3,Alejandro Tabilo,Francesco Passaro,4-6 7-6(0) 6-2,68,163,808,376
Doha,ATP 500,2026/02/19,Hard,QF,3,Arthur Fils,Jiri Lehecka,6-3 6-3,40,22,1110,1860
Doha,ATP 500,2026/02/19,Hard,QF,3,Andrey Rublev,Stefanos Tsitsipas,6-3 7-6(2),14,33,2510,1485
Doha,ATP 500,2026/02/19,Hard,QF,3,Carlos Alcaraz,Karen Khachanov,6-7(3) 6-4 6-3,1,17,13150,2360
Doha,ATP 500,2026/02/19,Hard,QF,3,Jakub Mensik,Jannik Sinner,7-6(3) 2-6 6-3,16,2,2425,10300
Delray Beach,ATP 250,2026/02/19,Hard,R16,3,Learner Tien,Miomir Kecmanovic,6-4 6-7(4) 7-6(5),23,83,1710,670
Rio De Janeiro,ATP 500,2026/02/19,Clay,R16,3,Jaime Faria,Damir Dzumhur,7-6(1) 6-4,147,62,425,877
Delray Beach,ATP 250,2026/02/20,Hard,R16,3,Taylor Fritz,Rafael Jodar,7-6(4) 6-4,8,118,4220,523
Delray Beach,ATP 250,2026/02/20,Hard,R16,3,Tommy Paul,Adam Walton,7-6(11) 6-3,24,93,1700,643
Delray Beach,ATP 250,2026/02/20,Hard,R16,3,Frances Tiafoe,Zachary Svajda,6-4 3-6 7-5,28,106,1550,563
Rio De Janeiro,ATP 500,2026/02/20,Clay,R16,3,Ignacio Buse,Joao Fonseca,5-7 6-3 6-4,91,38,648,1190
Rio De Janeiro,ATP 500,2026/02/20,Clay,R16,3,Tomas Martin Etcheverry,Vilius Gaubas,7-6(1) 6-4,51,126,1020,490
Rio De Janeiro,ATP 500,2026/02/20,Clay,R16,3,Matteo Berrettini,Dusan Lajovic,3-6 6-4 6-2,57,129,910,485
Doha,ATP 500,2026/02/20,Hard,SF,3,Carlos Alcaraz,Andrey Rublev,7-6(3) 6-4,1,14,13150,2510
Doha,ATP 500,2026/02/20,Hard,SF,3,Arthur Fils,Jakub Mensik,6-4 7-6(4),40,16,1110,2425
Delray Beach,ATP 250,2026/02/20,Hard,QF,3,Flavio Cobolli,Coleman Wong,7-5 6-7(7) 6-2,20,137,1955,458
Rio De Janeiro,ATP 500,2026/02/20,Clay,QF,3,Vit Kopriva,Juan Manuel Cerundolo,6-4 6-4,87,78,660,706
Delray Beach,ATP 250,2026/02/21,Hard,QF,3,Tommy Paul,Taylor Fritz,6-4 6-3,24,8,1700,4220
Delray Beach,ATP 250,2026/02/21,Hard,QF,3,Sebastian Korda,Casper Ruud,4-6 6-2 6-2,50,13,1020,2625
Delray Beach,ATP 250,2026/02/21,Hard,QF,3,Learner Tien,Frances Tiafoe,7-6(5) 3-6 7-5,23,28,1710,1550
Rio De Janeiro,ATP 500,2026/02/21,Clay,QF,3,Alejandro Tabilo,Thiago Agustin Tirante,7-6(2) 6-7(6) 6-1,68,92,808,647
Rio De Janeiro,ATP 500,2026/02/21,Clay,QF,3,Tomas Martin Etcheverry,Jaime Faria,7-6(4) 6-4,51,147,1020,425
Rio De Janeiro,ATP 500,2026/02/21,Clay,QF,3,Ignacio Buse,Matteo Berrettini,6-3 2-6 6-3,91,57,648,910
Doha,ATP 500,2026/02/21,Hard,F,3,Carlos Alcaraz,Arthur Fils,6-2 6-1,1,40,13150,1110
Delray Beach,ATP 250,2026/02/22,Hard,SF,3,Sebastian Korda,Flavio Cobolli,7-6(1) 6-1,50,20,1020,1955
Delray Beach,ATP 250,2026/02/22,Hard,SF,3,Tommy Paul,Learner Tien,4-6 6-4 6-3,24,23,1700,1710
Rio De Janeiro,ATP 500,2026/02/22,Clay,SF,3,Tomas Martin Etcheverry,Vit Kopriva,4-6 7-6(2) 7-6(4),51,87,1020,660
Rio De Janeiro,ATP 500,2026/02/22,Clay,SF,3,Alejandro Tabilo,Ignacio Buse,6-3 6-3,68,91,808,648
Delray Beach,ATP 250,2026/02/22,Hard,F,3,Sebastian Korda,Tommy Paul,6-4 6-3,50,24,1020,1700
Rio De Janeiro,ATP 500,2026/02/23,Clay,F,3,Tomas Martin Etcheverry,Alejandro Tabilo,3-6 7-6(3) 6-4,51,68,1020,808
Dubai,ATP 500,2026/02/23,Hard,R32,3,Giovanni Mpetshi Perricard,Moez Echargui,7-6(3) 6-7(3) 7-6(4),58,139,905,449
Dubai,ATP 500,2026/02/23,Hard,R32,3,Stan Wawrinka,Benjamin Hassan,7-5 6-3,99,289,599,180
Dubai,ATP 500,2026/02/23,Hard,R32,3,Felix Auger Aliassime,Zhizhen Zhang,6-3 7-6(4),8,263,4080,205
Santiago,ATP 250,2026/02/23,Clay,R32,3,Yannick Hanfmann,Dusan Lajovic,6-0 6-3,81,116,695,541
Dubai,ATP 500,2026/02/23,Hard,R32,3,Jack Draper,Quentin Halys,7-6(8) 6-3,15,68,2460,800
Santiago,ATP 250,2026/02/23,Clay,R32,3,Andrea Pellegrino,Alex Barrena,6-2 2-6 6-1,137,183,447,336
Acapulco,ATP 500,2026/02/24,Hard,R32,3,Rafael Jodar,Cameron Norrie,6-3 6-2,114,26,548,1603
Acapulco,ATP 500,2026/02/24,Hard,R32,3,Patrick Kypson,Alex De Minaur,6-1 6-7(4) 7-6(4),103,6,565,4235
Acapulco,ATP 500,2026/02/24,Hard,R32,3,Alejandro Davidovich Fokina,Daniel Altmaier,7-5 6-3,14,53,2470,961
Acapulco,ATP 500,2026/02/24,Hard,R32,3,Valentin Vacherot,Coleman Wong,4-6 6-3 6-2,27,125,1591,515
Acapulco,ATP 500,2026/02/24,Hard,R32,3,Miomir Kecmanovic,Tristan Schoolkate,6-2 6-2,84,108,685,556
Acapulco,ATP 500,2026/02/24,Hard,R32,3,Aleksandar Kovacevic,Adam Walton,7-6(1) 7-6(3),75,87,746,669
Acapulco,ATP 500,2026/02/24,Hard,R32,3,Brandon Nakashima,Elias Ymer,6-3 6-4,29,190,1535,328
Santiago,ATP 250,2026/02/24,Clay,R32,3,Dino Prizmic,Nicolas Jarry,6-3 5-7 6-2,120,155,529,391
Santiago,ATP 250,2026/02/24,Clay,R32,3,Francisco Comesana,Pedro Martinez,6-4 2-6 7-6(4),82,101,694,586
Dubai,ATP 500,2026/02/24,Hard,R32,3,Jenson Brooksby,Zizou Bergs,6-3 6-4,49,46,1042,1080
Dubai,ATP 500,2026/02/24,Hard,R32,3,Daniil Medvedev,Juncheng Shang,6-1 6-3,11,262,2960,205
Dubai,ATP 500,2026/02/24,Hard,R32,3,Pablo Carreno Busta,Denis Shapovalov,6-2 6-4,124,36,516,1350
Dubai,ATP 500,2026/02/24,Hard,R32,3,Alexander Bublik,Jan Lennard Struff,6-3 6-4,10,80,3405,706
Dubai,ATP 500,2026/02/24,Hard,R32,3,Karen Khachanov,Alexander Shevchenko,6-7(5) 6-2 6-3,16,92,2450,656
Dubai,ATP 500,2026/02/24,Hard,R32,3,Jiri Lehecka,Luca Nardi,4-6 6-4 6-2,24,109,1760,554
Dubai,ATP 500,2026/02/24,Hard,R32,3,Tallon Griekspoor,Otto Virtanen,6-3 6-4,25,131,1655,475
Dubai,ATP 500,2026/02/24,Hard,R32,3,Ugo Humbert,Stefanos Tsitsipas,6-4 7-5,37,30,1285,1535
Dubai,ATP 500,2026/02/24,Hard,R32,3,Arthur Rinderknech,Fabian Marozsan,3-6 6-3 6-4,31,50,1530,1040
Dubai,ATP 500,2026/02/24,Hard,R32,3,Andrey Rublev,Valentin Royer,6-3 6-4,18,54,2210,935
Dubai,ATP 500,2026/02/24,Hard,R32,3,Jakub Mensik,Hubert Hurkacz,6-4 7-6(7),13,73,2595,775
Dubai,ATP 500,2026/02/24,Hard,R32,3,Alexei Popyrin,Kamil Majchrzak,3-6 6-3 7-5,47,56,1050,920
Santiago,ATP 250,2026/02/24,Clay,R32,3,Vilius Gaubas,Matias Soto,6-2 6-3,107,316,558,157
Santiago,ATP 250,2026/02/24,Clay,R32,3,Elmer Moller,Roman Andres Burruchaga,7-6(4) 0-6 6-4,127,96,509,617
Acapulco,ATP 500,2026/02/25,Hard,R32,3,Gael Monfils,Damir Dzumhur,6-4 7-6(5),170,60,360,877
Acapulco,ATP 500,2026/02/25,Hard,R32,3,Alexander Zverev,Corentin Moutet,6-2 6-4,4,35,4555,1383
Acapulco,ATP 500,2026/02/25,Hard,R32,3,Yibing Wu,Casper Ruud,7-6(2) 7-6(1),142,12,434,2665
Acapulco,ATP 500,2026/02/25,Hard,R32,3,Flavio Cobolli,Rodrigo Pacheco Mendez,7-6(3) 7-6(3),20,218,2030,270
Acapulco,ATP 500,2026/02/25,Hard,R32,3,Frances Tiafoe,Nuno Borges,6-4 6-4,28,48,1590,1045
Acapulco,ATP 500,2026/02/25,Hard,R32,3,Terence Atmane,Grigor Dimitrov,6-3 6-3,63,44,858,1105
Acapulco,ATP 500,2026/02/25,Hard,R32,3,Mattia Bellucci,Rinky Hijikata,7-6(5) 6-3,110,115,553,547
Acapulco,ATP 500,2026/02/25,Hard,R32,3,Sho Shimabukuro,Adrian Mannarino,6-3 6-4,130,51,479,1025
Acapulco,ATP 500,2026/02/25,Hard,R32,3,Dalibor Svrcina,James Duckworth,6-4 6-1,123,83,519,691
Santiago,ATP 250,2026/02/25,Clay,R32,3,Alejandro Tabilo,Tomas Barrios Vera,7-5 6-3,42,112,1113,551
Santiago,ATP 250,2026/02/25,Clay,R32,3,Emilio Nava,Matteo Berrettini,6-3 6-4,79,57,710,910
Santiago,ATP 250,2026/02/25,Clay,R32,3,Cristian Garin,Juan Manuel Cerundolo,3-6 6-3 6-3,93,70,656,781
Santiago,ATP 250,2026/02/25,Clay,R32,3,Mariano Navone,Vit Kopriva,3-6 6-0 3-1 RET,77,65,725,848
Santiago,ATP 250,2026/02/25,Clay,R32,3,Thiago Agustin Tirante,Ignacio Buse,2-6 7-6(0) 7-6(2),76,66,739,848
Santiago,ATP 250,2026/02/25,Clay,R32,3,Adolfo Daniel Vallejo,Francesco Passaro,6-3 3-3 RET,106,144,561,431
Dubai,ATP 500,2026/02/25,Hard,R16,3,Daniil Medvedev,Stan Wawrinka,6-2 6-3,11,99,2960,599
Dubai,ATP 500,2026/02/25,Hard,R16,3,Jakub Mensik,Alexei Popyrin,6-3 6-2,13,47,2595,1050
Dubai,ATP 500,2026/02/25,Hard,R16,3,Felix Auger Aliassime,Giovanni Mpetshi Perricard,6-4 6-4,8,58,4080,905
Dubai,ATP 500,2026/02/25,Hard,R16,3,Tallon Griekspoor,Alexander Bublik,6-3 7-6(4),25,10,1655,3405
Dubai,ATP 500,2026/02/25,Hard,R16,3,Jenson Brooksby,Karen Khachanov,7-6(6) 6-4,49,16,1042,2450
Dubai,ATP 500,2026/02/25,Hard,R16,3,Jiri Lehecka,Pablo Carreno Busta,7-6(6) 6-4,24,124,1760,516
Dubai,ATP 500,2026/02/25,Hard,R16,3,Andrey Rublev,Ugo Humbert,6-4 6-7(5) 6-3,18,37,2210,1285
Santiago,ATP 250,2026/02/25,Clay,R16,3,Yannick Hanfmann,Camilo Ugo Carabelli,6-4 6-3,81,59,695,880
Dubai,ATP 500,2026/02/26,Hard,R16,3,Arthur Rinderknech,Jack Draper,7-5 6-7(4) 6-4,31,15,1530,2460
Acapulco,ATP 500,2026/02/26,Hard,R16,3,Valentin Vacherot,Gael Monfils,6-3 6-3,27,170,1591,360
Acapulco,ATP 500,2026/02/26,Hard,R16,3,Miomir Kecmanovic,Alexander Zverev,6-3 6-7(3) 7-6(4),84,4,685,4555
Acapulco,ATP 500,2026/02/26,Hard,R16,3,Mattia Bellucci,Alejandro Davidovich Fokina,6-3 6-3,110,14,553,2470
Acapulco,ATP 500,2026/02/26,Hard,R16,3,Flavio Cobolli,Dalibor Svrcina,6-4 6-4,20,123,2030,519
Acapulco,ATP 500,2026/02/26,Hard,R16,3,Frances Tiafoe,Aleksandar Kovacevic,6-4 3-6 7-6(7),28,75,1590,746
Acapulco,ATP 500,2026/02/26,Hard,R16,3,Terence Atmane,Rafael Jodar,6-2 4-6 6-1,63,114,858,548
Acapulco,ATP 500,2026/02/26,Hard,R16,3,Brandon Nakashima,Patrick Kypson,6-4 6-4,29,103,1535,565
Acapulco,ATP 500,2026/02/26,Hard,R16,3,Yibing Wu,Sho Shimabukuro,6-3 7-6(4),142,130,434,479
Santiago,ATP 250,2026/02/26,Clay,R16,3,Luciano Darderi,Mariano Navone,6-3 3-6 6-4,21,77,1904,725
Santiago,ATP 250,2026/02/26,Clay,R16,3,Andrea Pellegrino,Francisco Comesana,7-6(3) 6-7(2) 6-3,137,82,447,694
Santiago,ATP 250,2026/02/26,Clay,R16,3,Vilius Gaubas,Dino Prizmic,5-7 7-5 6-3,107,120,558,529
Dubai,ATP 500,2026/02/26,Hard,QF,3,Daniil Medvedev,Jenson Brooksby,6-2 6-1,11,49,2960,1042
Dubai,ATP 500,2026/02/26,Hard,QF,3,Andrey Rublev,Arthur Rinderknech,6-2 6-4,18,31,2210,1530
Dubai,ATP 500,2026/02/26,Hard,QF,3,Felix Auger Aliassime,Jiri Lehecka,6-3 7-6(2),8,24,4080,1760
Santiago,ATP 250,2026/02/26,Clay,R16,3,Emilio Nava,Adolfo Daniel Vallejo,7-5 6-3,79,106,710,561
Dubai,ATP 500,2026/02/26,Hard,QF,3,Tallon Griekspoor,Jakub Mensik,6-3 3-6 6-2,25,13,1655,2595
Santiago,ATP 250,2026/02/26,Clay,R16,3,Francisco Cerundolo,Elmer Moller,6-2 6-2,19,127,2170,509
Acapulco,ATP 500,2026/02/27,Hard,QF,3,Brandon Nakashima,Valentin Vacherot,2-6 6-2 6-3,29,27,1535,1591
Acapulco,ATP 500,2026/02/27,Hard,QF,3,Flavio Cobolli,Yibing Wu,7-6(4) 6-1,20,142,2030,434
Acapulco,ATP 500,2026/02/27,Hard,QF,3,Frances Tiafoe,Mattia Bellucci,6-3 6-4,28,110,1590,553
Acapulco,ATP 500,2026/02/27,Hard,QF,3,Miomir Kecmanovic,Terence Atmane,6-3 6-3,84,63,685,858
Santiago,ATP 250,2026/02/27,Clay,R16,3,Alejandro Tabilo,Thiago Agustin Tirante,4-6 6-3 6-3,42,76,1113,739
Santiago,ATP 250,2026/02/27,Clay,R16,3,Sebastian Baez,Cristian Garin,7-6(2) 1-6 7-5,52,93,1005,656
Dubai,ATP 500,2026/02/27,Hard,SF,3,Tallon Griekspoor,Andrey Rublev,7-5 7-6(6),25,18,1655,2210
Dubai,ATP 500,2026/02/27,Hard,SF,3,Daniil Medvedev,Felix Auger Aliassime,6-4 6-2,11,8,2960,4080
Santiago,ATP 250,2026/02/27,Clay,QF,3,Francisco Cerundolo,Emilio Nava,6-1 6-1,19,79,2170,710
Santiago,ATP 250,2026/02/27,Clay,QF,3,Yannick Hanfmann,Vilius Gaubas,3-6 6-2 6-2,81,107,695,558
Santiago,ATP 250,2026/02/28,Clay,QF,3,Luciano Darderi,Andrea Pellegrino,6-3 3-6 6-2,21,137,1904,447
Acapulco,ATP 500,2026/02/28,Hard,SF,3,Frances Tiafoe,Brandon Nakashima,3-6 7-6(6) 6-4,28,29,1590,1535
Acapulco,ATP 500,2026/02/28,Hard,SF,3,Flavio Cobolli,Miomir Kecmanovic,7-6(5) 3-6 6-4,20,84,2030,685
Santiago,ATP 250,2026/02/28,Clay,QF,3,Sebastian Baez,Alejandro Tabilo,7-6(2) 6-1,52,42,1005,1113
Dubai,ATP 500,2026/02/28,Hard,F,3,Daniil Medvedev,Tallon Griekspoor,W/O,11,25,2960,1655
Santiago,ATP 250,2026/03/01,Clay,SF,3,Yannick Hanfmann,Francisco Cerundolo,6-3 6-4,81,19,695,2170
Santiago,ATP 250,2026/03/01,Clay,SF,3,Luciano Darderi,Sebastian Baez,6-4 6-3,21,52,1904,1005
Acapulco,ATP 500,2026/03/01,Hard,F,3,Flavio Cobolli,Frances Tiafoe,7-6(4) 6-4,20,28,2030,1590
Santiago,ATP 250,2026/03/02,Clay,F,3,Luciano Darderi,Yannick Hanfmann,7-6(6) 7-5,21,81,1904,695
Indian Wells Masters,ATP 1000,2026/03/04,Hard,R128,3,Camilo Ugo Carabelli,Martin Damm,7-6(5) 6-3,67,129,790,477
Indian Wells Masters,ATP 1000,2026/03/04,Hard,R128,3,Adam Walton,Quentin Halys,6-3 6-3,91,102,650,600
Indian Wells Masters,ATP 1000,2026/03/04,Hard,R128,3,Reilly Opelka,Ethan Quinn,7-5 7-6(3),68,73,786,761
Indian Wells Masters,ATP 1000,2026/03/04,Hard,R128,3,Zizou Bergs,Jan Lennard Struff,6-3 6-4,47,80,1030,719
Indian Wells Masters,ATP 1000,2026/03/04,Hard,R128,3,Marcos Giron,Mariano Navone,4-6 7-5 6-3,69,79,780,725
Indian Wells Masters,ATP 1000,2026/03/04,Hard,R128,3,Miomir Kecmanovic,Daniel Altmaier,6-3 1-0 RET,58,55,875,921
Indian Wells Masters,ATP 1000,2026/03/05,Hard,R128,3,Jenson Brooksby,Alexei Popyrin,6-3 6-4,41,45,1135,1050
Indian Wells Masters,ATP 1000,2026/03/05,Hard,R128,3,Gabriel Diallo,Mattia Bellucci,7-6(5) 6-4,38,94,1175,640
Indian Wells Masters,ATP 1000,2026/03/05,Hard,R128,3,Marton Fucsovics,Christopher O'connell,7-5 6-3,56,127,916,493
Indian Wells Masters,ATP 1000,2026/03/05,Hard,R128,3,Dalibor Svrcina,James Duckworth,6-2 6-4,109,83,569,691
Indian Wells Masters,ATP 1000,2026/03/05,Hard,R128,3,Gael Monfils,Alexis Galarneau,6-3 6-4,148,219,410,265
Indian Wells Masters,ATP 1000,2026/03/05,Hard,R128,3,Matteo Berrettini,Adrian Mannarino,4-6 7-5 7-5,66,48,820,1025
Indian Wells Masters,ATP 1000,2026/03/05,Hard,R128,3,Dino Prizmic,Tristan Schoolkate,7-6(5) 3-6 7-5,119,118,541,547
Indian Wells Masters,ATP 1000,2026/03/05,Hard,R128,3,Joao Fonseca,Raphael Collignon,7-6(2) 6-4,35,77,1240,733
Indian Wells Masters,ATP 1000,2026/03/05,Hard,R128,3,Zachary Svajda,Marin Cilic,7-6(5) 6-4,99,51,614,990
Indian Wells Masters,ATP 1000,2026/03/05,Hard,R128,3,Denis Shapovalov,Stefanos Tsitsipas,6-2 3-6 6-4,39,43,1160,1085
Indian Wells Masters,ATP 1000,2026/03/05,Hard,R128,3,Alexander Shevchenko,Sho Shimabukuro,6-4 3-6 6-2,88,113,659,554
Indian Wells Masters,ATP 1000,2026/03/05,Hard,R128,3,Kamil Majchrzak,Giovanni Mpetshi Perricard,6-3 1-6 7-5,57,54,895,930
Indian Wells Masters,ATP 1000,2026/03/05,Hard,R128,3,Aleksandar Kovacevic,Hubert Hurkacz,7-6(6) 7-6(4),72,71,771,775
Indian Wells Masters,ATP 1000,2026/03/05,Hard,R128,3,Sebastian Baez,Chun Hsin Tseng,6-3 6-2,53,144,940,414
Indian Wells Masters,ATP 1000,2026/03/05,Hard,R128,3,Grigor Dimitrov,Terence Atmane,6-4 5-7 6-4,42,52,1105,958
Indian Wells Masters,ATP 1000,2026/03/05,Hard,R128,3,Jacob Fearnley,Damir Dzumhur,6-3 6-3,87,64,662,840
Indian Wells Masters,ATP 1000,2026/03/06,Hard,R128,3,Roberto Bautista Agut,Fabian Marozsan,6-4 6-7(2) 6-4,93,46,645,1040
Indian Wells Masters,ATP 1000,2026/03/06,Hard,R128,3,Benjamin Bonzi,Valentin Royer,6-4 6-3,111,60,564,872
Indian Wells Masters,ATP 1000,2026/03/06,Hard,R128,3,Alex Michelsen,Daniel Merida,6-3 6-4,44,139,1085,432
Indian Wells Masters,ATP 1000,2026/03/06,Hard,R128,3,Vit Kopriva,Michael Zheng,7-6(1) 7-5,62,145,848,414
Indian Wells Masters,ATP 1000,2026/03/06,Hard,R128,3,Nuno Borges,Emilio Nava,7-6(9) 7-5,49,75,1020,753
Indian Wells Masters,ATP 1000,2026/03/06,Hard,R128,3,Juan Manuel Cerundolo,Botic Van De Zandschulp,7-6(3) 6-7(5) 6-3,70,59,778,873
Indian Wells Masters,ATP 1000,2026/03/06,Hard,R128,3,Rinky Hijikata,Francesco Maestrelli,7-6(5) 6-4,117,114,547,553
Indian Wells Masters,ATP 1000,2026/03/06,Hard,R128,3,Sebastian Korda,Francisco Comesana,7-5 6-0,37,82,1220,694
Indian Wells Masters,ATP 1000,2026/03/06,Hard,R128,3,Mackenzie Mcdonald,Matteo Arnaldi,6-0 6-1,126,85,498,665
Indian Wells Masters,ATP 1000,2026/03/06,Hard,R128,3,Alejandro Tabilo,Rafael Jodar,6-1 6-2,40,103,1138,594
Indian Wells Masters,ATP 1000,2026/03/06,Hard,R64,3,Learner Tien,Adam Walton,7-6(3) 7-6(8),27,91,1685,650
Indian Wells Masters,ATP 1000,2026/03/06,Hard,R64,3,Alexander Zverev,Matteo Berrettini,6-3 6-4,4,66,4555,820
Indian Wells Masters,ATP 1000,2026/03/07,Hard,R64,3,Marton Fucsovics,Lorenzo Musetti,7-5 6-1,56,5,916,4405
Indian Wells Masters,ATP 1000,2026/03/07,Hard,R64,3,Flavio Cobolli,Miomir Kecmanovic,3-6 6-3 6-4,15,58,2480,875
Indian Wells Masters,ATP 1000,2026/03/07,Hard,R64,3,Felix Auger Aliassime,Gael Monfils,6-7(5) 6-3 6-4,9,148,3950,410
Indian Wells Masters,ATP 1000,2026/03/07,Hard,R64,3,Ben Shelton,Reilly Opelka,6-7(3) 7-6(4) 6-3,8,68,4010,786
Indian Wells Masters,ATP 1000,2026/03/07,Hard,R64,3,Frances Tiafoe,Jenson Brooksby,6-4 6-2,22,41,1870,1135
Indian Wells Masters,ATP 1000,2026/03/07,Hard,R64,3,Brandon Nakashima,Camilo Ugo Carabelli,6-3 6-4,30,67,1535,790
Indian Wells Masters,ATP 1000,2026/03/07,Hard,R64,3,Arthur Fils,Dino Prizmic,6-2 3-2 RET,32,119,1440,541
Indian Wells Masters,ATP 1000,2026/03/07,Hard,R64,3,Alejandro Davidovich Fokina,Zachary Svajda,7-6(0) 6-2,19,99,2190,614
Indian Wells Masters,ATP 1000,2026/03/07,Hard,R64,3,Jannik Sinner,Dalibor Svrcina,6-1 6-1,2,109,10400,569
Indian Wells Masters,ATP 1000,2026/03/07,Hard,R64,3,Jakub Mensik,Marcos Giron,7-5 7-6(4),12,69,2650,780
Indian Wells Masters,ATP 1000,2026/03/07,Hard,R64,3,Tommy Paul,Zizou Bergs,6-1 6-2,24,47,1815,1030
Indian Wells Masters,ATP 1000,2026/03/07,Hard,R64,3,Denis Shapovalov,Tomas Martin Etcheverry,6-3 2-6 7-6(5),39,31,1160,1445
Indian Wells Masters,ATP 1000,2026/03/08,Hard,R64,3,Valentin Vacherot,Nuno Borges,7-5 7-5,26,49,1691,1020
Indian Wells Masters,ATP 1000,2026/03/08,Hard,R64,3,Casper Ruud,Alexander Shevchenko,6-1 7-6(4),13,88,2625,659
Indian Wells Masters,ATP 1000,2026/03/08,Hard,R64,3,Jack Draper,Roberto Bautista Agut,3-6 6-3 6-2,14,93,2510,645
Indian Wells Masters,ATP 1000,2026/03/08,Hard,R64,3,Joao Fonseca,Karen Khachanov,4-6 7-6(7) 6-4,35,16,1240,2450
Indian Wells Masters,ATP 1000,2026/03/08,Hard,R64,3,Francisco Cerundolo,Benjamin Bonzi,6-4 5-7 7-6(5),20,111,2170,564
Indian Wells Masters,ATP 1000,2026/03/08,Hard,R64,3,Arthur Rinderknech,Juan Manuel Cerundolo,W/O,28,70,1617,778
Indian Wells Masters,ATP 1000,2026/03/08,Hard,R64,3,Aleksandar Kovacevic,Corentin Moutet,6-1 6-4,72,33,771,1383
Indian Wells Masters,ATP 1000,2026/03/08,Hard,R64,3,Gabriel Diallo,Andrey Rublev,6-7(4) 7-6(1) 6-3,38,17,1175,2400
Indian Wells Masters,ATP 1000,2026/03/08,Hard,R64,3,Novak Djokovic,Kamil Majchrzak,4-6 6-1 6-2,3,57,5280,895
Indian Wells Masters,ATP 1000,2026/03/08,Hard,R64,3,Carlos Alcaraz,Grigor Dimitrov,6-2 6-3,1,42,13550,1105
Indian Wells Masters,ATP 1000,2026/03/08,Hard,R64,3,Sebastian Baez,Jiri Lehecka,6-4 6-1,53,23,940,1850
Indian Wells Masters,ATP 1000,2026/03/08,Hard,R64,3,Alex De Minaur,Sebastian Korda,4-6 6-4 6-4,6,37,4235,1220
Indian Wells Masters,ATP 1000,2026/03/08,Hard,R64,3,Taylor Fritz,Jacob Fearnley,6-3 6-7(8) 6-1,7,87,4220,662
Indian Wells Masters,ATP 1000,2026/03/08,Hard,R64,3,Rinky Hijikata,Luciano Darderi,4-6 6-2 6-4,117,21,547,2104
Indian Wells Masters,ATP 1000,2026/03/08,Hard,R64,3,Cameron Norrie,Mackenzie Mcdonald,6-2 6-3,29,126,1603,498
Indian Wells Masters,ATP 1000,2026/03/08,Hard,R64,3,Alex Michelsen,Ugo Humbert,7-5 6-7(5) 7-6(6),44,34,1085,1285
Indian Wells Masters,ATP 1000,2026/03/08,Hard,R64,3,Alexander Bublik,Vit Kopriva,3-6 7-6(3) 6-2,10,62,3405,848
Indian Wells Masters,ATP 1000,2026/03/08,Hard,R64,3,Daniil Medvedev,Alejandro Tabilo,6-4 6-2,11,40,3360,1138
Indian Wells Masters,ATP 1000,2026/03/08,Hard,R32,3,Alexander Zverev,Brandon Nakashima,7-6(2) 5-7 6-4,4,30,4555,1535
Indian Wells Masters,ATP 1000,2026/03/08,Hard,R32,3,Learner Tien,Ben Shelton,7-6(3) 4-6 6-3,27,8,1685,4010
Indian Wells Masters,ATP 1000,2026/03/09,Hard,R32,3,Jannik Sinner,Denis Shapovalov,6-3 6-2,2,39,10400,1160
Indian Wells Masters,ATP 1000,2026/03/09,Hard,R32,3,Alejandro Davidovich Fokina,Jakub Mensik,6-2 4-6 6-2,19,12,2190,2650
Indian Wells Masters,ATP 1000,2026/03/09,Hard,R32,3,Joao Fonseca,Tommy Paul,6-2 6-3,35,24,1240,1815
Indian Wells Masters,ATP 1000,2026/03/09,Hard,R32,3,Felix Auger Aliassime,Gabriel Diallo,6-7(5) 6-3 6-3,9,38,3950,1175
Indian Wells Masters,ATP 1000,2026/03/09,Hard,R32,3,Frances Tiafoe,Flavio Cobolli,6-1 6-2,22,15,1870,2480
Indian Wells Masters,ATP 1000,2026/03/09,Hard,R32,3,Arthur Fils,Marton Fucsovics,6-3 7-5,32,56,1440,916
Indian Wells Masters,ATP 1000,2026/03/09,Hard,R32,3,Novak Djokovic,Aleksandar Kovacevic,6-4 1-6 6-4,3,72,5280,771
Indian Wells Masters,ATP 1000,2026/03/09,Hard,R32,3,Cameron Norrie,Alex De Minaur,6-4 6-4,29,6,1603,4235
Indian Wells Masters,ATP 1000,2026/03/09,Hard,R32,3,Rinky Hijikata,Alexander Bublik,6-7(3) 7-6(3) 6-3,117,10,547,3405
Indian Wells Masters,ATP 1000,2026/03/09,Hard,R32,3,Jack Draper,Francisco Cerundolo,6-1 7-5,14,20,2510,2170
Indian Wells Masters,ATP 1000,2026/03/10,Hard,R32,3,Alex Michelsen,Taylor Fritz,6-4 7-6(6),44,7,1085,4220
Indian Wells Masters,ATP 1000,2026/03/10,Hard,R32,3,Casper Ruud,Valentin Vacherot,3-6 6-3 6-4,13,26,2625,1691
Indian Wells Masters,ATP 1000,2026/03/10,Hard,R32,3,Carlos Alcaraz,Arthur Rinderknech,6-7(6) 6-3 6-2,1,28,13550,1617
Indian Wells Masters,ATP 1000,2026/03/10,Hard,R32,3,Daniil Medvedev,Sebastian Baez,6-4 6-0,11,53,3360,940
Indian Wells Masters,ATP 1000,2026/03/10,Hard,R16,3,Arthur Fils,Felix Auger Aliassime,6-3 7-6(9),32,9,1440,3950
Indian Wells Masters,ATP 1000,2026/03/10,Hard,R16,3,Alexander Zverev,Frances Tiafoe,6-3 6-4,4,22,4555,1870
Indian Wells Masters,ATP 1000,2026/03/11,Hard,R16,3,Learner Tien,Alejandro Davidovich Fokina,4-6 6-1 7-6(4),27,19,1685,2190
Indian Wells Masters,ATP 1000,2026/03/11,Hard,R16,3,Jannik Sinner,Joao Fonseca,7-6(6) 7-6(4),2,35,10400,1240
Indian Wells Masters,ATP 1000,2026/03/11,Hard,R16,3,Daniil Medvedev,Alex Michelsen,6-2 6-4,11,44,3360,1085
Indian Wells Masters,ATP 1000,2026/03/11,Hard,R16,3,Cameron Norrie,Rinky Hijikata,6-4 6-2,29,117,1603,547
Indian Wells Masters,ATP 1000,2026/03/12,Hard,R16,3,Carlos Alcaraz,Casper Ruud,6-1 7-6(2),1,13,13550,2625
Indian Wells Masters,ATP 1000,2026/03/12,Hard,R16,3,Jack Draper,Novak Djokovic,4-6 6-4 7-6(5),14,3,2510,5280
Indian Wells Masters,ATP 1000,2026/03/12,Hard,QF,3,Alexander Zverev,Arthur Fils,6-2 6-3,4,32,4555,1440
Indian Wells Masters,ATP 1000,2026/03/13,Hard,QF,3,Jannik Sinner,Learner Tien,6-1 6-2,2,27,10400,1685
Indian Wells Masters,ATP 1000,2026/03/13,Hard,QF,3,Daniil Medvedev,Jack Draper,6-1 7-5,11,14,3360,2510
Indian Wells Masters,ATP 1000,2026/03/13,Hard,QF,3,Carlos Alcaraz,Cameron Norrie,6-3 6-4,1,29,13550,1603
Indian Wells Masters,ATP 1000,2026/03/15,Hard,SF,3,Daniil Medvedev,Carlos Alcaraz,6-3 7-6(3),11,1,3360,13550
Indian Wells Masters,ATP 1000,2026/03/15,Hard,SF,3,Jannik Sinner,Alexander Zverev,6-2 6-4,2,4,10400,4555
Indian Wells Masters,ATP 1000,2026/03/15,Hard,F,3,Jannik Sinner,Daniil Medvedev,7-6(6) 7-6(4),2,11,10400,3360
Miami Masters,ATP 1000,2026/03/19,Hard,R128,3,Roberto Bautista Agut,James Duckworth,7-6(3) 7-6(4),89,80,668,694
Miami Masters,ATP 1000,2026/03/19,Hard,R128,3,Rafael Jodar,Yannick Hanfmann,6-4 4-6 6-1,109,64,588,835
Miami Masters,ATP 1000,2026/03/19,Hard,R128,3,Mariano Navone,Nikoloz Basilashvili,7-6(7) 6-3,61,134,855,463
Miami Masters,ATP 1000,2026/03/19,Hard,R128,3,Zizou Bergs,Jenson Brooksby,7-5 6-2,45,42,1030,1115
Miami Masters,ATP 1000,2026/03/19,Hard,R128,3,Moise Kouame,Zachary Svajda,5-7 6-4 6-4,385,96,122,644
Miami Masters,ATP 1000,2026/03/19,Hard,R128,3,Darwin Blanch,Jan Lennard Struff,6-3 3-6 6-3,272,78,193,719
Miami Masters,ATP 1000,2026/03/19,Hard,R128,3,Adrian Mannarino,Zhizhen Zhang,6-3 6-2,43,270,1060,195
Miami Masters,ATP 1000,2026/03/19,Hard,R128,3,Ethan Quinn,Hubert Hurkacz,6-2 6-4,56,75,906,735
Miami Masters,ATP 1000,2026/03/19,Hard,R128,3,Camilo Ugo Carabelli,Giovanni Mpetshi Perricard,2-6 6-3 7-6(3),66,59,810,890
Miami Masters,ATP 1000,2026/03/19,Hard,R128,3,Matteo Berrettini,Alexandre Muller,6-4 6-2,68,90,800,665
Miami Masters,ATP 1000,2026/03/19,Hard,R128,3,Martin Landaluce,Marcos Giron,6-3 7-6(6),151,70,394,790
Miami Masters,ATP 1000,2026/03/19,Hard,R128,3,Botic Van De Zandschulp,Denis Shapovalov,7-5 6-3,65,38,823,1160
Miami Masters,ATP 1000,2026/03/19,Hard,R128,3,Raphael Collignon,Grigor Dimitrov,7-6(3) 4-6 7-6(6),72,44,768,1035
Miami Masters,ATP 1000,2026/03/19,Hard,R128,3,Marin Cilic,Alexei Popyrin,6-4 6-4,49,47,1000,1010
Miami Masters,ATP 1000,2026/03/19,Hard,R128,3,Martin Damm,Jacob Fearnley,6-0 RET,133,83,469,679
Miami Masters,ATP 1000,2026/03/19,Hard,R128,3,Joao Fonseca,Fabian Marozsan,6-4 3-6 6-2,39,46,1135,1020
Miami Masters,ATP 1000,2026/03/19,Hard,R128,3,Reilly Opelka,Nuno Borges,6-7(6) 6-2 7-6(5),67,50,803,995
Miami Masters,ATP 1000,2026/03/19,Hard,R128,3,Stefanos Tsitsipas,Arthur Fery,6-1 7-6(4),51,174,995,342
Miami Masters,ATP 1000,2026/03/19,Hard,R128,3,Damir Dzumhur,Ignacio Buse,6-7(6) 7-6(6) 6-1,76,63,723,836
Miami Masters,ATP 1000,2026/03/20,Hard,R128,3,Alex Michelsen,Mattia Bellucci,6-2 6-1,40,77,1135,720
Miami Masters,ATP 1000,2026/03/20,Hard,R128,3,Quentin Halys,Liam Draxl,6-7(4) 6-1 6-1,111,147,580,406
Miami Masters,ATP 1000,2026/03/20,Hard,R128,3,Tomas Machac,Emilio Nava,2-6 6-4 6-1,48,74,1000,741
Miami Masters,ATP 1000,2026/03/20,Hard,R128,3,Kamil Majchrzak,Miomir Kecmanovic,4-6 6-3 6-1,57,58,905,895
Miami Masters,ATP 1000,2026/03/20,Hard,R128,3,Alejandro Tabilo,Francisco Comesana,6-4 6-2,41,82,1118,679
Miami Masters,ATP 1000,2026/03/20,Hard,R128,3,Terence Atmane,Daniel Altmaier,6-4 6-2,53,55,968,906
Miami Masters,ATP 1000,2026/03/20,Hard,R128,3,Rei Sakamoto,Aleksandar Kovacevic,6-4 3-6 7-6(7),164,92,366,661
Miami Masters,ATP 1000,2026/03/20,Hard,R64,3,Tommy Paul,Adrian Mannarino,6-2 2-6 6-4,23,43,1765,1060
Miami Masters,ATP 1000,2026/03/20,Hard,R64,3,Ethan Quinn,Casper Ruud,6-4 7-6(7),56,12,906,2715
Miami Masters,ATP 1000,2026/03/20,Hard,R128,3,Marton Fucsovics,Christopher O'connell,7-6(6) 6-3,54,130,959,493
Miami Masters,ATP 1000,2026/03/20,Hard,R128,3,Thiago Agustin Tirante,Valentin Royer,7-5 6-7(9) 7-6(5),81,69,691,795
Miami Masters,ATP 1000,2026/03/21,Hard,R64,3,Taylor Fritz,Otic Van De Zandschulp,6-3 6-7(2) 6-3,7,65,4170,823
Miami Masters,ATP 1000,2026/03/21,Hard,R64,3,Matteo Berrettini,Alexander Bublik,6-4 6-4,68,11,800,3385
Miami Masters,ATP 1000,2026/03/21,Hard,R64,3,Karen Khachanov,Roberto Bautista Agut,6-3 6-3,15,89,2410,668
Miami Masters,ATP 1000,2026/03/21,Hard,R64,3,Reilly Opelka,Jack Draper,7-6(3) 7-6(0),67,26,803,1710
Miami Masters,ATP 1000,2026/03/21,Hard,R64,3,Arthur Fils,Darwin Blanch,6-2 6-3,31,272,1440,193
Miami Masters,ATP 1000,2026/03/21,Hard,R128,3,Adam Walton,Sebastian Baez,6-2 6-2,85,52,674,980
Miami Masters,ATP 1000,2026/03/21,Hard,R64,3,Carlos Alcaraz,Joao Fonseca,6-4 6-4,1,39,13550,1135
Miami Masters,ATP 1000,2026/03/21,Hard,R64,3,Sebastian Korda,Camilo Ugo Carabelli,6-0 6-3,36,66,1200,810
Miami Masters,ATP 1000,2026/03/21,Hard,R128,3,Arthur Cazaux,Tomas Barrios Vera,7-5 6-4,73,119,754,551
Miami Masters,ATP 1000,2026/03/21,Hard,R64,3,Martin Landaluce,Luciano Darderi,6-3 6-7(4) 6-4,151,18,394,2084
Miami Masters,ATP 1000,2026/03/21,Hard,R64,3,Stefanos Tsitsipas,Alex De Minaur,6-3 7-6(3),51,6,995,4185
Miami Masters,ATP 1000,2026/03/21,Hard,R64,3,Raphael Collignon,Flavio Cobolli,7-5 6-3,72,14,768,2520
Miami Masters,ATP 1000,2026/03/21,Hard,R64,3,Jiri Lehecka,Moise Kouame,6-2 7-5,22,385,1850,122
Miami Masters,ATP 1000,2026/03/21,Hard,R64,3,Valentin Vacherot,Mariano Navone,6-3 6-4,25,61,1741,855
Miami Masters,ATP 1000,2026/03/21,Hard,R128,3,Gabriel Diallo,Yibing Wu,6-2 7-6(3),37,118,1185,559
Miami Masters,ATP 1000,2026/03/21,Hard,R128,3,Alexander Shevchenko,Matteo Arnaldi,7-6(5) 6-7(5) 6-2,84,101,679,625
Miami Masters,ATP 1000,2026/03/21,Hard,R64,3,Kamil Majchrzak,Learner Tien,6-2 4-6 6-2,57,21,905,1860
Miami Masters,ATP 1000,2026/03/21,Hard,R64,3,Rafael Jodar,Aleksandar Vukic,6-1 6-2,109,93,588,656
Miami Masters,ATP 1000,2026/03/21,Hard,R64,3,Jannik Sinner,Damir Dzumhur,6-3 6-3,2,76,11400,723
Miami Masters,ATP 1000,2026/03/21,Hard,R64,3,Quentin Halys,Alejandro Davidovich Fokina,7-6(8) 6-4,111,17,580,2260
Miami Masters,ATP 1000,2026/03/21,Hard,R64,3,Tomas Martin Etcheverry,Zizou Bergs,7-6(5) 7-6(3),32,45,1430,1030
Miami Masters,ATP 1000,2026/03/21,Hard,R64,3,Daniil Medvedev,Rei Sakamoto,6-7(10) 6-3 6-1,10,164,3610,366
Miami Masters,ATP 1000,2026/03/21,Hard,R64,3,Felix Auger Aliassime,Marton Fucsovics,7-6(3) 7-5,8,54,4000,959
Miami Masters,ATP 1000,2026/03/21,Hard,R64,3,Corentin Moutet,Tomas Machac,6-0 1-6 6-4,33,48,1383,1000
Miami Masters,ATP 1000,2026/03/22,Hard,R64,3,Jakub Mensik,Adam Walton,3-6 6-2 6-4,13,85,2650,674
Miami Masters,ATP 1000,2026/03/22,Hard,R64,3,Alejandro Tabilo,Andrey Rublev,6-7(5) 6-2 6-4,41,16,1118,2400
Miami Masters,ATP 1000,2026/03/22,Hard,R64,3,Alex Michelsen,Cameron Norrie,7-5 6-7(4) 6-4,40,24,1135,1753
Miami Masters,ATP 1000,2026/03/22,Hard,R64,3,Terence Atmane,Arthur Rinderknech,7-6(4) 6-3,53,27,968,1657
Miami Masters,ATP 1000,2026/03/22,Hard,R64,3,Alexander Shevchenko,Ben Shelton,6-7(3) 7-6(3) 6-3,84,9,679,3860
Miami Masters,ATP 1000,2026/03/22,Hard,R64,3,Francisco Cerundolo,Thiago Agustin Tirante,6-4 6-2,19,81,2020,691
Miami Masters,ATP 1000,2026/03/22,Hard,R64,3,Frances Tiafoe,Arthur Cazaux,7-6(1) 6-1,20,73,1920,754
Miami Masters,ATP 1000,2026/03/22,Hard,R64,3,Ugo Humbert,Gabriel Diallo,6-1 6-4,34,37,1245,1185
Miami Masters,ATP 1000,2026/03/22,Hard,R64,3,Marin Cilic,Brandon Nakashima,2-6 6-4 7-6(7),49,30,1000,1485
Miami Masters,ATP 1000,2026/03/22,Hard,R64,3,Alexander Zverev,Martin Damm,6-2 6-4,4,133,4905,469
Miami Masters,ATP 1000,2026/03/22,Hard,R32,3,Jiri Lehecka,Ethan Quinn,6-3 7-6(6),22,56,1850,906
Miami Masters,ATP 1000,2026/03/22,Hard,R32,3,Sebastian Korda,Carlos Alcaraz,6-3 5-7 6-4,36,1,1200,13550
Miami Masters,ATP 1000,2026/03/22,Hard,R32,3,Taylor Fritz,Reilly Opelka,6-3 6-4,7,67,4170,803
Miami Masters,ATP 1000,2026/03/22,Hard,R32,3,Tomas Martin Etcheverry,Rafael Jodar,7-5 6-4,32,109,1430,588
Miami Masters,ATP 1000,2026/03/23,Hard,R32,3,Martin Landaluce,Karen Khachanov,6-3 7-6(2),151,15,394,2410
Miami Masters,ATP 1000,2026/03/23,Hard,R32,3,Tommy Paul,Raphael Collignon,6-2 3-6 7-6(5),23,72,1765,768
Miami Masters,ATP 1000,2026/03/23,Hard,R32,3,Arthur Fils,Stefanos Tsitsipas,6-0 6-1,31,51,1440,995
Miami Masters,ATP 1000,2026/03/23,Hard,R32,3,Valentin Vacherot,Matteo Berrettini,7-6(5) 6-4,25,68,1741,800
Miami Masters,ATP 1000,2026/03/23,Hard,R32,3,Ugo Humbert,Alexander Shevchenko,6-4 7-6(2),34,84,1245,679
Miami Masters,ATP 1000,2026/03/23,Hard,R32,3,Terence Atmane,Felix Auger Aliassime,6-3 1-6 6-3,53,8,968,4000
Miami Masters,ATP 1000,2026/03/23,Hard,R32,3,Francisco Cerundolo,Daniil Medvedev,6-0 4-6 7-5,19,10,2020,3610
Miami Masters,ATP 1000,2026/03/23,Hard,R32,3,Frances Tiafoe,Jakub Mensik,7-6(4) 4-6 7-6(11),20,13,1920,2650
Miami Masters,ATP 1000,2026/03/24,Hard,R32,3,Jannik Sinner,Corentin Moutet,6-1 6-4,2,33,11400,1383
Miami Masters,ATP 1000,2026/03/24,Hard,R32,3,Alexander Zverev,Marin Cilic,6-2 5-7 6-4,4,49,4905,1000
Miami Masters,ATP 1000,2026/03/24,Hard,R32,3,Quentin Halys,Kamil Majchrzak,7-6(4) 6-1,111,57,580,905
Miami Masters,ATP 1000,2026/03/24,Hard,R32,3,Alex Michelsen,Alejandro Tabilo,3-6 6-3 6-4,40,41,1135,1118
Miami Masters,ATP 1000,2026/03/24,Hard,R16,3,Martin Landaluce,Sebastian Korda,2-6 7-6(6) 6-4,151,36,394,1200
Miami Masters,ATP 1000,2026/03/24,Hard,R16,3,Jiri Lehecka,Taylor Fritz,6-4 6-7(4) 6-2,22,7,1850,4170
Miami Masters,ATP 1000,2026/03/24,Hard,R16,3,Arthur Fils,Valentin Vacherot,6-4 6-7(4) 6-4,31,25,1440,1741
Miami Masters,ATP 1000,2026/03/24,Hard,R16,3,Jannik Sinner,Alex Michelsen,7-5 7-6(4),2,40,11400,1135
Miami Masters,ATP 1000,2026/03/24,Hard,R16,3,Tommy Paul,Tomas Martin Etcheverry,6-1 6-3,23,32,1765,1430
Miami Masters,ATP 1000,2026/03/25,Hard,R16,3,Frances Tiafoe,Terence Atmane,6-4 1-6 6-4,20,53,1920,968
Miami Masters,ATP 1000,2026/03/25,Hard,R16,3,Francisco Cerundolo,Ugo Humbert,6-4 6-3,19,34,2020,1245
Miami Masters,ATP 1000,2026/03/25,Hard,R16,3,Alexander Zverev,Quentin Halys,7-6(4) 7-6(1),4,111,4905,580
Miami Masters,ATP 1000,2026/03/25,Hard,QF,3,Jiri Lehecka,Martin Landaluce,7-6(1) 7-5,22,151,1850,394
Miami Masters,ATP 1000,2026/03/26,Hard,QF,3,Arthur Fils,Tommy Paul,6-7(3) 7-6(4) 7-6(6),31,23,1440,1765
Miami Masters,ATP 1000,2026/03/26,Hard,QF,3,Jannik Sinner,Frances Tiafoe,6-2 6-2,2,20,11400,1920
Miami Masters,ATP 1000,2026/03/27,Hard,QF,3,Alexander Zverev,Francisco Cerundolo,6-1 6-2,4,19,4905,2020
Miami Masters,ATP 1000,2026/03/27,Hard,SF,3,Jiri Lehecka,Arthur Fils,6-2 6-2,22,31,1850,1440
Miami Masters,ATP 1000,2026/03/28,Hard,SF,3,Jannik Sinner,Alexander Zverev,6-3 7-6(4),2,4,11400,4905
Miami Masters,ATP 1000,2026/03/29,Hard,F,3,Jannik Sinner,Jiri Lehecka,6-4 6-4,2,22,11400,1850
Marrakech,ATP 250,2026/03/30,Clay,R32,3,Yannick Hanfmann,Jesper De Jong,7-6(6) 6-4,61,99,857,625
Marrakech,ATP 250,2026/03/30,Clay,R32,3,Taha Baadi,Aleksandar Vukic,6-2 3-6 6-1,587,84,64,663
Marrakech,ATP 250,2026/03/30,Clay,R32,3,Karim Bennani,Quentin Halys,6-4 6-7(5) 6-2,731,90,41,650
Houston,ATP 250,2026/03/31,Clay,R32,3,Thiago Agustin Tirante,Colton Smith,6-0 6-3,83,164,673,371
Houston,ATP 250,2026/03/31,Clay,R32,3,Mackenzie Mcdonald,Jenson Brooksby,6-4 6-2,125,41,501,1115
Houston,ATP 250,2026/03/31,Clay,R32,3,Alex Bolt,Yibing Wu,7-6(6) 6-2,165,118,369,559
Houston,ATP 250,2026/03/31,Clay,R32,3,Zhizhen Zhang,Jack Pinnington Jones,6-1 6-3,263,138,205,456
Houston,ATP 250,2026/03/31,Clay,R32,3,Adolfo Daniel Vallejo,Zachary Svajda,6-1 6-4,101,82,621,674
Marrakech,ATP 250,2026/03/31,Clay,R32,3,Kamil Majchrzak,Juan Manuel Cerundolo,7-6(3) 3-6 6-3,53,69,955,776
Marrakech,ATP 250,2026/03/31,Clay,R32,3,Mattia Bellucci,Reda Bennani,6-3 3-6 6-4,73,555,740,70
Marrakech,ATP 250,2026/03/31,Clay,R32,3,Alexandre Muller,Federico Cina,6-2 6-3,94,208,645,285
Marrakech,ATP 250,2026/03/31,Clay,R32,3,Marco Trungelliti,Henrique Rocha,7-6(5) 6-2,117,133,561,483
Bucharest,ATP 250,2026/03/31,Clay,R32,3,Damir Dzumhur,Filip Cristian Jianu,6-3 4-6 7-6(4),74,246,731,219
Bucharest,ATP 250,2026/03/31,Clay,R32,3,Mariano Navone,Christopher O'connell,6-4 7-6(8),60,128,860,493
Bucharest,ATP 250,2026/03/31,Clay,R32,3,Botic Van De Zandschulp,Francesco Maestrelli,6-3 6-2,62,114,841,577
Bucharest,ATP 250,2026/03/31,Clay,R32,3,Titouan Droguet,Roberto Bautista Agut,6-1 1-6 6-1,122,80,528,685
Bucharest,ATP 250,2026/03/31,Clay,R32,3,Elmer Moller,Adrian Boitan,6-3 7-5,134,306,478,167
Bucharest,ATP 250,2026/03/31,Clay,R32,3,Dino Prizmic,Nikoloz Basilashvili,6-4 6-2,112,129,585,493
Bucharest,ATP 250,2026/03/31,Clay,R32,3,Stefanos Sakellaridis,Jan Choinski,6-3 6-4,225,120,252,534
Bucharest,ATP 250,2026/03/31,Clay,R32,3,Alexander Shevchenko,Radu David Turcanu,6-2 6-4,76,659,716,52
Marrakech,ATP 250,2026/04/01,Clay,R32,3,Ignacio Buse,Matteo Berrettini,7-6(5) 6-7(2) 6-4,59,91,864,650
Marrakech,ATP 250,2026/04/01,Clay,R32,3,Rafael Jodar,Dusan Lajovic,6-3 6-4,89,132,652,486
Marrakech,ATP 250,2026/04/01,Clay,R32,3,Camilo Ugo Carabelli,Timofey Skatov,6-7(2) 6-3 6-4,67,202,780,292
Bucharest,ATP 250,2026/04/01,Clay,R32,3,Daniel Altmaier,Pedro Martinez,6-1 6-4,52,113,960,580
Bucharest,ATP 250,2026/04/01,Clay,R32,3,Sebastian Baez,Vilius Gaubas,6-3 6-1,50,108,980,603
Bucharest,ATP 250,2026/04/01,Clay,R32,3,Daniel Merida,Otto Virtanen,7-6(4) 5-7 7-5,136,123,458,512
Bucharest,ATP 250,2026/04/01,Clay,R32,3,Alex Molcan,Matteo Arnaldi,6-3 6-1,189,107,314,605
Houston,ATP 250,2026/04/01,Clay,R32,3,Brandon Nakashima,Martin Damm,7-6(0) 6-2,33,126,1395,499
Houston,ATP 250,2026/04/01,Clay,R32,3,Nishesh Basavareddy,Liam Draxl,6-3 2-6 6-4,193,147,306,430
Marrakech,ATP 250,2026/04/01,Clay,R32,3,Luca Van Assche,Hugo Gaston,6-4 7-6(5),109,116,601,564
Houston,ATP 250,2026/04/01,Clay,R32,3,Alexei Popyrin,Patrick Kypson,4-6 6-4 6-3,45,96,1010,640
Marrakech,ATP 250,2026/04/01,Clay,R16,3,Yannick Hanfmann,Karim Bennani,6-4 6-7(3) 6-2,61,731,857,41
Marrakech,ATP 250,2026/04/01,Clay,R16,3,Luciano Darderi,Mattia Bellucci,6-4 6-2,19,73,2050,740
Marrakech,ATP 250,2026/04/01,Clay,R16,3,Corentin Moutet,Taha Baadi,6-0 6-2,32,587,1403,64
Marrakech,ATP 250,2026/04/01,Clay,R16,3,Marco Trungelliti,Kamil Majchrzak,7-6(4) 6-3,117,53,561,955
Marrakech,ATP 250,2026/04/01,Clay,R32,3,Vit Kopriva,Hamad Medjedovic,6-7(4) 7-5 6-2,70,81,763,680
Bucharest,ATP 250,2026/04/01,Clay,R16,3,Alex Molcan,Gabriel Diallo,6-2 6-2,189,36,314,1175
Bucharest,ATP 250,2026/04/01,Clay,R16,3,Damir Dzumhur,Nuno Borges,7-6(1) 6-4,74,48,731,995
Bucharest,ATP 250,2026/04/01,Clay,R16,3,Mariano Navone,Elmer Moller,6-2 6-1,60,134,860,478
Bucharest,ATP 250,2026/04/01,Clay,R16,3,Botic Van De Zandschulp,Alexander Shevchenko,7-5 6-1,62,76,841,716
Houston,ATP 250,2026/04/01,Clay,R32,3,Tomas Martin Etcheverry,Federico Agustin Gomez,1-6 6-1 6-4,31,182,1500,331
Houston,ATP 250,2026/04/01,Clay,R32,3,Alex Michelsen,Coleman Wong,6-4 6-2,35,124,1225,503
Houston,ATP 250,2026/04/01,Clay,R32,3,Rinky Hijikata,Aleksandar Kovacevic,6-4 6-2,102,85,619,661
Houston,ATP 250,2026/04/01,Clay,R32,3,Roman Andres Burruchaga,Adam Walton,6-2 6-3,77,105,703,614
Marrakech,ATP 250,2026/04/02,Clay,R16,3,Alexandre Muller,Vit Kopriva,6-3 7-6(3),94,70,645,763
Houston,ATP 250,2026/04/02,Clay,R16,3,Tommy Paul,Adolfo Daniel Vallejo,3-6 6-4 6-4,21,101,1915,621
Houston,ATP 250,2026/04/02,Clay,R16,3,Ben Shelton,Zhizhen Zhang,7-6(5) 7-6(3),9,263,3860,205
Houston,ATP 250,2026/04/02,Clay,R16,3,Tomas Martin Etcheverry,Alex Bolt,6-7(5) 6-0 6-3,31,165,1500,369
Houston,ATP 250,2026/04/02,Clay,R16,3,Thiago Agustin Tirante,Mackenzie Mcdonald,6-2 6-0,83,125,673,501
Marrakech,ATP 250,2026/04/03,Clay,R16,3,Rafael Jodar,Tomas Machac,6-4 4-6 6-3,89,55,652,930
Marrakech,ATP 250,2026/04/03,Clay,R16,3,Camilo Ugo Carabelli,Ignacio Buse,6-3 3-6 7-5,67,59,780,864
Houston,ATP 250,2026/04/03,Clay,R16,3,Learner Tien,Nishesh Basavareddy,6-3 3-6 6-1,22,193,1845,306
Houston,ATP 250,2026/04/03,Clay,R16,3,Roman Andres Burruchaga,Brandon Nakashima,6-4 2-6 6-4,77,33,703,1395
Marrakech,ATP 250,2026/04/03,Clay,QF,3,Luciano Darderi,Yannick Hanfmann,W/O,19,61,2050,857
Marrakech,ATP 250,2026/04/03,Clay,R16,3,Luca Van Assche,Tallon Griekspoor,6-4 1-6 6-3,109,30,601,1585
Houston,ATP 250,2026/04/03,Clay,R16,3,Alexei Popyrin,Alex Michelsen,6-0 4-6 6-1,45,35,1010,1225
Houston,ATP 250,2026/04/03,Clay,R16,3,Frances Tiafoe,Rinky Hijikata,6-4 3-6 6-2,18,102,2070,619
Marrakech,ATP 250,2026/04/03,Clay,QF,3,Camilo Ugo Carabelli,Luca Van Assche,0-6 6-3 6-2,67,109,780,601
Marrakech,ATP 250,2026/04/03,Clay,QF,3,Marco Trungelliti,Corentin Moutet,4-6 6-3 6-4,117,32,561,1403
Marrakech,ATP 250,2026/04/03,Clay,QF,3,Rafael Jodar,Alexandre Muller,6-2 2-0 RET,89,94,652,645
Bucharest,ATP 250,2026/04/03,Clay,QF,3,Daniel Merida,Titouan Droguet,4-6 7-6(7) 3-1 RET,136,122,458,528
Bucharest,ATP 250,2026/04/03,Clay,QF,3,Mariano Navone,Alex Molcan,3-6 6-2 6-3,60,189,860,314
Bucharest,ATP 250,2026/04/03,Clay,QF,3,Botic Van De Zandschulp,Damir Dzumhur,6-3 6-3,62,74,841,731
Bucharest,ATP 250,2026/04/03,Clay,R16,3,Daniel Merida,Adrian Mannarino,4-6 6-2 6-2,136,43,458,1082
Bucharest,ATP 250,2026/04/03,Clay,R16,3,Titouan Droguet,Sebastian Baez,6-4 6-4,122,50,528,980
Bucharest,ATP 250,2026/04/03,Clay,R16,3,Fabian Marozsan,Stefanos Sakellaridis,7-6(3) 7-5,47,225,1005,252
Bucharest,ATP 250,2026/04/03,Clay,R16,3,Daniel Altmaier,Dino Prizmic,3-6 7-6(1) 7-6(7),52,112,960,585
Bucharest,ATP 250,2026/04/04,Clay,QF,3,Fabian Marozsan,Daniel Altmaier,6-2 7-6(5),47,52,1005,960
Houston,ATP 250,2026/04/04,Clay,QF,3,Thiago Agustin Tirante,Ben Shelton,6-7(5) 6-3 6-4,83,9,673,3860
Houston,ATP 250,2026/04/04,Clay,QF,3,Frances Tiafoe,Alexei Popyrin,3-6 6-4 7-6(6),18,45,2070,1010
Houston,ATP 250,2026/04/04,Clay,QF,3,Roman Andres Burruchaga,Learner Tien,7-5 6-4,77,22,703,1845
Houston,ATP 250,2026/04/04,Clay,QF,3,Tommy Paul,Tomas Martin Etcheverry,6-4 6-2,21,31,1915,1500
Marrakech,ATP 250,2026/04/04,Clay,SF,3,Rafael Jodar,Camilo Ugo Carabelli,6-2 6-1,89,67,652,780
Marrakech,ATP 250,2026/04/04,Clay,SF,3,Marco Trungelliti,Luciano Darderi,6-4 7-6(2),117,19,561,2050
Bucharest,ATP 250,2026/04/04,Clay,SF,3,Daniel Merida,Fabian Marozsan,6-7(4) 6-3 6-1,136,47,458,1005
Bucharest,ATP 250,2026/04/04,Clay,SF,3,Mariano Navone,Botic Van De Zandschulp,5-7 7-6(3) 7-5,60,62,860,841
Houston,ATP 250,2026/04/05,Clay,SF,3,Tommy Paul,Frances Tiafoe,7-5 4-6 7-6(7),21,18,1915,2070
Houston,ATP 250,2026/04/05,Clay,SF,3,Roman Andres Burruchaga,Thiago Agustin Tirante,6-1 6-1,77,83,703,673
Marrakech,ATP 250,2026/04/05,Clay,F,3,Rafael Jodar,Marco Trungelliti,6-3 6-2,89,117,652,561
Houston,ATP 250,2026/04/05,Clay,F,3,Tommy Paul,Roman Andres Burruchaga,6-1 3-6 7-5,21,77,1915,703
Bucharest,ATP 250,2026/04/05,Clay,F,3,Mariano Navone,Daniel Merida,6-2 4-6 7-5,60,136,860,458
Monte Carlo,ATP 1000,2026/04/05,Clay,R64,3,Alejandro Tabilo,Marton Fucsovics,6-4 6-3,39,51,1118,977
Monte Carlo,ATP 1000,2026/04/05,Clay,R64,3,Cameron Norrie,Miomir Kecmanovic,6-2 4-6 7-6(0),24,58,1753,875
Monte Carlo,ATP 1000,2026/04/05,Clay,R64,3,Gael Monfils,Tallon Griekspoor,6-7(7) 6-1 6-4,203,30,290,1585
Monte Carlo,ATP 1000,2026/04/05,Clay,R64,3,Ugo Humbert,Moise Kouame,6-3 7-5,34,328,1320,151
Monte Carlo,ATP 1000,2026/04/06,Clay,R64,3,Andrey Rublev,Nuno Borges,6-4 1-6 6-1,15,50,2400,970
Monte Carlo,ATP 1000,2026/04/06,Clay,R64,3,Arthur Rinderknech,Karen Khachanov,7-5 6-2,27,14,1651,2410
Monte Carlo,ATP 1000,2026/04/06,Clay,R64,3,Alexander Blockx,Denis Shapovalov,6-4 4-6 6-3,91,38,649,1120
Monte Carlo,ATP 1000,2026/04/06,Clay,R64,3,Jiri Lehecka,Emilio Nava,7-6(1) 6-7(8) 6-2,13,103,2490,615
Monte Carlo,ATP 1000,2026/04/06,Clay,R64,3,Francisco Cerundolo,Stefanos Tsitsipas,7-5 6-4,19,48,2020,995
Monte Carlo,ATP 1000,2026/04/06,Clay,R64,3,Zizou Bergs,Adrian Mannarino,6-4 6-3,47,46,1010,1050
Monte Carlo,ATP 1000,2026/04/06,Clay,R64,3,Joao Fonseca,Gabriel Diallo,6-2 6-3,40,36,1115,1175
Monte Carlo,ATP 1000,2026/04/06,Clay,R64,3,Cristian Garin,Matteo Arnaldi,6-2 6-4,109,107,599,605
Monte Carlo,ATP 1000,2026/04/06,Clay,R64,3,Tomas Machac,Daniel Altmaier,6-4 1-6 6-3,53,49,930,994
Monte Carlo,ATP 1000,2026/04/06,Clay,R64,3,Flavio Cobolli,Francisco Comesana,7-5 2-6 6-3,16,99,2320,634
Monte Carlo,ATP 1000,2026/04/06,Clay,R64,3,Sebastian Baez,Stan Wawrinka,7-5 7-5,65,104,840,608
Monte Carlo,ATP 1000,2026/04/06,Clay,R64,3,Valentin Vacherot,Juan Manuel Cerundolo,5-7 6-2 6-1,23,71,1818,773
Monte Carlo,ATP 1000,2026/04/07,Clay,R64,3,Matteo Berrettini,Roberto Bautista Agut,4-0 RET,90,85,650,673
Monte Carlo,ATP 1000,2026/04/07,Clay,R32,3,Jannik Sinner,Ugo Humbert,6-3 6-0,2,34,12400,1320
Monte Carlo,ATP 1000,2026/04/07,Clay,R64,3,Hubert Hurkacz,Luciano Darderi,7-6(4) 5-7 6-1,74,21,745,1920
Monte Carlo,ATP 1000,2026/04/07,Clay,R64,3,Tomas Martin Etcheverry,Grigor Dimitrov,6-4 2-6 6-3,30,93,1540,645
Monte Carlo,ATP 1000,2026/04/07,Clay,R32,3,Carlos Alcaraz,Sebastian Baez,6-1 6-3,1,65,13590,840
Monte Carlo,ATP 1000,2026/04/07,Clay,R64,3,Terence Atmane,Ethan Quinn,6-1 6-4,45,54,1058,911
Monte Carlo,ATP 1000,2026/04/07,Clay,R64,3,Marin Cilic,Alexander Shevchenko,6-1 6-3,51,77,950,727
Monte Carlo,ATP 1000,2026/04/07,Clay,R64,3,Fabian Marozsan,Damir Dzumhur,6-2 6-1,43,81,1095,681
Monte Carlo,ATP 1000,2026/04/07,Clay,R32,3,Alex De Minaur,Cameron Norrie,7-6(5) 2-6 6-2,6,24,4095,1753
Monte Carlo,ATP 1000,2026/04/07,Clay,R32,3,Alexander Bublik,Gael Monfils,6-4 6-4,11,203,3345,290
Monte Carlo,ATP 1000,2026/04/07,Clay,R64,3,Casper Ruud,Alexei Popyrin,6-3 6-4,12,44,2625,1060
Monte Carlo,ATP 1000,2026/04/07,Clay,R64,3,Corentin Moutet,Alexandre Muller,6-4 6-1,31,88,1433,651
Monte Carlo,ATP 1000,2026/04/08,Clay,R32,3,Matteo Berrettini,Daniil Medvedev,6-0 6-0,90,10,650,3610
Monte Carlo,ATP 1000,2026/04/08,Clay,R32,3,Casper Ruud,Corentin Moutet,7-5 6-3,12,31,2625,1433
Monte Carlo,ATP 1000,2026/04/08,Clay,R32,3,Alexander Zverev,Cristian Garin,4-6 6-4 7-5,3,109,5205,599
Monte Carlo,ATP 1000,2026/04/08,Clay,R32,3,Jiri Lehecka,Alejandro Tabilo,4-6 7-6(4) 6-3,13,39,2490,1118
Monte Carlo,ATP 1000,2026/04/08,Clay,R32,3,Zizou Bergs,Andrey Rublev,6-4 6-1,47,15,1010,2400
Monte Carlo,ATP 1000,2026/04/08,Clay,R32,3,Tomas Machac,Francisco Cerundolo,7-6(2) 6-3,53,19,930,2020
Monte Carlo,ATP 1000,2026/04/08,Clay,R32,3,Joao Fonseca,Arthur Rinderknech,7-5 4-6 6-3,40,27,1115,1651
Monte Carlo,ATP 1000,2026/04/08,Clay,R32,3,Valentin Vacherot,Lorenzo Musetti,7-6(6) 7-5,23,5,1818,4265
Monte Carlo,ATP 1000,2026/04/08,Clay,R32,3,Felix Auger Aliassime,Marin Cilic,7-6(4) 6-3,7,51,4000,950
Monte Carlo,ATP 1000,2026/04/08,Clay,R32,3,Alexander Blockx,Flavio Cobolli,6-3 6-3,91,16,649,2320
Monte Carlo,ATP 1000,2026/04/08,Clay,R32,3,Tomas Martin Etcheverry,Terence Atmane,3-6 6-3 6-2,30,45,1540,1058
Monte Carlo,ATP 1000,2026/04/08,Clay,R32,3,Hubert Hurkacz,Fabian Marozsan,6-2 6-3,74,43,745,1095
Monte Carlo,ATP 1000,2026/04/09,Clay,R16,3,Joao Fonseca,Matteo Berrettini,6-3 6-2,40,90,1115,650
Monte Carlo,ATP 1000,2026/04/09,Clay,R16,3,Jannik Sinner,Tomas Machac,6-1 6-7(3) 6-3,2,53,12400,930
Monte Carlo,ATP 1000,2026/04/09,Clay,R16,3,Alexander Zverev,Zizou Bergs,6-2 7-5,3,47,5205,1010
Monte Carlo,ATP 1000,2026/04/09,Clay,R16,3,Felix Auger Aliassime,Casper Ruud,7-5 2-2 RET,7,12,4000,2625
Monte Carlo,ATP 1000,2026/04/09,Clay,R16,3,Carlos Alcaraz,Tomas Martin Etcheverry,6-1 4-6 6-3,1,30,13590,1540
Monte Carlo,ATP 1000,2026/04/09,Clay,R16,3,Alexander Bublik,Jiri Lehecka,6-2 7-5,11,13,3345,2490
Monte Carlo,ATP 1000,2026/04/09,Clay,R16,3,Valentin Vacherot,Hubert Hurkacz,6-7(4) 6-3 6-4,23,74,1818,745
Monte Carlo,ATP 1000,2026/04/09,Clay,R16,3,Alex De Minaur,Alexander Blockx,7-5 7-6(4),6,91,4095,649
Monte Carlo,ATP 1000,2026/04/10,Clay,QF,3,Alexander Zverev,Joao Fonseca,7-5 6-7(3) 6-3,3,40,5205,1115
Monte Carlo,ATP 1000,2026/04/10,Clay,QF,3,Jannik Sinner,Felix Auger Aliassime,6-3 6-4,2,7,12400,4000
Monte Carlo,ATP 1000,2026/04/10,Clay,QF,3,Carlos Alcaraz,Alexander Bublik,6-3 6-0,1,11,13590,3345
Monte Carlo,ATP 1000,2026/04/10,Clay,QF,3,Valentin Vacherot,Alex De Minaur,6-4 3-6 6-3,23,6,1818,4095
Monte Carlo,ATP 1000,2026/04/11,Clay,SF,3,Jannik Sinner,Alexander Zverev,6-1 6-4,2,3,12400,5205
Monte Carlo,ATP 1000,2026/04/11,Clay,SF,3,Carlos Alcaraz,Valentin Vacherot,6-4 6-4,1,23,13590,1818
Monte Carlo,ATP 1000,2026/04/12,Clay,F,3,Jannik Sinner,Carlos Alcaraz,7-6(5) 6-3,2,1,12400,13590
Munich,ATP 500,2026/04/13,Clay,R32,3,Ben Shelton,Emilio Nava,7-6(4) 3-6 6-3,6,103,3900,615
Munich,ATP 500,2026/04/13,Clay,R32,3,Francisco Cerundolo,Sumit Nagal,6-2 6-2,19,292,2020,179
Munich,ATP 500,2026/04/13,Clay,R32,3,Arthur Rinderknech,Alex Michelsen,6-3 6-3,26,36,1676,1200
Munich,ATP 500,2026/04/13,Clay,R32,3,Gabriel Diallo,Vitaliy Sachko,6-1 6-2,37,208,1175,282
Munich,ATP 500,2026/04/13,Clay,R32,3,Botic Van De Zandschulp,Marc Andrea Huesler,7-6(7) 6-3,49,340,931,148
Barcelona,ATP 500,2026/04/13,Clay,R32,3,Ethan Quinn,Reilly Opelka,7-5 7-6(7),50,68,927,803
Barcelona,ATP 500,2026/04/13,Clay,R32,3,Tomas Martin Etcheverry,Jack Draper,3-6 6-3 4-1 RET,29,28,1590,1610
Barcelona,ATP 500,2026/04/13,Clay,R32,3,Corentin Moutet,Ignacio Buse,6-4 6-4,31,60,1433,864
Munich,ATP 500,2026/04/13,Clay,R32,3,Alexander Blockx,Yannick Hanfmann,7-6(2) 6-2,71,51,772,899
Barcelona,ATP 500,2026/04/13,Clay,R32,3,Rafael Jodar,Jaume Munar,6-1 6-2,55,38,886,1175
Barcelona,ATP 500,2026/04/13,Clay,R32,3,Cameron Norrie,Stan Wawrinka,6-4 6-7(5) 6-4,24,107,1778,608
Barcelona,ATP 500,2026/04/13,Clay,R32,3,Nuno Borges,Adrian Mannarino,6-3 6-4,52,46,895,1025
Barcelona,ATP 500,2026/04/13,Clay,R32,3,Hamad Medjedovic,Marco Trungelliti,7-5 6-4,88,79,664,732
Munich,ATP 500,2026/04/14,Clay,R32,3,Alexander Zverev,Miomir Kecmanovic,6-3 3-6 7-6(2),3,58,5555,875
Munich,ATP 500,2026/04/14,Clay,R32,3,Alex Molcan,Alexander Bublik,6-4 6-2,166,11,376,3445
Munich,ATP 500,2026/04/14,Clay,R32,3,Flavio Cobolli,Diego Dedura,6-4 7-5,16,258,2320,210
Munich,ATP 500,2026/04/14,Clay,R32,3,Luciano Darderi,Zhizhen Zhang,7-6(5) 3-6 6-1,21,242,1920,230
Munich,ATP 500,2026/04/14,Clay,R32,3,Denis Shapovalov,Tallon Griekspoor,6-4 3-6 6-2,39,32,1120,1430
Munich,ATP 500,2026/04/14,Clay,R32,3,Daniel Altmaier,Marin Cilic,6-2 6-3,56,48,880,950
Munich,ATP 500,2026/04/14,Clay,R32,3,Zizou Bergs,Marko Topo,6-1 6-4,40,260,1110,208
Munich,ATP 500,2026/04/14,Clay,R32,3,Joao Fonseca,Alejandro Tabilo,7-6(1) 6-3,35,45,1315,1068
Munich,ATP 500,2026/04/14,Clay,R32,3,Vit Kopriva,Justin Engel,6-3 5-7 6-2,77,184,738,323
Barcelona,ATP 500,2026/04/14,Clay,R32,3,Carlos Alcaraz,Otto Virtanen,6-4 6-2,2,130,13240,487
Barcelona,ATP 500,2026/04/14,Clay,R32,3,Lorenzo Musetti,Martin Landaluce,7-5 6-2,9,101,3625,634
Barcelona,ATP 500,2026/04/14,Clay,R32,3,Alex De Minaur,Sebastian Ofner,7-6(7) 6-4,7,86,3895,673
Barcelona,ATP 500,2026/04/14,Clay,R32,3,Camilo Ugo Carabelli,Karen Khachanov,6-3 6-4,64,14,825,2410
Barcelona,ATP 500,2026/04/14,Clay,R32,3,Tomas Machac,Sebastian Baez,2-6 6-4 6-1,47,57,980,880
Barcelona,ATP 500,2026/04/14,Clay,R32,3,Lorenzo Sonego,Pedro Martinez,6-2 2-6 6-4,66,125,810,496
Barcelona,ATP 500,2026/04/14,Clay,R32,3,Arthur Fils,Terence Atmane,4-6 6-4 7-6(7),30,41,1440,1108
Barcelona,ATP 500,2026/04/14,Clay,R32,3,Andrey Rublev,Mariano Navone,6-4 7-5,15,44,2350,1085
Barcelona,ATP 500,2026/04/14,Clay,R32,3,Brandon Nakashima,Juan Manuel Cerundolo,6-3 7-5,33,69,1385,803
Munich,ATP 500,2026/04/15,Clay,R16,3,Flavio Cobolli,Zizou Bergs,6-2 6-3,16,40,2320,1110
Munich,ATP 500,2026/04/15,Clay,R16,3,Ben Shelton,Alexander Blockx,6-4 7-6(8),6,71,3900,772
Munich,ATP 500,2026/04/15,Clay,R16,3,Joao Fonseca,Arthur Rinderknech,6-3 6-2,35,26,1315,1676
Munich,ATP 500,2026/04/15,Clay,R32,3,Fabian Marozsan,Stefanos Tsitsipas,3-6 7-6(5) 6-4,42,67,1105,805
Barcelona,ATP 500,2026/04/15,Clay,R16,3,Hamad Medjedovic,Alex De Minaur,6-3 6-4,88,7,664,3895
Barcelona,ATP 500,2026/04/15,Clay,R16,3,Nuno Borges,Tomas Martin Etcheverry,6-3 7-6(4),52,29,895,1590
Munich,ATP 500,2026/04/15,Clay,R16,3,Vit Kopriva,Luciano Darderi,2-6 6-4 6-1,77,21,738,1920
Barcelona,ATP 500,2026/04/15,Clay,R16,3,Cameron Norrie,Ethan Quinn,6-3 4-6 6-4,24,50,1778,927
Barcelona,ATP 500,2026/04/15,Clay,R16,3,Rafael Jodar,Camilo Ugo Carabelli,6-3 6-3,55,64,886,825
Barcelona,ATP 500,2026/04/15,Clay,R16,3,Tomas Machac,Carlos Alcaraz,W/O,47,2,980,13240
Munich,ATP 500,2026/04/16,Clay,R16,3,Alexander Zverev,Gabriel Diallo,6-1 6-2,3,37,5555,1175
Munich,ATP 500,2026/04/16,Clay,R16,3,Francisco Cerundolo,Botic Van De Zandschulp,6-3 6-0,19,49,2020,931
Munich,ATP 500,2026/04/16,Clay,R16,3,Alex Molcan,Daniel Altmaier,6-4 7-6(10),166,56,376,880
Munich,ATP 500,2026/04/16,Clay,R16,3,Denis Shapovalov,Fabian Marozsan,7-6(4) 6-2,39,42,1120,1105
Barcelona,ATP 500,2026/04/16,Clay,R16,3,Lorenzo Musetti,Corentin Moutet,6-3 6-4,9,31,3625,1433
Barcelona,ATP 500,2026/04/16,Clay,R16,3,Andrey Rublev,Lorenzo Sonego,6-2 6-3,15,66,2350,810
Barcelona,ATP 500,2026/04/16,Clay,R16,3,Arthur Fils,Brandon Nakashima,6-2 6-3,30,33,1440,1385
Munich,ATP 500,2026/04/17,Clay,QF,3,Ben Shelton,Joao Fonseca,6-3 3-6 6-3,6,35,3900,1315
Munich,ATP 500,2026/04/17,Clay,QF,3,Alexander Zverev,Francisco Cerundolo,5-7 6-0 6-2,3,19,5555,2020
Munich,ATP 500,2026/04/17,Clay,QF,3,Flavio Cobolli,Vit Kopriva,6-3 6-2,16,77,2320,738
Barcelona,ATP 500,2026/04/17,Clay,QF,3,Arthur Fils,Lorenzo Musetti,6-3 6-4,30,9,1440,3625
Barcelona,ATP 500,2026/04/17,Clay,QF,3,Andrey Rublev,Tomas Machac,6-4 6-3,15,47,2350,980
Barcelona,ATP 500,2026/04/17,Clay,QF,3,Hamad Medjedovic,Nuno Borges,7-6(6) 6-2,88,52,664,895
Munich,ATP 500,2026/04/17,Clay,QF,3,Alex Molcan,Denis Shapovalov,6-4 6-4,166,39,376,1120
Barcelona,ATP 500,2026/04/17,Clay,QF,3,Rafael Jodar,Cameron Norrie,6-3 6-2,55,24,886,1778
Munich,ATP 500,2026/04/18,Clay,SF,3,Flavio Cobolli,Alexander Zverev,6-3 6-3,16,3,2320,5555
Munich,ATP 500,2026/04/18,Clay,SF,3,Ben Shelton,Alex Molcan,6-3 6-4,6,166,3900,376
Barcelona,ATP 500,2026/04/18,Clay,SF,3,Andrey Rublev,Hamad Medjedovic,3-6 6-2 6-2,15,88,2350,664
Barcelona,ATP 500,2026/04/18,Clay,SF,3,Arthur Fils,Rafael Jodar,3-6 6-3 6-2,30,55,1440,886
Munich,ATP 500,2026/04/19,Clay,F,3,Ben Shelton,Flavio Cobolli,6-2 7-5,6,16,3900,2320
Barcelona,ATP 500,2026/04/19,Clay,F,3,Arthur Fils,Andrey Rublev,6-2 7-6(2),30,15,1440,2350
Madrid Masters,ATP 1000,2026/04/22,Clay,R128,3,Sebastian Ofner,Nikoloz Basilashvili,7-6(5) 7-6(0),83,120,698,516
Madrid Masters,ATP 1000,2026/04/22,Clay,R128,3,Ignacio Buse,Adrian Mannarino,6-4 6-2,58,46,864,1025
Madrid Masters,ATP 1000,2026/04/22,Clay,R128,3,Marin Cilic,Zizou Bergs,4-6 6-3 6-4,51,44,950,1060
Madrid Masters,ATP 1000,2026/04/22,Clay,R128,3,Damir Dzumhur,Mattia Bellucci,6-2 6-4,84,78,694,734
Madrid Masters,ATP 1000,2026/04/22,Clay,R128,3,Vit Kopriva,Zhizhen Zhang,6-2 6-0,66,245,826,230
Madrid Masters,ATP 1000,2026/04/22,Clay,R128,3,Dusan Lajovic,Lorenzo Sonego,6-3 7-6(1),138,62,451,850
Madrid Masters,ATP 1000,2026/04/22,Clay,R128,3,Emilio Nava,Jenson Brooksby,6-3 7-5,116,61,549,852
Madrid Masters,ATP 1000,2026/04/22,Clay,R128,3,Dino Prizmic,Matteo Berrettini,6-3 6-4,87,92,670,650
Madrid Masters,ATP 1000,2026/04/22,Clay,R128,3,Jan Lennard Struff,Alexandre Muller,7-6(3) 6-0,81,95,709,641
Madrid Masters,ATP 1000,2026/04/22,Clay,R128,3,Thiago Agustin Tirante,Roberto Bautista Agut,6-2 6-4,75,93,765,649
Madrid Masters,ATP 1000,2026/04/22,Clay,R128,3,Hubert Hurkacz,Jaime Faria,6-3 6-3,63,136,845,459
Madrid Masters,ATP 1000,2026/04/22,Clay,R128,3,Elmer Moller,Federico Cina,6-4 7-6(4),169,205,364,285
Madrid Masters,ATP 1000,2026/04/22,Clay,R128,3,Rafael Jodar,Jesper De Jong,2-6 7-5 6-4,42,109,1080,588
Madrid Masters,ATP 1000,2026/04/22,Clay,R128,3,Benjamin Bonzi,Titouan Droguet,6-7(4) 7-6(4) 6-4,104,113,616,571
Madrid Masters,ATP 1000,2026/04/22,Clay,R128,3,Tomas Machac,Francisco Comesana,3-6 7-6(3) 6-3,41,105,1080,610
Madrid Masters,ATP 1000,2026/04/22,Clay,R128,3,Alejandro Tabilo,Valentin Royer,6-2 6-4,43,72,1068,794
Madrid Masters,ATP 1000,2026/04/23,Clay,R128,3,Adolfo Daniel Vallejo,Grigor Dimitrov,6-4 6-4,96,137,640,455
Madrid Masters,ATP 1000,2026/04/23,Clay,R128,3,Terence Atmane,Miomir Kecmanovic,6-4 7-5,47,65,983,835
Madrid Masters,ATP 1000,2026/04/23,Clay,R128,3,Alexander Blockx,Cristian Garin,4-6 7-5 7-5,69,85,814,679
Madrid Masters,ATP 1000,2026/04/23,Clay,R128,3,Pablo Carreno Busta,Marton Fucsovics,4-6 7-6(5) 6-2,94,54,646,887
Madrid Masters,ATP 1000,2026/04/23,Clay,R128,3,Martin Damm,Alexei Popyrin,7-6(7) 6-4,126,56,499,870
Madrid Masters,ATP 1000,2026/04/23,Clay,R128,3,Yannick Hanfmann,Marcos Giron,6-4 6-7(3) 7-5,60,76,857,750
Madrid Masters,ATP 1000,2026/04/23,Clay,R128,3,Fabian Marozsan,Ethan Quinn,7-6(5) 7-6(6),50,48,955,977
Madrid Masters,ATP 1000,2026/04/23,Clay,R128,3,Jaume Munar,Alexander Shevchenko,6-4 6-1,38,82,1135,704
Madrid Masters,ATP 1000,2026/04/23,Clay,R128,3,Mariano Navone,Nuno Borges,6-3 6-4,45,49,1055,970
Madrid Masters,ATP 1000,2026/04/23,Clay,R128,3,Juan Manuel Cerundolo,Daniel Altmaier,6-4 6-4,67,55,816,880
Madrid Masters,ATP 1000,2026/04/23,Clay,R128,3,Vilius Gaubas,Sebastian Baez,7-5 6-1,124,64,503,840
Madrid Masters,ATP 1000,2026/04/23,Clay,R128,3,Stefanos Tsitsipas,Patrick Kypson,3-6 7-6(6) 7-6(4),80,90,715,653
Madrid Masters,ATP 1000,2026/04/23,Clay,R128,3,Camilo Ugo Carabelli,Gael Monfils,6-3 6-4,57,200,865,290
Madrid Masters,ATP 1000,2026/04/23,Clay,R128,3,Nicolai Budkov Kjaer,Reilly Opelka,5-3 RET,140,70,451,803
Madrid Masters,ATP 1000,2026/04/23,Clay,R128,3,Daniel Merida,Marco Trungelliti,6-4 1-6 7-6(6),102,77,632,737
Madrid Masters,ATP 1000,2026/04/23,Clay,R128,3,Adam Walton,Martin Landaluce,6-2 6-3,117,99,547,634
Madrid Masters,ATP 1000,2026/04/24,Clay,R64,3,Elmer Moller,Gabriel Diallo,7-5 3-3 RET,169,36,364,1200
Madrid Masters,ATP 1000,2026/04/24,Clay,R64,3,Lorenzo Musetti,Hubert Hurkacz,6-4 7-6(4),9,63,3715,845
Madrid Masters,ATP 1000,2026/04/24,Clay,R64,3,Emilio Nava,Valentin Vacherot,6-7(5) 7-6(1) 6-3,116,17,549,2168
Madrid Masters,ATP 1000,2026/04/24,Clay,R64,3,Arthur Rinderknech,Dusan Lajovic,6-3 6-2,26,138,1716,451
Madrid Masters,ATP 1000,2026/04/24,Clay,R64,3,Tallon Griekspoor,Damir Dzumhur,6-3 6-4,33,84,1340,694
Madrid Masters,ATP 1000,2026/04/24,Clay,R64,3,Alex Michelsen,Jan Lennard Struff,6-2 6-1,37,81,1200,709
Madrid Masters,ATP 1000,2026/04/24,Clay,R64,3,Joao Fonseca,Marin Cilic,W/O,31,51,1415,950
Madrid Masters,ATP 1000,2026/04/24,Clay,R64,3,Jannik Sinner,Benjamin Bonzi,6-7(6) 6-1 6-4,1,104,13350,616
Madrid Masters,ATP 1000,2026/04/24,Clay,R64,3,Dino Prizmic,Ben Shelton,6-4 6-7(4) 7-6(5),87,6,670,4070
Madrid Masters,ATP 1000,2026/04/24,Clay,R64,3,Jiri Lehecka,Alejandro Tabilo,3-6 7-6(3) 6-4,14,43,2540,1068
Madrid Masters,ATP 1000,2026/04/24,Clay,R64,3,Arthur Fils,Ignacio Buse,6-7(4) 7-6(3) 7-5,25,58,1740,864
Madrid Masters,ATP 1000,2026/04/24,Clay,R64,3,Tomas Martin Etcheverry,Sebastian Ofner,6-4 6-4,29,83,1590,698
Madrid Masters,ATP 1000,2026/04/24,Clay,R64,3,Cameron Norrie,Tomas Machac,6-2 6-7(6) 7-6(5),23,41,1868,1080
Madrid Masters,ATP 1000,2026/04/24,Clay,R64,3,Rafael Jodar,Alex De Minaur,6-3 6-1,42,8,1080,3845
Madrid Masters,ATP 1000,2026/04/24,Clay,R64,3,Vit Kopriva,Andrey Rublev,6-3 6-4,66,12,826,2630
Madrid Masters,ATP 1000,2026/04/24,Clay,R64,3,Thiago Agustin Tirante,Tommy Paul,7-5 6-4,75,18,765,2065
Madrid Masters,ATP 1000,2026/04/25,Clay,R64,3,Francisco Cerundolo,Yannick Hanfmann,6-1 7-5,20,60,1920,857
Madrid Masters,ATP 1000,2026/04/25,Clay,R64,3,Karen Khachanov,Adam Walton,6-2 6-3,16,117,2220,547
Madrid Masters,ATP 1000,2026/04/25,Clay,R64,3,Alejandro Davidovich Fokina,Pablo Carreno Busta,6-3 6-3,24,94,1820,646
Madrid Masters,ATP 1000,2026/04/25,Clay,R64,3,Terence Atmane,Ugo Humbert,7-6(3) 7-6(5),47,34,983,1320
Madrid Masters,ATP 1000,2026/04/25,Clay,R64,3,Felix Auger Aliassime,Vilius Gaubas,6-3 6-4,5,124,4100,503
Madrid Masters,ATP 1000,2026/04/25,Clay,R64,3,Casper Ruud,Jaume Munar,6-0 6-1,15,38,2535,1135
Madrid Masters,ATP 1000,2026/04/25,Clay,R64,3,Luciano Darderi,Juan Manuel Cerundolo,6-1 6-3,22,67,1870,816
Madrid Masters,ATP 1000,2026/04/25,Clay,R64,3,Jakub Mensik,Martin Damm,6-3 6-4,27,126,1700,499
Madrid Masters,ATP 1000,2026/04/25,Clay,R64,3,Alexander Blockx,Brandon Nakashima,3-6 6-3 6-4,69,32,814,1385
Madrid Masters,ATP 1000,2026/04/25,Clay,R64,3,Flavio Cobolli,Camilo Ugo Carabelli,6-7(7) 6-1 6-4,13,57,2600,865
Madrid Masters,ATP 1000,2026/04/25,Clay,R64,3,Alexander Zverev,Mariano Navone,6-1 3-6 6-3,3,45,5255,1055
Madrid Masters,ATP 1000,2026/04/25,Clay,R64,3,Adolfo Daniel Vallejo,Learner Tien,6-4 6-3,96,21,640,1885
Madrid Masters,ATP 1000,2026/04/26,Clay,R64,3,Stefanos Tsitsipas,Alexander Bublik,6-2 7-5,80,11,715,3445
Madrid Masters,ATP 1000,2026/04/26,Clay,R64,3,Daniil Medvedev,Fabian Marozsan,6-2 6-7(3) 6-4,10,50,3560,955
Madrid Masters,ATP 1000,2026/04/26,Clay,R64,3,Daniel Merida,Corentin Moutet,6-3 6-4,102,30,632,1433
Madrid Masters,ATP 1000,2026/04/26,Clay,R64,3,Nicolai Budkov Kjaer,Denis Shapovalov,6-2 6-1,140,35,451,1210
Madrid Masters,ATP 1000,2026/04/26,Clay,R32,3,Lorenzo Musetti,Tallon Griekspoor,6-4 7-5,9,33,3715,1340
Madrid Masters,ATP 1000,2026/04/26,Clay,R32,3,Jiri Lehecka,Alex Michelsen,6-4 6-2,14,37,2540,1200
Madrid Masters,ATP 1000,2026/04/26,Clay,R32,3,Jannik Sinner,Elmer Moller,6-2 6-3,1,169,13350,364
Madrid Masters,ATP 1000,2026/04/26,Clay,R32,3,Tomas Martin Etcheverry,Dino Prizmic,2-6 6-4 6-3,29,87,1590,670
Madrid Masters,ATP 1000,2026/04/26,Clay,R32,3,Cameron Norrie,Thiago Agustin Tirante,7-5 7-6(5),23,75,1868,765
Madrid Masters,ATP 1000,2026/04/26,Clay,R32,3,Arthur Fils,Emilio Nava,7-6(2) 6-3,25,116,1740,549
Madrid Masters,ATP 1000,2026/04/26,Clay,R32,3,Vit Kopriva,Arthur Rinderknech,6-4 3-6 RET,66,26,826,1716
Madrid Masters,ATP 1000,2026/04/27,Clay,R32,3,Rafael Jodar,Joao Fonseca,7-6(4) 4-6 6-1,42,31,1080,1415
Madrid Masters,ATP 1000,2026/04/27,Clay,R32,3,Casper Ruud,Alejandro Davidovich Fokina,6-3 6-1,15,24,2535,1820
Madrid Masters,ATP 1000,2026/04/27,Clay,R32,3,Daniil Medvedev,Nicolai Budkov Kjaer,6-3 6-2,10,140,3560,451
Madrid Masters,ATP 1000,2026/04/27,Clay,R32,3,Stefanos Tsitsipas,Daniel Merida,6-4 6-2,80,102,715,632
Madrid Masters,ATP 1000,2026/04/27,Clay,R32,3,Flavio Cobolli,Adolfo Daniel Vallejo,6-3 6-2,13,96,2600,640
Madrid Masters,ATP 1000,2026/04/27,Clay,R32,3,Alexander Blockx,Felix Auger Aliassime,7-6(3) 6-3,69,5,814,4100
Madrid Masters,ATP 1000,2026/04/27,Clay,R32,3,Alexander Zverev,Terence Atmane,6-3 7-6(2),3,47,5255,983
Madrid Masters,ATP 1000,2026/04/27,Clay,R32,3,Jakub Mensik,Karen Khachanov,6-4 7-6(11),27,16,1700,2220
Madrid Masters,ATP 1000,2026/04/27,Clay,R32,3,Francisco Cerundolo,Luciano Darderi,6-2 6-3,20,22,1920,1870
Madrid Masters,ATP 1000,2026/04/28,Clay,R16,3,Jannik Sinner,Cameron Norrie,6-2 7-5,1,23,13350,1868
Madrid Masters,ATP 1000,2026/04/28,Clay,R16,3,Arthur Fils,Tomas Martin Etcheverry,6-3 6-4,25,29,1740,1590
Madrid Masters,ATP 1000,2026/04/28,Clay,R16,3,Casper Ruud,Stefanos Tsitsipas,6-7(4) 7-6(2) 7-6(3),15,80,2535,715
Madrid Masters,ATP 1000,2026/04/28,Clay,R16,3,Jiri Lehecka,Lorenzo Musetti,6-3 6-3,14,9,2540,3715
Madrid Masters,ATP 1000,2026/04/28,Clay,R16,3,Rafael Jodar,Vit Kopriva,7-5 6-0,42,66,1080,826
Madrid Masters,ATP 1000,2026/04/28,Clay,R16,3,Alexander Blockx,Francisco Cerundolo,7-6(8) 6-2,69,20,814,1920
Madrid Masters,ATP 1000,2026/04/29,Clay,R16,3,Alexander Zverev,Jakub Mensik,6-4 6-7(4) 6-3,3,27,5255,1700
Madrid Masters,ATP 1000,2026/04/29,Clay,R16,3,Flavio Cobolli,Daniil Medvedev,6-3 5-7 6-4,13,10,2600,3560
Madrid Masters,ATP 1000,2026/04/29,Clay,QF,3,Jannik Sinner,Rafael Jodar,6-2 7-6(0),1,42,13350,1080
Madrid Masters,ATP 1000,2026/04/29,Clay,QF,3,Arthur Fils,Jiri Lehecka,6-3 6-4,25,14,1740,2540
Madrid Masters,ATP 1000,2026/04/30,Clay,QF,3,Alexander Blockx,Casper Ruud,6-4 6-4,69,15,814,2535
Madrid Masters,ATP 1000,2026/04/30,Clay,QF,3,Alexander Zverev,Flavio Cobolli,6-1 6-4,3,13,5255,2600
Madrid Masters,ATP 1000,2026/05/01,Clay,SF,3,Jannik Sinner,Arthur Fils,6-2 6-4,1,25,13350,1740
Madrid Masters,ATP 1000,2026/05/01,Clay,SF,3,Alexander Zverev,Alexander Blockx,6-2 7-5,3,69,5255,814
Madrid Masters,ATP 1000,2026/05/03,Clay,F,3,Jannik Sinner,Alexander Zverev,6-1 6-2,1,3,13350,5255
Rome Masters,ATP 1000,2026/05/06,Clay,R128,3,Botic Van De Zandschulp,Alexandre Muller,7-5 6-3,54,105,898,601
Rome Masters,ATP 1000,2026/05/06,Clay,R128,3,Daniel Altmaier,Zhizhen Zhang,4-6 7-6(3) 6-4,64,239,860,240
Rome Masters,ATP 1000,2026/05/06,Clay,R128,3,Sebastian Baez,Jenson Brooksby,6-3 7-6(8),65,63,840,862
Rome Masters,ATP 1000,2026/05/06,Clay,R128,3,Damir Dzumhur,Adrian Mannarino,6-4 6-0,87,45,674,1035
Rome Masters,ATP 1000,2026/05/06,Clay,R128,3,Vit Kopriva,Fabian Marozsan,6-3 6-3,55,49,896,975
Rome Masters,ATP 1000,2026/05/06,Clay,R128,3,Zachary Svajda,Marco Trungelliti,0-6 6-4 7-6(4),90,78,666,743
Rome Masters,ATP 1000,2026/05/06,Clay,R128,3,Yannick Hanfmann,Hubert Hurkacz,6-7(3) 7-6(2) 6-2,59,53,879,930
Rome Masters,ATP 1000,2026/05/06,Clay,R128,3,Alejandro Tabilo,Pablo Carreno Busta,6-2 6-1,35,91,1248,663
Rome Masters,ATP 1000,2026/05/06,Clay,R128,3,Matteo Arnaldi,Jaume Munar,6-3 3-6 6-3,106,38,596,1155
Rome Masters,ATP 1000,2026/05/06,Clay,R128,3,Nuno Borges,Jesper De Jong,6-3 6-0,52,102,950,610
Rome Masters,ATP 1000,2026/05/06,Clay,R128,3,Alexander Shevchenko,Camilo Ugo Carabelli,6-3 4-6 7-6(5),85,61,698,865
Rome Masters,ATP 1000,2026/05/06,Clay,R128,3,Jan Lennard Struff,Francisco Comesana,6-2 6-4,83,114,709,570
Rome Masters,ATP 1000,2026/05/06,Clay,R128,3,Aleksandar Vukic,Patrick Kypson,6-3 5-7 6-0,99,89,626,669
Rome Masters,ATP 1000,2026/05/07,Clay,R128,3,Cristian Garin,Juan Manuel Cerundolo,7-6(2) 7-5,104,72,602,776
Rome Masters,ATP 1000,2026/05/07,Clay,R128,3,Terence Atmane,Zizou Bergs,6-3 6-4,51,39,958,1140
Rome Masters,ATP 1000,2026/05/07,Clay,R128,3,Nikoloz Basilashvili,Daniel Merida,6-4 2-6 6-3,117,86,539,696
Rome Masters,ATP 1000,2026/05/07,Clay,R128,3,Roberto Bautista Agut,Francesco Maestrelli,6-3 7-6(2),98,112,629,575
Rome Masters,ATP 1000,2026/05/07,Clay,R128,3,Mattia Bellucci,Roman Andres Burruchaga,6-4 6-4,80,56,737,885
Rome Masters,ATP 1000,2026/05/07,Clay,R128,3,Alexander Blockx,Federico Cina,4-6 6-1 6-3,36,225,1200,255
Rome Masters,ATP 1000,2026/05/07,Clay,R128,3,Marin Cilic,Marcos Giron,7-5 6-4,47,77,980,745
Rome Masters,ATP 1000,2026/05/07,Clay,R128,3,Miomir Kecmanovic,Dalibor Svrcina,6-2 6-3,70,116,795,547
Rome Masters,ATP 1000,2026/05/07,Clay,R128,3,Pablo Llamas Ruiz,Ethan Quinn,6-3 5-7 6-3,139,48,448,977
Rome Masters,ATP 1000,2026/05/07,Clay,R128,3,Tomas Machac,Stefanos Tsitsipas,6-4 7-6(4),41,75,1100,765
Rome Masters,ATP 1000,2026/05/07,Clay,R128,3,Alexei Popyrin,Matteo Berrettini,6-2 6-3,60,100,870,625
Rome Masters,ATP 1000,2026/05/07,Clay,R128,3,Giovanni Mpetshi Perricard,Jacob Fearnley,7-6(6) 4-6 6-2,58,123,880,523
Rome Masters,ATP 1000,2026/05/07,Clay,R128,3,Dino Prizmic,Marton Fucsovics,6-4 6-3,79,57,740,884
Rome Masters,ATP 1000,2026/05/07,Clay,R128,3,Mariano Navone,Denis Shapovalov,6-4 6-2,44,37,1046,1170
Rome Masters,ATP 1000,2026/05/07,Clay,R128,3,Ignacio Buse,Lorenzo Sonego,6-3 6-3,62,66,863,830
Rome Masters,ATP 1000,2026/05/07,Clay,R128,3,Hamad Medjedovic,Valentin Royer,6-4 6-3,67,71,804,788
Rome Masters,ATP 1000,2026/05/07,Clay,R128,3,Sebastian Ofner,Alex Michelsen,6-3 6-3,82,42,711,1090
Rome Masters,ATP 1000,2026/05/07,Clay,R128,3,Thiago Agustin Tirante,Gianluca Cadenasso,6-7(5) 6-4 6-0,69,196,801,297
Rome Masters,ATP 1000,2026/05/07,Clay,R128,3,Andrea Pellegrino,Luca Nardi,4-6 6-3 6-3,155,151,393,409
Rome Masters,ATP 1000,2026/05/08,Clay,R64,3,Matteo Arnaldi,Alex De Minaur,4-6 7-6(5) 6-4,106,8,596,3755
Rome Masters,ATP 1000,2026/05/08,Clay,R64,3,Karen Khachanov,Alexander Shevchenko,6-4 6-4,15,85,2220,698
Rome Masters,ATP 1000,2026/05/08,Clay,R64,3,Rafael Jodar,Nuno Borges,7-6(4) 6-4,34,52,1273,950
Rome Masters,ATP 1000,2026/05/08,Clay,R64,3,Learner Tien,Damir Dzumhur,6-2 6-1,21,87,1870,674
Rome Masters,ATP 1000,2026/05/08,Clay,R64,3,Alexander Zverev,Daniel Altmaier,7-5 6-3,3,64,5805,860
Rome Masters,ATP 1000,2026/05/08,Clay,R64,3,Jiri Lehecka,Jan Lennard Struff,7-6(4) 6-3,13,83,2715,709
Rome Masters,ATP 1000,2026/05/08,Clay,R64,3,Casper Ruud,Zachary Svajda,6-1 6-3,25,90,1735,666
Rome Masters,ATP 1000,2026/05/08,Clay,R64,3,Francisco Cerundolo,Alejandro Tabilo,6-0 6-2,27,35,1620,1248
Rome Masters,ATP 1000,2026/05/08,Clay,R64,3,Botic Van De Zandschulp,Aleksandar Kovacevic,2-6 6-2 7-6(5),54,95,898,639
Rome Masters,ATP 1000,2026/05/08,Clay,R64,3,Alexander Bublik,Sebastian Baez,6-1 6-2,11,65,3355,840
Rome Masters,ATP 1000,2026/05/08,Clay,R64,3,Dino Prizmic,Novak Djokovic,2-6 6-2 6-4,79,4,740,4700
Rome Masters,ATP 1000,2026/05/08,Clay,R64,3,Tommy Paul,Aleksandar Vukic,6-4 6-2,18,99,1975,626
Rome Masters,ATP 1000,2026/05/08,Clay,R64,3,Alexander Blockx,Tallon Griekspoor,6-7(5) 6-3 6-4,36,31,1200,1360
Rome Masters,ATP 1000,2026/05/08,Clay,R64,3,Ugo Humbert,Vit Kopriva,6-3 6-2,33,55,1280,896
Rome Masters,ATP 1000,2026/05/09,Clay,R64,3,Luciano Darderi,Yannick Hanfmann,6-4 6-4,20,59,1890,879
Rome Masters,ATP 1000,2026/05/09,Clay,R64,3,Lorenzo Musetti,Giovanni Mpetshi Perricard,6-4 6-4,10,58,3415,880
Rome Masters,ATP 1000,2026/05/09,Clay,R64,3,Mariano Navone,Felix Auger Aliassime,7-6(4) 7-6(5),44,5,1046,4050
Rome Masters,ATP 1000,2026/05/09,Clay,R64,3,Daniil Medvedev,Tomas Machac,W/O,9,41,3460,1100
Rome Masters,ATP 1000,2026/05/09,Clay,R64,3,Andrey Rublev,Miomir Kecmanovic,6-4 6-4,14,70,2590,795
Rome Masters,ATP 1000,2026/05/09,Clay,R64,3,Alejandro Davidovich Fokina,Cristian Garin,7-6(2) 6-4,23,104,1820,602
Rome Masters,ATP 1000,2026/05/09,Clay,R64,3,Martin Landaluce,Marin Cilic,6-4 6-4,94,47,639,980
Rome Masters,ATP 1000,2026/05/09,Clay,R64,3,Brandon Nakashima,Roberto Bautista Agut,6-4 6-0,32,98,1295,629
Rome Masters,ATP 1000,2026/05/09,Clay,R64,3,Thiago Agustin Tirante,Cameron Norrie,6-3 7-5,69,19,801,1918
Rome Masters,ATP 1000,2026/05/09,Clay,R64,3,Mattia Bellucci,Tomas Martin Etcheverry,5-7 6-2 6-3,80,26,737,1660
Rome Masters,ATP 1000,2026/05/09,Clay,R64,3,Pablo Llamas Ruiz,Corentin Moutet,6-4 3-6 7-6(4),139,30,448,1413
Rome Masters,ATP 1000,2026/05/09,Clay,R64,3,Flavio Cobolli,Terence Atmane,7-6(1) 6-3,12,51,2750,958
Rome Masters,ATP 1000,2026/05/09,Clay,R64,3,Hamad Medjedovic,Joao Fonseca,3-6 6-3 7-6(1),67,29,804,1435
Rome Masters,ATP 1000,2026/05/09,Clay,R64,3,Jannik Sinner,Sebastian Ofner,6-3 6-4,1,82,14350,711
Rome Masters,ATP 1000,2026/05/09,Clay,R64,3,Nikoloz Basilashvili,Ben Shelton,6-4 6-7(5) 6-3,117,6,539,4030
Rome Masters,ATP 1000,2026/05/09,Clay,R64,3,Andrea Pellegrino,Arthur Fils,4-0 RET,155,17,393,2130
Rome Masters,ATP 1000,2026/05/09,Clay,R64,3,Frances Tiafoe,Ignacio Buse,6-7(5) 6-3 6-2,22,62,1865,863
Rome Masters,ATP 1000,2026/05/10,Clay,R64,3,Alexei Popyrin,Jakub Mensik,6-3 2-6 6-4,60,28,870,1600
Rome Masters,ATP 1000,2026/05/10,Clay,R32,3,Casper Ruud,Jiri Lehecka,6-3 6-4,25,13,1735,2715
Rome Masters,ATP 1000,2026/05/10,Clay,R32,3,Alexander Zverev,Alexander Blockx,6-1 6-4,3,36,5805,1200
Rome Masters,ATP 1000,2026/05/10,Clay,R32,3,Dino Prizmic,Ugo Humbert,6-1 7-5,79,33,740,1280
Rome Masters,ATP 1000,2026/05/10,Clay,R32,3,Karen Khachanov,Botic Van De Zandschulp,5-7 6-4 6-4,15,54,2220,898
Rome Masters,ATP 1000,2026/05/10,Clay,R32,3,Lorenzo Musetti,Francisco Cerundolo,7-6(7) 6-4,10,27,3415,1620
Rome Masters,ATP 1000,2026/05/10,Clay,R32,3,Rafael Jodar,Matteo Arnaldi,6-1 4-6 6-3,34,106,1273,596
Rome Masters,ATP 1000,2026/05/10,Clay,R32,3,Learner Tien,Alexander Bublik,4-6 6-3 7-5,21,11,1870,3355
Rome Masters,ATP 1000,2026/05/10,Clay,R32,3,Luciano Darderi,Tommy Paul,3-6 6-3 6-2,20,18,1890,1975
Rome Masters,ATP 1000,2026/05/11,Clay,R32,3,Nikoloz Basilashvili,Brandon Nakashima,7-6(5) 6-4,117,32,539,1295
Rome Masters,ATP 1000,2026/05/11,Clay,R32,3,Andrey Rublev,Alejandro Davidovich Fokina,6-4 6-4,14,23,2590,1820
Rome Masters,ATP 1000,2026/05/11,Clay,R32,3,Martin Landaluce,Mattia Bellucci,6-4 6-3,94,80,639,737
Rome Masters,ATP 1000,2026/05/11,Clay,R32,3,Andrea Pellegrino,Frances Tiafoe,7-6(8) 6-1,155,22,393,1865
Rome Masters,ATP 1000,2026/05/11,Clay,R32,3,Jannik Sinner,Alexei Popyrin,6-2 6-0,1,60,14350,870
Rome Masters,ATP 1000,2026/05/11,Clay,R32,3,Daniil Medvedev,Pablo Llamas Ruiz,3-6 6-4 6-2,9,139,3460,448
Rome Masters,ATP 1000,2026/05/11,Clay,R32,3,Thiago Agustin Tirante,Flavio Cobolli,6-3 6-4,69,12,801,2750
Rome Masters,ATP 1000,2026/05/11,Clay,R32,3,Hamad Medjedovic,Mariano Navone,4-6 6-3 6-4,67,44,804,1046
Rome Masters,ATP 1000,2026/05/12,Clay,R16,3,Casper Ruud,Lorenzo Musetti,6-3 6-1,25,10,1735,3415
Rome Masters,ATP 1000,2026/05/12,Clay,R16,3,Karen Khachanov,Dino Prizmic,6-1 7-6(2),15,79,2220,740
Rome Masters,ATP 1000,2026/05/12,Clay,R16,3,Rafael Jodar,Learner Tien,6-1 6-4,34,21,1273,1870
Rome Masters,ATP 1000,2026/05/12,Clay,R16,3,Jannik Sinner,Andrea Pellegrino,6-2 6-3,1,155,14350,393
Rome Masters,ATP 1000,2026/05/12,Clay,R16,3,Luciano Darderi,Alexander Zverev,1-6 7-6(10) 6-0,20,3,1890,5805
Rome Masters,ATP 1000,2026/05/12,Clay,R16,3,Andrey Rublev,Nikoloz Basilashvili,3-6 7-6(5) 6-2,14,117,2590,539
Rome Masters,ATP 1000,2026/05/12,Clay,R16,3,Martin Landaluce,Hamad Medjedovic,7-5 6-4,94,67,639,804
Rome Masters,ATP 1000,2026/05/12,Clay,R16,3,Daniil Medvedev,Thiago Agustin Tirante,6-3 6-2,9,69,3460,801
Rome Masters,ATP 1000,2026/05/13,Clay,QF,3,Casper Ruud,Karen Khachanov,6-1 1-6 6-2,25,15,1735,2220
Rome Masters,ATP 1000,2026/05/14,Clay,QF,3,Luciano Darderi,Rafael Jodar,7-6(5) 5-7 6-0,20,34,1890,1273
Rome Masters,ATP 1000,2026/05/14,Clay,QF,3,Jannik Sinner,Andrey Rublev,6-2 6-4,1,14,14350,2590
Rome Masters,ATP 1000,2026/05/14,Clay,QF,3,Daniil Medvedev,Martin Landaluce,1-6 6-4 7-5,9,94,3460,639
Rome Masters,ATP 1000,2026/05/15,Clay,SF,3,Casper Ruud,Luciano Darderi,6-1 6-1,25,20,1735,1890
Rome Masters,ATP 1000,2026/05/16,Clay,SF,3,Jannik Sinner,Daniil Medvedev,6-2 5-7 6-4,1,9,14350,3460
Rome Masters,ATP 1000,2026/05/17,Clay,F,3,Jannik Sinner,Casper Ruud,6-4 6-4,1,25,14350,1735
Geneva,ATP 250,2026/05/18,Clay,R32,3,Alex Michelsen,Sebastian Baez,7-5 6-3,41,62,1075,860
Geneva,ATP 250,2026/05/18,Clay,R32,3,Mariano Navone,Marco Trungelliti,5-7 7-5 6-1,42,81,1066,731
Geneva,ATP 250,2026/05/18,Clay,R32,3,Arthur Rinderknech,Thiago Agustin Tirante,6-4 6-1,24,58,1711,887
Geneva,ATP 250,2026/05/18,Clay,R32,3,Francisco Comesana,Valentin Royer,2-6 6-3 6-4,114,73,570,773
Geneva,ATP 250,2026/05/18,Clay,R32,3,Stefanos Tsitsipas,Giovanni Mpetshi Perricard,6-4 7-6(8),82,80,725,735
Geneva,ATP 250,2026/05/18,Clay,R32,3,Stan Wawrinka,Raul Brancaccio,6-2 4-6 7-6(5),119,241,528,236
Geneva,ATP 250,2026/05/18,Clay,R32,3,Edas Butvilas,Lorenzo Sonego,6-3 6-1,253,69,215,815
Hamburg,ATP 500,2026/05/18,Clay,R32,3,Tommy Paul,Ethan Quinn,6-1 6-3,26,49,1625,974
Hamburg,ATP 500,2026/05/18,Clay,R32,3,Frances Tiafoe,Diego Dedura,6-4 6-4,21,281,1905,187
Hamburg,ATP 500,2026/05/18,Clay,R32,3,Alex De Minaur,Francisco Cerundolo,3-6 6-4 6-3,9,27,3665,1570
Hamburg,ATP 500,2026/05/18,Clay,R32,3,Alejandro Davidovich Fokina,Corentin Moutet,6-4 6-4,23,32,1820,1323
Hamburg,ATP 500,2026/05/18,Clay,R32,3,Camilo Ugo Carabelli,Kamil Majchrzak,1-6 6-2 6-3,68,77,825,747
Hamburg,ATP 500,2026/05/18,Clay,R32,3,Tomas Martin Etcheverry,Terence Atmane,6-2 7-6(4),25,51,1630,938
Hamburg,ATP 500,2026/05/18,Clay,R32,3,Yannick Hanfmann,Max Schoenhaus,6-3 6-7(4) 6-4,55,452,899,101
Hamburg,ATP 500,2026/05/18,Clay,R32,3,Daniel Altmaier,Rinky Hijikata,7-5 6-2,65,96,843,637
Hamburg,ATP 500,2026/05/18,Clay,R32,3,Ben Shelton,Marcos Giron,6-3 4-6 7-6(3),6,84,4030,705
Hamburg,ATP 500,2026/05/18,Clay,R32,3,Jakub Mensik,Jan Lennard Struff,7-6(3) 6-2,28,79,1510,739
Geneva,ATP 250,2026/05/19,Clay,R32,3,Raphael Collignon,Adrian Mannarino,6-3 7-6(5),64,44,854,1037
Geneva,ATP 250,2026/05/19,Clay,R32,3,Casper Ruud,Jenson Brooksby,6-3 7-5,17,60,2185,872
Geneva,ATP 250,2026/05/19,Clay,R32,3,Jaume Munar,Nishesh Basavareddy,6-0 6-3,39,156,1105,396
Geneva,ATP 250,2026/05/19,Clay,R32,3,Alexei Popyrin,Clement Tabur,7-6(2) 6-7(5) 6-4,61,165,870,360
Hamburg,ATP 500,2026/05/19,Clay,R32,3,Ugo Humbert,Justin Engel,6-3 3-6 7-6(2),34,190,1280,316
Hamburg,ATP 500,2026/05/19,Clay,R32,3,Felix Auger Aliassime,Vit Kopriva,7-5 6-1,5,63,4060,856
Hamburg,ATP 500,2026/05/19,Clay,R32,3,Ignacio Buse,Flavio Cobolli,6-2 7-5,57,12,893,2790
Hamburg,ATP 500,2026/05/19,Clay,R32,3,Karen Khachanov,Hugo Gaston,3-6 6-3 7-6(4),15,120,2320,527
Hamburg,ATP 500,2026/05/19,Clay,R32,3,Luciano Darderi,Roman Andres Burruchaga,6-3 7-6(4),16,66,2260,833
Hamburg,ATP 500,2026/05/19,Clay,R32,3,Aleksandar Kovacevic,Arthur Gea,6-2 7-6(3),94,140,649,436
Geneva,ATP 250,2026/05/19,Clay,R32,3,Laslo Djere,James Duckworth,6-4 3-6 6-3,238,83,241,722
Hamburg,ATP 500,2026/05/19,Clay,R16,3,Daniel Altmaier,Ben Shelton,4-6 7-6(4) 6-4,65,6,843,4030
Geneva,ATP 250,2026/05/20,Clay,R16,3,Alexei Popyrin,Taylor Fritz,6-4 6-4,61,8,870,3720
Geneva,ATP 250,2026/05/20,Clay,R16,3,Mariano Navone,Cameron Norrie,6-4 6-4,42,22,1066,1888
Geneva,ATP 250,2026/05/20,Clay,R16,3,Learner Tien,Stefanos Tsitsipas,7-6(4) 7-6(2),20,82,1940,725
Geneva,ATP 250,2026/05/20,Clay,R16,3,Casper Ruud,Raphael Collignon,7-6(2) 6-2,17,64,2185,854
Geneva,ATP 250,2026/05/20,Clay,R16,3,Jaume Munar,Francisco Comesana,6-4 6-4,39,114,1105,570
Hamburg,ATP 500,2026/05/20,Clay,R16,3,Ugo Humbert,Karen Khachanov,6-3 3-6 7-6(3),34,15,1280,2320
Hamburg,ATP 500,2026/05/20,Clay,R16,3,Aleksandar Kovacevic,Felix Auger Aliassime,4-6 7-5 6-4,94,5,649,4060
Hamburg,ATP 500,2026/05/20,Clay,R16,3,Ignacio Buse,Jakub Mensik,6-0 6-3,57,28,893,1510
Hamburg,ATP 500,2026/05/20,Clay,R16,3,Tommy Paul,Tomas Martin Etcheverry,6-7(5) 7-6(5) 7-6(7),26,25,1625,1630
Geneva,ATP 250,2026/05/20,Clay,R16,3,Alexander Bublik,Edas Butvilas,6-4 6-3,10,253,3230,215
Geneva,ATP 250,2026/05/20,Clay,R16,3,Arthur Rinderknech,Laslo Djere,4-6 7-6(4) 6-1,24,238,1711,241
Geneva,ATP 250,2026/05/20,Clay,R16,3,Alex Michelsen,Stan Wawrinka,7-6(1) 7-6(4),41,119,1075,528
Hamburg,ATP 500,2026/05/20,Clay,R16,3,Camilo Ugo Carabelli,Frances Tiafoe,7-6(3) 7-6(4),68,21,825,1905
Hamburg,ATP 500,2026/05/20,Clay,R16,3,Alex De Minaur,Alejandro Davidovich Fokina,6-2 4-6 6-4,9,23,3665,1820
Hamburg,ATP 500,2026/05/20,Clay,R16,3,Luciano Darderi,Yannick Hanfmann,7-6(7) 7-5,16,55,2260,899
Geneva,ATP 250,2026/05/21,Clay,QF,3,Casper Ruud,Alexei Popyrin,6-4 6-3,17,61,2185,870
Geneva,ATP 250,2026/05/21,Clay,QF,3,Mariano Navone,Jaume Munar,6-2 6-2,42,39,1066,1105
Hamburg,ATP 500,2026/05/21,Clay,QF,3,Tommy Paul,Daniel Altmaier,6-2 7-5,26,65,1625,843
Hamburg,ATP 500,2026/05/21,Clay,QF,3,Ignacio Buse,Ugo Humbert,6-3 5-7 6-3,57,34,893,1280
Geneva,ATP 250,2026/05/21,Clay,QF,3,Alexander Bublik,Arthur Rinderknech,5-7 6-4 6-2,10,24,3230,1711
Geneva,ATP 250,2026/05/21,Clay,QF,3,Learner Tien,Alex Michelsen,6-4 3-6 6-1,20,41,1940,1075
Hamburg,ATP 500,2026/05/21,Clay,QF,3,Alex De Minaur,Luciano Darderi,6-0 6-3,9,16,3665,2260
Hamburg,ATP 500,2026/05/21,Clay,QF,3,Aleksandar Kovacevic,Camilo Ugo Carabelli,6-4 6-7(10) 6-2,94,68,649,825
Geneva,ATP 250,2026/05/22,Clay,SF,3,Learner Tien,Alexander Bublik,6-1 4-6 7-6(5),20,10,1940,3230
Geneva,ATP 250,2026/05/22,Clay,SF,3,Mariano Navone,Casper Ruud,7-5 6-2,42,17,1066,2185
Hamburg,ATP 500,2026/05/22,Clay,SF,3,Ignacio Buse,Aleksandar Kovacevic,6-1 6-4,57,94,893,649
Hamburg,ATP 500,2026/05/22,Clay,SF,3,Tommy Paul,Alex De Minaur,2-6 6-3 6-3,26,9,1625,3665
Geneva,ATP 250,2026/05/23,Clay,F,3,Learner Tien,Mariano Navone,3-6 6-3 7-5,20,42,1940,1066
Hamburg,ATP 500,2026/05/23,Clay,F,3,Ignacio Buse,Tommy Paul,7-6(6) 4-6 6-3,57,26,893,1625
Roland Garros,Grand Slam,2026/05/24,Clay,R128,5,Karen Khachanov,Arthur Gea,6-3 7-6(3) 6-0,15,135,2320,460
Roland Garros,Grand Slam,2026/05/24,Clay,R128,5,James Duckworth,Gabriel Diallo,6-3 4-1 RET,82,49,722,975
Roland Garros,Grand Slam,2026/05/24,Clay,R128,5,Miomir Kecmanovic,Fabian Marozsan,7-6(0) 6-3 6-4,48,54,980,935
Roland Garros,Grand Slam,2026/05/24,Clay,R128,5,Thiago Agustin Tirante,Pablo Llamas Ruiz,6-3 7-6(6) 6-7(5) 6-0,60,122,887,515
Roland Garros,Grand Slam,2026/05/24,Clay,R128,5,Marco Trungelliti,Kyrian Jacquet,6-4 6-2 6-2,81,147,731,411
Roland Garros,Grand Slam,2026/05/24,Clay,R128,5,Alexander Zverev,Benjamin Bonzi,6-3 6-4 6-2,3,95,5705,629
Roland Garros,Grand Slam,2026/05/24,Clay,R128,5,Alejandro Davidovich Fokina,Damir Dzumhur,6-7(3) 6-3 2-6 7-5 6-3,23,87,1860,694
Roland Garros,Grand Slam,2026/05/24,Clay,R128,5,Nuno Borges,Tomas Martin Etcheverry,6-3 6-4 6-2,51,28,970,1510
Roland Garros,Grand Slam,2026/05/24,Clay,R128,5,Jakub Mensik,Titouan Droguet,6-3 6-2 6-4,27,107,1550,578
Roland Garros,Grand Slam,2026/05/24,Clay,R128,5,Federico Cina,Reilly Opelka,3-6 6-4 6-2 6-7(6) 6-4,238,76,242,758
Roland Garros,Grand Slam,2026/05/24,Clay,R128,5,Tomas Machac,Zizou Bergs,6-4 6-4 6-3,43,40,1080,1150
Roland Garros,Grand Slam,2026/05/24,Clay,R128,5,Dino Prizmic,Michael Zheng,6-1 6-1 6-3,72,146,785,414
Roland Garros,Grand Slam,2026/05/24,Clay,R128,5,Joao Fonseca,Luka Pavlovic,7-6(6) 6-4 6-2,30,241,1435,237
Roland Garros,Grand Slam,2026/05/24,Clay,R128,5,Alexander Blockx,Coleman Wong,6-3 6-4 6-2,37,109,1238,574
Roland Garros,Grand Slam,2026/05/24,Clay,R128,5,Quentin Halys,Mattia Bellucci,6-3 7-6(4) 6-3,90,73,678,777
Roland Garros,Grand Slam,2026/05/24,Clay,R128,5,Nishesh Basavareddy,Taylor Fritz,7-6(5) 7-6(5) 6-7(9) 6-1,148,9,409,3720
Roland Garros,Grand Slam,2026/05/24,Clay,R128,5,Hamad Medjedovic,Yannick Hanfmann,6-3 6-4 6-7(1) 6-4,58,53,894,936
Roland Garros,Grand Slam,2026/05/24,Clay,R128,5,Valentin Royer,Hugo Dellien,6-4 6-2 6-2,74,144,773,421
Roland Garros,Grand Slam,2026/05/24,Clay,R128,5,Novak Djokovic,Giovanni Mpetshi Perricard,5-7 7-5 6-1 6-4,4,83,4460,710
Roland Garros,Grand Slam,2026/05/25,Clay,R128,5,Lorenzo Sonego,Pierre Hugues Herbert,7-6(3) 5-7 6-2 1-6 6-4,70,220,815,259
Roland Garros,Grand Slam,2026/05/25,Clay,R128,5,Alex De Minaur,Toby Samuel,6-4 6-4 6-2,7,159,3855,378
Roland Garros,Grand Slam,2026/05/25,Clay,R128,5,Pablo Carreno Busta,Jiri Lehecka,6-3 7-6(3) 6-3,89,12,685,2665
Roland Garros,Grand Slam,2026/05/25,Clay,R128,5,Alex Michelsen,Alexander Shevchenko,6-2 6-4 6-2,42,88,1115,689
Roland Garros,Grand Slam,2026/05/25,Clay,R128,5,Frances Tiafoe,Eliot Spizzirri,6-3 6-7(5) 6-4 6-3,22,91,1905,660
Roland Garros,Grand Slam,2026/05/25,Clay,R128,5,Arthur Rinderknech,Jurij Rodionov,7-6(5) 6-2 6-3,25,158,1736,379
Roland Garros,Grand Slam,2026/05/25,Clay,R128,5,Rafael Jodar,Aleksandar Kovacevic,6-1 6-0 6-4,29,67,1461,837
Roland Garros,Grand Slam,2026/05/25,Clay,R128,5,Brandon Nakashima,Roberto Bautista Agut,6-2 7-5 6-2,35,117,1295,542
Roland Garros,Grand Slam,2026/05/25,Clay,R128,5,Ugo Humbert,Adrian Mannarino,6-3 6-4 6-3,32,45,1370,1037
Roland Garros,Grand Slam,2026/05/25,Clay,R128,5,Matteo Berrettini,Marton Fucsovics,6-7(2) 7-5 6-1 6-2,105,65,585,859
Roland Garros,Grand Slam,2026/05/25,Clay,R128,5,Jesper De Jong,Stan Wawrinka,6-3 3-6 6-3 6-4,106,113,580,553
Roland Garros,Grand Slam,2026/05/25,Clay,R128,5,Mariano Navone,Jenson Brooksby,6-4 6-4 6-4,38,63,1215,865
Roland Garros,Grand Slam,2026/05/25,Clay,R128,5,Camilo Ugo Carabelli,Emilio Nava,7-6(10) 6-3 6-3,59,94,890,631
Roland Garros,Grand Slam,2026/05/25,Clay,R128,5,Luca Van Assche,Vilius Gaubas,6-4 6-2 2-6 7-5,100,133,599,464
Roland Garros,Grand Slam,2026/05/25,Clay,R128,5,Ben Shelton,Daniel Merida,6-3 6-3 6-4,5,86,4070,696
Roland Garros,Grand Slam,2026/05/25,Clay,R128,5,Flavio Cobolli,Andrea Pellegrino,6-4 7-6(4) 6-3,14,124,2340,507
Roland Garros,Grand Slam,2026/05/25,Clay,R128,5,Andrey Rublev,Ignacio Buse,6-3 6-7(6) 6-3 7-5,13,31,2460,1412
Roland Garros,Grand Slam,2026/05/25,Clay,R128,5,Casper Ruud,Roman Safiullin,6-2 7-6(5) 5-7 0-6 6-2,16,141,2275,430
Roland Garros,Grand Slam,2026/05/25,Clay,R128,5,Tommy Paul,Rinky Hijikata,4-6 6-3 7-5 6-4,21,98,1945,612
Roland Garros,Grand Slam,2026/05/25,Clay,R128,5,Francisco Cerundolo,Botic Van De Zandschulp,6-3 6-4 6-7(7) 6-4,26,55,1570,935
Roland Garros,Grand Slam,2026/05/25,Clay,R128,5,Raphael Collignon,Aleksandar Vukic,6-3 6-3 7-6(4),62,96,866,626
Roland Garros,Grand Slam,2026/05/25,Clay,R128,5,Hubert Hurkacz,Jaume Munar,6-3 6-3 2-6 6-3,99,41,600,1145
Roland Garros,Grand Slam,2026/05/25,Clay,R128,5,Thanasi Kokkinakis,Terence Atmane,6-7(5) 6-2 4-6 6-3 7-5,855,52,29,938
Roland Garros,Grand Slam,2026/05/25,Clay,R128,5,Yibing Wu,Marcos Giron,7-5 6-2 6-4,92,84,655,705
Roland Garros,Grand Slam,2026/05/26,Clay,R128,5,Hugo Gaston,Gael Monfils,6-2 6-3 3-6 2-6 6-0,118,218,533,260
Roland Garros,Grand Slam,2026/05/26,Clay,R128,5,Moise Kouame,Marin Cilic,7-6(4) 6-2 6-1,318,46,165,1010
Roland Garros,Grand Slam,2026/05/26,Clay,R128,5,Alejandro Tabilo,Kamil Majchrzak,6-1 6-3 6-4,36,78,1278,747
Roland Garros,Grand Slam,2026/05/26,Clay,R128,5,Adam Walton,Daniil Medvedev,6-2 1-6 6-1 1-6 6-4,97,8,614,3760
Roland Garros,Grand Slam,2026/05/26,Clay,R128,5,Zachary Svajda,Alexei Popyrin,3-6 6-3 7-6(3) 7-5,85,61,696,870
Roland Garros,Grand Slam,2026/05/26,Clay,R128,5,Stefanos Tsitsipas,Alexandre Muller,6-2 3-0 RET,79,127,740,494
Roland Garros,Grand Slam,2026/05/26,Clay,R128,5,Valentin Vacherot,Thomas Faurel,6-3 6-4 3-6 7-6(6),19,378,2103,131
Roland Garros,Grand Slam,2026/05/26,Clay,R128,5,Learner Tien,Cristian Garin,6-0 2-6 6-0 6-2,18,114,2180,552
Roland Garros,Grand Slam,2026/05/26,Clay,R128,5,Adolfo Daniel Vallejo,Cameron Norrie,7-6(7) 2-0 RET,71,24,786,1785
Roland Garros,Grand Slam,2026/05/26,Clay,R128,5,Matteo Arnaldi,Tallon Griekspoor,6-7(9) 6-3 7-6(6) 6-3,104,33,586,1340
Roland Garros,Grand Slam,2026/05/26,Clay,R128,5,Roman Andres Burruchaga,Sebastian Baez,2-6 7-5 6-2 2-0 RET,68,64,833,860
Roland Garros,Grand Slam,2026/05/26,Clay,R128,5,Facundo Diaz Acosta,Zhizhen Zhang,6-1 6-4 6-3,151,224,407,254
Roland Garros,Grand Slam,2026/05/26,Clay,R128,5,Martin Landaluce,Juan Carlos Prado Angelo,6-3 4-6 6-2 6-7(3) 6-4,69,176,827,338
Roland Garros,Grand Slam,2026/05/26,Clay,R128,5,Vit Kopriva,Corentin Moutet,6-3 5-7 6-4 3-6 6-3,66,34,856,1323
Roland Garros,Grand Slam,2026/05/26,Clay,R128,5,Jannik Sinner,Clement Tabur,6-1 6-3 6-4,1,171,14750,348
Roland Garros,Grand Slam,2026/05/26,Clay,R128,5,Jan Lennard Struff,Alexander Bublik,7-5 6-7(6) 6-4 7-5,80,10,739,3320
Roland Garros,Grand Slam,2026/05/26,Clay,R128,5,Luciano Darderi,Sebastian Ofner,7-6(5) 6-2 6-3,17,112,2260,558
Roland Garros,Grand Slam,2026/05/26,Clay,R128,5,Juan Manuel Cerundolo,Jacob Fearnley,6-2 7-6(0) 7-6(7),56,125,935,505
Roland Garros,Grand Slam,2026/05/26,Clay,R128,5,Francisco Comesana,Ethan Quinn,6-4 7-6(8) 7-6(4),102,50,598,974
Roland Garros,Grand Slam,2026/05/26,Clay,R128,5,Jaime Faria,Denis Shapovalov,6-4 7-5 6-4,115,39,548,1170
Roland Garros,Grand Slam,2026/05/26,Clay,R128,5,Felix Auger Aliassime,Daniel Altmaier,4-6 6-4 4-6 6-1 7-6(7),6,57,4050,930
Roland Garros,Grand Slam,2026/05/26,Clay,R64,5,Alex De Minaur,Alexander Blockx,W/O,7,37,3855,1238
Roland Garros,Grand Slam,2026/05/27,Clay,R64,5,Jesper De Jong,Federico Cina,6-3 6-1 6-3,106,238,580,242
Roland Garros,Grand Slam,2026/05/27,Clay,R64,5,Karen Khachanov,Marco Trungelliti,7-6(5) 5-7 6-1 7-6(4),15,81,2320,731
Roland Garros,Grand Slam,2026/05/27,Clay,R64,5,Thiago Agustin Tirante,Alejandro Davidovich Fokina,4-6 7-6(4) 6-1 6-3,60,23,887,1860
Roland Garros,Grand Slam,2026/05/27,Clay,R64,5,Andrey Rublev,Camilo Ugo Carabelli,6-1 1-6 6-3 7-6(5),13,59,2460,890
Roland Garros,Grand Slam,2026/05/27,Clay,R64,5,Jakub Mensik,Mariano Navone,6-3 2-6 6-4 1-6 7-6(11),27,38,1550,1215
Roland Garros,Grand Slam,2026/05/27,Clay,R64,5,Quentin Halys,Ugo Humbert,6-4 7-6(4) 7-6(8),90,32,678,1370
Roland Garros,Grand Slam,2026/05/27,Clay,R64,5,Nuno Borges,Miomir Kecmanovic,3-6 6-2 6-1 6-2,51,48,970,980
Roland Garros,Grand Slam,2026/05/27,Clay,R64,5,Pablo Carreno Busta,Thanasi Kokkinakis,7-5 4-6 1-0 RET,89,855,685,29
Roland Garros,Grand Slam,2026/05/27,Clay,R64,5,Novak Djokovic,Valentin Royer,6-3 6-2 6-7(7) 6-3,4,74,4460,773
Roland Garros,Grand Slam,2026/05/27,Clay,R64,5,Rafael Jodar,James Duckworth,6-1 6-7(5) 6-4 7-5,29,82,1461,722
Roland Garros,Grand Slam,2026/05/27,Clay,R64,5,Joao Fonseca,Dino Prizmic,3-6 4-6 6-3 6-1 6-2,30,72,1435,785
Roland Garros,Grand Slam,2026/05/27,Clay,R64,5,Alex Michelsen,Nishesh Basavareddy,7-6(5) 6-3 3-6 6-3,42,148,1115,409
Roland Garros,Grand Slam,2026/05/27,Clay,R64,5,Alexander Zverev,Tomas Machac,6-4 6-2 6-2,3,43,5705,1080
Roland Garros,Grand Slam,2026/05/27,Clay,R64,5,Tommy Paul,Lorenzo Sonego,6-3 6-2 6-4,21,70,1945,815
Roland Garros,Grand Slam,2026/05/27,Clay,R64,5,Casper Ruud,Hamad Medjedovic,6-3 6-2 6-4,16,58,2275,894
Roland Garros,Grand Slam,2026/05/28,Clay,R64,5,Flavio Cobolli,Yibing Wu,6-4 6-4 6-4,14,92,2340,655
Roland Garros,Grand Slam,2026/05/28,Clay,R64,5,Jaime Faria,Jan Lennard Struff,7-5 7-6(1) 6-2,115,80,548,739
Roland Garros,Grand Slam,2026/05/28,Clay,R64,5,Zachary Svajda,Adam Walton,6-3 6-4 6-7(4) 6-2,85,97,696,614
Roland Garros,Grand Slam,2026/05/28,Clay,R64,5,Juan Manuel Cerundolo,Jannik Sinner,3-6 2-6 7-5 6-1 6-1,56,1,935,14750
Roland Garros,Grand Slam,2026/05/28,Clay,R64,5,Learner Tien,Facundo Diaz Acosta,7-5 4-6 3-6 7-6(4) 6-3,18,151,2180,407
Roland Garros,Grand Slam,2026/05/28,Clay,R64,5,Felix Auger Aliassime,Roman Andres Burruchaga,4-6 6-0 7-5 6-1,6,68,4050,833
Roland Garros,Grand Slam,2026/05/28,Clay,R64,5,Frances Tiafoe,Hubert Hurkacz,6-7(5) 7-6(5) 6-4 6-7(1) 6-4,22,99,1905,600
Roland Garros,Grand Slam,2026/05/28,Clay,R64,5,Francisco Cerundolo,Hugo Gaston,2-6 6-4 6-2 6-1,26,118,1570,533
Roland Garros,Grand Slam,2026/05/28,Clay,R64,5,Moise Kouame,Adolfo Daniel Vallejo,6-3 7-5 3-6 2-6 7-6(8),318,71,165,786
Roland Garros,Grand Slam,2026/05/28,Clay,R64,5,Martin Landaluce,Vit Kopriva,1-6 2-6 6-4 7-5 6-0,69,66,827,856
Roland Garros,Grand Slam,2026/05/29,Clay,R64,5,Raphael Collignon,Ben Shelton,6-4 7-5 6-4,62,5,866,4070
Roland Garros,Grand Slam,2026/05/29,Clay,R64,5,Francisco Comesana,Luciano Darderi,7-6(5) 4-6 6-4 2-6 6-4,102,17,598,2260
Roland Garros,Grand Slam,2026/05/29,Clay,R64,5,Matteo Berrettini,Arthur Rinderknech,6-4 6-4 6-4,105,25,585,1736
Roland Garros,Grand Slam,2026/05/29,Clay,R64,5,Brandon Nakashima,Luca Van Assche,6-7(5) 6-4 5-7 6-1 6-3,35,100,1295,599
Roland Garros,Grand Slam,2026/05/29,Clay,R64,5,Matteo Arnaldi,Stefanos Tsitsipas,7-6(2) 5-7 6-3 6-2,104,79,586,740
Roland Garros,Grand Slam,2026/05/29,Clay,R64,5,Alejandro Tabilo,Valentin Vacherot,W/O,36,19,1278,2103
Roland Garros,Grand Slam,2026/05/29,Clay,R32,5,Andrey Rublev,Nuno Borges,7-5 7-6(2) 7-6(2),13,51,2460,970
Roland Garros,Grand Slam,2026/05/29,Clay,R32,5,Pablo Carreno Busta,Thiago Agustin Tirante,7-6(0) 7-5 3-6 6-4,89,60,685,887
Roland Garros,Grand Slam,2026/05/29,Clay,R32,5,Rafael Jodar,Alex Michelsen,7-6(2) 6-7(5) 4-6 6-3 6-3,29,42,1461,1115
Roland Garros,Grand Slam,2026/05/29,Clay,R32,5,Jakub Mensik,Alex De Minaur,0-6 6-2 6-2 6-3,27,7,1550,3855
Roland Garros,Grand Slam,2026/05/29,Clay,R32,5,Jesper De Jong,Karen Khachanov,7-5 5-7 6-2 6-7(2) 6-2,106,15,580,2320
Roland Garros,Grand Slam,2026/05/29,Clay,R32,5,Joao Fonseca,Novak Djokovic,4-6 4-6 6-3 7-5 7-5,30,4,1435,4460
Roland Garros,Grand Slam,2026/05/29,Clay,R32,5,Casper Ruud,Tommy Paul,4-6 6-7(4) 6-4 7-6(4) 7-5,16,21,2275,1945
Roland Garros,Grand Slam,2026/05/30,Clay,R32,5,Alexander Zverev,Quentin Halys,6-4 6-3 5-7 6-2,3,90,5705,678
Roland Garros,Grand Slam,2026/05/30,Clay,R32,5,Flavio Cobolli,Learner Tien,6-2 6-2 6-3,14,18,2340,2180
Roland Garros,Grand Slam,2026/05/30,Clay,R32,5,Zachary Svajda,Francisco Cerundolo,6-3 6-4 3-6 4-6 6-3,85,26,696,1570
Roland Garros,Grand Slam,2026/05/30,Clay,R32,5,Matteo Berrettini,Francisco Comesana,7-6(3) 5-7 6-7(4) 6-4 7-6(13),105,102,585,598
Roland Garros,Grand Slam,2026/05/30,Clay,R32,5,Matteo Arnaldi,Raphael Collignon,6-4 6-7(5) 5-7 6-4 7-6(4),104,62,586,866
Roland Garros,Grand Slam,2026/05/30,Clay,R32,5,Juan Manuel Cerundolo,Martin Landaluce,6-4 6-7(7) 7-6(4) 6-7(4) 7-6(8),56,69,935,827
Roland Garros,Grand Slam,2026/05/30,Clay,R32,5,Alejandro Tabilo,Moise Kouame,4-6 6-3 6-4 7-6(9),36,318,1278,165
Roland Garros,Grand Slam,2026/05/31,Clay,R32,5,Felix Auger Aliassime,Brandon Nakashima,5-7 6-1 7-6(4) 7-6(1),6,35,4050,1295
Roland Garros,Grand Slam,2026/05/31,Clay,R32,5,Frances Tiafoe,Jaime Faria,4-6 6-7(2) 7-6(4) 6-1 6-2,22,115,1905,548
Roland Garros,Grand Slam,2026/05/31,Clay,R16,5,Rafael Jodar,Pablo Carreno Busta,4-6 4-6 6-1 6-2 6-2,29,89,1461,685
Roland Garros,Grand Slam,2026/05/31,Clay,R16,5,Alexander Zverev,Jesper De Jong,7-6(3) 6-4 6-1,3,106,5705,580
Roland Garros,Grand Slam,2026/05/31,Clay,R16,5,Jakub Mensik,Andrey Rublev,6-3 7-6(6) 4-6 2-6 6-3,27,13,1550,2460
Roland Garros,Grand Slam,2026/06/01,Clay,R16,5,Joao Fonseca,Casper Ruud,7-5 7-6(8) 5-7 6-2,30,16,1435,2275
Roland Garros,Grand Slam,2026/06/01,Clay,R16,5,Flavio Cobolli,Zachary Svajda,6-2 6-3 6-7(3) 7-6(5),14,85,2340,696
Roland Garros,Grand Slam,2026/06/01,Clay,R16,5,Felix Auger Aliassime,Alejandro Tabilo,6-3 7-5 6-1,6,36,4050,1278
Roland Garros,Grand Slam,2026/06/01,Clay,R16,5,Matteo Berrettini,Juan Manuel Cerundolo,6-3 7-6(2) 7-6(6),105,56,585,935
Roland Garros,Grand Slam,2026/06/02,Clay,R16,5,Matteo Arnaldi,Frances Tiafoe,7-6(5) 6-7(5) 3-6 7-6(3) 6-4,104,22,586,1905
Roland Garros,Grand Slam,2026/06/02,Clay,QF,5,Alexander Zverev,Rafael Jodar,7-6(3) 6-1 6-3,3,29,5705,1461
Roland Garros,Grand Slam,2026/06/02,Clay,QF,5,Jakub Mensik,Joao Fonseca,6-4 6-3 7-6(3),27,30,1550,1435
Roland Garros,Grand Slam,2026/06/03,Clay,QF,5,Flavio Cobolli,Felix Auger Aliassime,4-6 6-4 6-4 6-4,14,6,2340,4050
Roland Garros,Grand Slam,2026/06/03,Clay,QF,5,Matteo Arnaldi,Matteo Berrettini,7-5 5-2 RET,104,105,586,585
Roland Garros,Grand Slam,2026/06/05,Clay,SF,5,Alexander Zverev,Jakub Mensik,7-5 6-2 3-6 6-3,3,27,5705,1550
Roland Garros,Grand Slam,2026/06/05,Clay,SF,5,Flavio Cobolli,Matteo Arnaldi,W/O,14,104,2340,586
Roland Garros,Grand Slam,2026/06/07,Clay,F,5,Alexander Zverev,Flavio Cobolli,6-1 4-6 6-4 6-7(5) 6-1,3,14,5705,2340
Stuttgart,ATP 250,2026/06/08,Grass,R32,3,Martin Landaluce,Pierre Hugues Herbert,5-7 6-3 6-4,58,232,919,249
Stuttgart,ATP 250,2026/06/08,Grass,R32,3,Mattia Bellucci,Alejandro Davidovich Fokina,6-2 6-7(5) 6-1,78,22,777,1860
's-Hertogenbosch,ATP 250,2026/06/08,Grass,R32,3,Benjamin Bonzi,Mees Rottgering,6-4 6-4,99,464,629,101
's-Hertogenbosch,ATP 250,2026/06/08,Grass,R32,3,Nuno Borges,Terence Atmane,6-4 6-4,50,53,970,948
Stuttgart,ATP 250,2026/06/08,Grass,R32,3,Gauthier Onclin,Fabian Marozsan,7-6(6) 6-3,186,61,318,895
's-Hertogenbosch,ATP 250,2026/06/08,Grass,R32,3,Ugo Humbert,Elias Ymer,6-4 6-3,33,184,1370,328
's-Hertogenbosch,ATP 250,2026/06/08,Grass,R32,3,Marin Cilic,Denis Shapovalov,6-7(5) 6-4 7-5,47,42,994,1130
Stuttgart,ATP 250,2026/06/09,Grass,R32,3,Yannick Hanfmann,Aleksandar Kovacevic,7-6(5) 7-6(4),59,69,906,837
Stuttgart,ATP 250,2026/06/09,Grass,R32,3,Marcos Giron,Roberto Bautista Agut,7-6(3) 7-5,88,116,705,542
Stuttgart,ATP 250,2026/06/09,Grass,R32,3,Sho Shimabukuro,Quentin Halys,6-4 6-2,104,92,604,678
's-Hertogenbosch,ATP 250,2026/06/09,Grass,R32,3,Martin Damm,Jaume Munar,6-4 6-4,114,44,548,1105
Stuttgart,ATP 250,2026/06/09,Grass,R32,3,Frances Tiafoe,Daniel Altmaier,7-6(3) 4-6 6-4,26,85,1705,740
Stuttgart,ATP 250,2026/06/09,Grass,R32,3,James Duckworth,Diego Dedura,6-4 6-3,79,262,762,209
Stuttgart,ATP 250,2026/06/09,Grass,R32,3,Rinky Hijikata,Tom Gentzsch,6-7(7) 7-6(2) 6-3,106,229,593,254
Stuttgart,ATP 250,2026/06/09,Grass,R32,3,Jan Lennard Struff,Alexis Galarneau,6-2 6-7(5) 6-3,77,187,779,316
Stuttgart,ATP 250,2026/06/09,Grass,R32,3,Giovanni Mpetshi Perricard,Roman Safiullin,7-5 6-7(4) 7-6(4),93,135,670,460
's-Hertogenbosch,ATP 250,2026/06/09,Grass,R32,3,Zhizhen Zhang,Jenson Brooksby,7-6(4) 5-7 6-1,214,73,269,825
's-Hertogenbosch,ATP 250,2026/06/09,Grass,R32,3,Adrian Mannarino,Gabriel Diallo,6-4 3-6 7-5,46,54,1031,935
Stuttgart,ATP 250,2026/06/10,Grass,R16,3,Mattia Bellucci,Yannick Hanfmann,7-5 6-7(4) 6-2,78,59,777,906
Stuttgart,ATP 250,2026/06/10,Grass,R16,3,Giovanni Mpetshi Perricard,Gauthier Onclin,7-6(1) 6-2,93,186,670,318
Stuttgart,ATP 250,2026/06/10,Grass,R32,3,Nick Kyrgios,Corentin Moutet,6-3 6-4,1092,36,10,1283
's-Hertogenbosch,ATP 250,2026/06/10,Grass,R32,3,James Mccabe,Zizou Bergs,6-7(2) 6-2 7-6(4),233,40,248,1150
's-Hertogenbosch,ATP 250,2026/06/10,Grass,R32,3,Thijs Boogaard,Yibing Wu,6-3 2-6 6-4,779,101,37,626
's-Hertogenbosch,ATP 250,2026/06/10,Grass,R32,3,Kamil Majchrzak,Otto Virtanen,6-7(7) 6-4 7-6(4),76,158,782,393
's-Hertogenbosch,ATP 250,2026/06/10,Grass,R32,3,Marton Fucsovics,Hubert Hurkacz,3-6 7-6(5) 7-6(4),75,96,819,640
's-Hertogenbosch,ATP 250,2026/06/10,Grass,R32,3,Tallon Griekspoor,Botic Van De Zandschulp,6-2 6-7(2) 6-4,41,55,1150,935
Stuttgart,ATP 250,2026/06/10,Grass,R16,3,Alexander Bublik,Jan Lennard Struff,7-6(3) 3-6 6-2,11,77,2930,779
's-Hertogenbosch,ATP 250,2026/06/10,Grass,R16,3,Alex De Minaur,Martin Damm,7-6(8) 7-5,6,114,3905,548
Stuttgart,ATP 250,2026/06/11,Grass,R16,3,Jiri Lehecka,James Duckworth,6-7(8) 6-4 7-6(3),12,79,2575,762
Stuttgart,ATP 250,2026/06/11,Grass,R16,3,Frances Tiafoe,Rinky Hijikata,6-4 6-4,26,106,1705,593
's-Hertogenbosch,ATP 250,2026/06/11,Grass,R16,3,Adrian Mannarino,Arthur Rinderknech,7-6(5) 3-6 6-3,46,24,1031,1776
's-Hertogenbosch,ATP 250,2026/06/11,Grass,R16,3,Benjamin Bonzi,Ugo Humbert,6-4 3-6 6-3,99,33,629,1370
's-Hertogenbosch,ATP 250,2026/06/11,Grass,R16,3,Zhizhen Zhang,Tallon Griekspoor,7-6(5) 6-4,214,41,269,1150
's-Hertogenbosch,ATP 250,2026/06/11,Grass,R16,3,Kamil Majchrzak,James Mccabe,6-0 6-3,76,233,782,248
Stuttgart,ATP 250,2026/06/11,Grass,R16,3,Sho Shimabukuro,Nick Kyrgios,4-6 7-6(5) 6-4,104,1092,604,10
's-Hertogenbosch,ATP 250,2026/06/11,Grass,R16,3,Felix Auger Aliassime,Marton Fucsovics,6-3 6-4,4,75,4440,819
Stuttgart,ATP 250,2026/06/12,Grass,R16,3,Taylor Fritz,Martin Landaluce,6-7(4) 7-5 7-6(3),9,58,3720,919
Stuttgart,ATP 250,2026/06/12,Grass,QF,3,Alexander Bublik,Giovanni Mpetshi Perricard,7-6(5) 7-6(3),11,93,2930,670
Stuttgart,ATP 250,2026/06/12,Grass,R16,3,Ben Shelton,Marcos Giron,6-7(4) 6-4 7-6(5),5,88,3920,705
's-Hertogenbosch,ATP 250,2026/06/12,Grass,QF,3,Kamil Majchrzak,Felix Auger Aliassime,6-4 6-3,76,4,782,4440
's-Hertogenbosch,ATP 250,2026/06/12,Grass,QF,3,Alex De Minaur,Benjamin Bonzi,6-2 6-4,6,99,3905,629
's-Hertogenbosch,ATP 250,2026/06/12,Grass,QF,3,Adrian Mannarino,Zhizhen Zhang,7-6(4) 6-3,46,214,1031,269
's-Hertogenbosch,ATP 250,2026/06/12,Grass,R16,3,Daniil Medvedev,Thijs Boogaard,6-3 4-6 7-6(6),8,779,3760,37
's-Hertogenbosch,ATP 250,2026/06/12,Grass,R16,3,Marin Cilic,Nuno Borges,3-6 7-6(5) 6-3,47,50,994,970
Stuttgart,ATP 250,2026/06/12,Grass,QF,3,Taylor Fritz,Mattia Bellucci,5-7 7-5 7-5,9,78,3720,777
Stuttgart,ATP 250,2026/06/12,Grass,QF,3,Jiri Lehecka,Frances Tiafoe,6-4 7-6(4),12,26,2575,1705
Stuttgart,ATP 250,2026/06/13,Grass,SF,3,Taylor Fritz,Alexander Bublik,6-4 6-4,9,11,3720,2930
Stuttgart,ATP 250,2026/06/13,Grass,QF,3,Ben Shelton,Sho Shimabukuro,4-6 6-3 6-4,5,104,3920,604
's-Hertogenbosch,ATP 250,2026/06/13,Grass,SF,3,Alex De Minaur,Adrian Mannarino,6-4 6-0,6,46,3905,1031
's-Hertogenbosch,ATP 250,2026/06/13,Grass,QF,3,Daniil Medvedev,Marin Cilic,6-2 3-6 6-1,8,47,3760,994
Stuttgart,ATP 250,2026/06/13,Grass,SF,3,Ben Shelton,Jiri Lehecka,6-7(4) 7-6(14) 7-6(6),5,12,3920,2575
's-Hertogenbosch,ATP 250,2026/06/13,Grass,SF,3,Kamil Majchrzak,Daniil Medvedev,7-6(4) 6-1,76,8,782,3760
Stuttgart,ATP 250,2026/06/14,Grass,F,3,Ben Shelton,Taylor Fritz,6-4 2-6 6-4,5,9,3920,3720
's-Hertogenbosch,ATP 250,2026/06/14,Grass,F,3,Kamil Majchrzak,Alex De Minaur,6-3 2-6 7-6(5),76,6,782,3905
Halle,ATP 500,2026/06/15,Grass,R32,3,Learner Tien,Max Schoenhaus,6-2 6-4,19,336,2270,158
Queen's Club,ATP 500,2026/06/15,Grass,R32,3,Tommy Paul,Zachary Svajda,7-5 6-3,28,69,1645,835
Queen's Club,ATP 500,2026/06/15,Grass,R32,3,Denis Shapovalov,Jack Pinnington Jones,6-4 4-6 7-6(3),41,147,1130,409
Queen's Club,ATP 500,2026/06/15,Grass,R32,3,Botic Van De Zandschulp,Harry Wendelken,6-4 7-6(5),56,224,935,258
Halle,ATP 500,2026/06/15,Grass,R32,3,Frances Tiafoe,Flavio Cobolli,6-2 7-6(4),26,10,1730,3540
Halle,ATP 500,2026/06/15,Grass,R32,3,Felix Auger Aliassime,Nuno Borges,6-3 3-6 6-3,4,54,4390,945
Halle,ATP 500,2026/06/15,Grass,R32,3,Daniel Altmaier,Nikoloz Basilashvili,7-5 6-4,81,118,740,529
Halle,ATP 500,2026/06/15,Grass,R32,3,Terence Atmane,Martin Landaluce,6-3 3-6 7-6(2),53,55,948,936
Queen's Club,ATP 500,2026/06/16,Grass,R32,3,Adrian Mannarino,Jakub Mensik,5-7 7-6(3) 7-6(5),44,16,1099,2300
Queen's Club,ATP 500,2026/06/16,Grass,R32,3,Ignacio Buse,Marcos Giron,3-6 7-5 7-6(8),35,86,1316,705
Queen's Club,ATP 500,2026/06/16,Grass,R32,3,Arthur Fery,Toby Samuel,6-0 6-2,140,144,441,414
Queen's Club,ATP 500,2026/06/16,Grass,R32,3,Brandon Nakashima,Marton Fucsovics,6-3 6-3,32,76,1385,781
Halle,ATP 500,2026/06/16,Grass,R32,3,Mattia Bellucci,Alexander Bublik,7-6(6) 6-1,74,11,814,3020
Halle,ATP 500,2026/06/16,Grass,R32,3,Hubert Hurkacz,Andrey Rublev,6-3 6-2,103,13,615,2460
Halle,ATP 500,2026/06/16,Grass,R32,3,Raphael Collignon,Alexei Popyrin,6-4 6-2,51,90,966,680
Halle,ATP 500,2026/06/16,Grass,R32,3,Yannick Hanfmann,Joao Fonseca,6-2 6-2,59,25,915,1735
Halle,ATP 500,2026/06/16,Grass,R32,3,Ethan Quinn,Karen Khachanov,1-6 6-4 6-4,66,18,854,2280
Halle,ATP 500,2026/06/16,Grass,R32,3,Sho Shimabukuro,Tallon Griekspoor,6-4 3-6 6-4,97,40,651,1165
Halle,ATP 500,2026/06/16,Grass,R32,3,Daniil Medvedev,Tomas Martin Etcheverry,6-3 6-4,7,30,3810,1510
Halle,ATP 500,2026/06/16,Grass,R32,3,Alexander Zverev,Vit Kopriva,6-3 4-6 6-2,3,64,7190,856
Halle,ATP 500,2026/06/16,Grass,R32,3,Fabian Marozsan,Miomir Kecmanovic,6-3 3-6 6-4,61,50,895,980
Queen's Club,ATP 500,2026/06/16,Grass,R32,3,Jiri Lehecka,Kamil Majchrzak,7-5 7-6(4),12,47,2640,1032
Queen's Club,ATP 500,2026/06/16,Grass,R32,3,Alex De Minaur,Gabriel Diallo,7-6(8) 6-3,6,84,4060,710
Queen's Club,ATP 500,2026/06/16,Grass,R32,3,Alejandro Davidovich Fokina,Cameron Norrie,7-6(6) 6-2,22,29,1860,1595
Queen's Club,ATP 500,2026/06/16,Grass,R32,3,Hamad Medjedovic,Arthur Rinderknech,7-6(5) 7-6(4),67,24,844,1776
Queen's Club,ATP 500,2026/06/16,Grass,R32,3,Francisco Cerundolo,Aleksandar Kovacevic,6-4 6-7(5) 6-2,27,68,1660,837
Queen's Club,ATP 500,2026/06/16,Grass,R32,3,Jenson Brooksby,Martin Damm,6-4 3-6 6-3,73,108,817,586
Queen's Club,ATP 500,2026/06/16,Grass,R32,3,Rinky Hijikata,Alejandro Tabilo,6-2 6-4,104,31,605,1428
Queen's Club,ATP 500,2026/06/16,Grass,R32,3,Ugo Humbert,Marin Cilic,7-5 6-3,33,46,1360,1036
Queen's Club,ATP 500,2026/06/16,Grass,R32,3,Corentin Moutet,Giovanni Mpetshi Perricard,6-7(5) 6-4 7-6(5),36,87,1283,695
Queen's Club,ATP 500,2026/06/17,Grass,R16,3,Alex De Minaur,Denis Shapovalov,6-4 6-1,6,41,4060,1130
Queen's Club,ATP 500,2026/06/17,Grass,R16,3,Brandon Nakashima,Ignacio Buse,6-2 6-2,32,35,1385,1316
Halle,ATP 500,2026/06/17,Grass,R16,3,Frances Tiafoe,Sho Shimabukuro,6-4 7-5,26,97,1730,651
Halle,ATP 500,2026/06/17,Grass,R32,3,Ben Shelton,Lorenzo Sonego,7-5 6-3,5,65,4070,855
Halle,ATP 500,2026/06/17,Grass,R32,3,Taylor Fritz,Zizou Bergs,7-6(4) 5-7 6-4,9,48,3635,1010
Queen's Club,ATP 500,2026/06/17,Grass,R16,3,Francisco Cerundolo,Jenson Brooksby,6-0 6-4,27,73,1660,817
Queen's Club,ATP 500,2026/06/17,Grass,R16,3,Arthur Fery,Adrian Mannarino,7-6(7) 6-4,140,44,441,1099
Halle,ATP 500,2026/06/17,Grass,R16,3,Felix Auger Aliassime,Learner Tien,6-7(5) 7-5 7-6(5),4,19,4390,2270
Halle,ATP 500,2026/06/17,Grass,R16,3,Daniel Altmaier,Hubert Hurkacz,3-6 6-3 7-5,81,103,740,615
Halle,ATP 500,2026/06/17,Grass,R16,3,Daniil Medvedev,Terence Atmane,6-4 6-4,7,53,3810,948
Halle,ATP 500,2026/06/18,Grass,R16,3,Ben Shelton,Ethan Quinn,6-4 5-7 6-4,5,66,4070,854
Halle,ATP 500,2026/06/18,Grass,R16,3,Taylor Fritz,Fabian Marozsan,6-2 6-4,9,61,3635,895
Queen's Club,ATP 500,2026/06/18,Grass,R16,3,Tommy Paul,Botic Van De Zandschulp,7-6(5) 6-3,28,56,1645,935
Queen's Club,ATP 500,2026/06/18,Grass,R16,3,Alejandro Davidovich Fokina,Corentin Moutet,6-4 6-3,22,36,1860,1283
Halle,ATP 500,2026/06/18,Grass,R16,3,Alexander Zverev,Yannick Hanfmann,6-3 7-6(4),3,59,7190,915
Halle,ATP 500,2026/06/18,Grass,R16,3,Raphael Collignon,Mattia Bellucci,4-6 6-4 6-3,51,74,966,814
Queen's Club,ATP 500,2026/06/18,Grass,R16,3,Rinky Hijikata,Jiri Lehecka,4-6 7-5 7-6(7),104,12,605,2640
Queen's Club,ATP 500,2026/06/19,Grass,QF,3,Brandon Nakashima,Alex De Minaur,7-5 6-3,32,6,1385,4060
Queen's Club,ATP 500,2026/06/19,Grass,R16,3,Ugo Humbert,Hamad Medjedovic,2-6 7-6(4) 7-6(5),33,67,1360,844
Halle,ATP 500,2026/06/19,Grass,QF,3,Alexander Zverev,Raphael Collignon,7-6(10) 7-6(2),3,51,7190,966
Halle,ATP 500,2026/06/19,Grass,QF,3,Taylor Fritz,Ben Shelton,6-7(5) 7-6(8) 7-6(3),9,5,3635,4070
Queen's Club,ATP 500,2026/06/19,Grass,QF,3,Francisco Cerundolo,Arthur Fery,7-6(1) 3-6 6-4,27,140,1660,441
Halle,ATP 500,2026/06/19,Grass,QF,3,Daniel Altmaier,Daniil Medvedev,6-4 6-7(6) 6-4,81,7,740,3810
Queen's Club,ATP 500,2026/06/19,Grass,QF,3,Ugo Humbert,Rinky Hijikata,6-1 6-2,33,104,1360,605
Queen's Club,ATP 500,2026/06/19,Grass,QF,3,Tommy Paul,Alejandro Davidovich Fokina,6-3 7-6(4),28,22,1645,1860
Halle,ATP 500,2026/06/19,Grass,QF,3,Frances Tiafoe,Felix Auger Aliassime,3-6 6-3 7-6(12),26,4,1730,4390
Queen's Club,ATP 500,2026/06/20,Grass,SF,3,Francisco Cerundolo,Brandon Nakashima,6-7(5) 6-3 6-4,27,32,1660,1385
Halle,ATP 500,2026/06/20,Grass,SF,3,Taylor Fritz,Alexander Zverev,6-7(4) 6-4 7-5,9,3,3635,7190
Queen's Club,ATP 500,2026/06/20,Grass,SF,3,Tommy Paul,Ugo Humbert,6-3 6-3,28,33,1645,1360
Halle,ATP 500,2026/06/20,Grass,SF,3,Frances Tiafoe,Daniel Altmaier,6-1 6-3,26,81,1730,740
Halle,ATP 500,2026/06/21,Grass,F,3,Frances Tiafoe,Taylor Fritz,6-4 6-4,26,9,1730,3635
Queen's Club,ATP 500,2026/06/21,Grass,F,3,Francisco Cerundolo,Tommy Paul,6-7(4) 6-4 6-3,27,28,1660,1645
Mallorca,ATP 250,2026/06/22,Grass,R32,3,Yannick Hanfmann,Adolfo Daniel Vallejo,7-6(2) 7-6(2),59,73,915,828
Mallorca,ATP 250,2026/06/22,Grass,R32,3,Lorenzo Sonego,Mariano Navone,7-6(2) 2-6 6-4,65,38,855,1165
Mallorca,ATP 250,2026/06/22,Grass,R32,3,Nuno Borges,Adrian Mannarino,6-2 6-2,54,44,945,1099
Eastbourne,ATP 250,2026/06/22,Grass,R32,3,Juan Manuel Cerundolo,Raphael Collignon,6-4 4-6 7-6(5),45,43,1055,1069
Eastbourne,ATP 250,2026/06/22,Grass,R32,3,Gabriel Diallo,Terence Atmane,6-7(7) 6-4 7-5,91,50,685,982
Eastbourne,ATP 250,2026/06/22,Grass,R32,3,Jack Draper,Marcos Giron,6-4 7-6(5),160,86,360,705
Eastbourne,ATP 250,2026/06/22,Grass,R32,3,Jack Pinnington Jones,Marco Trungelliti,5-7 6-3 7-5,145,94,409,670
Mallorca,ATP 250,2026/06/22,Grass,R32,3,Adam Walton,Nick Kyrgios,6-3 6-4,92,900,676,25
Mallorca,ATP 250,2026/06/22,Grass,R32,3,Abdullah Shelbayh,Corentin Moutet,7-5 6-4,299,36,180,1278
Mallorca,ATP 250,2026/06/22,Grass,R32,3,Miomir Kecmanovic,Antoine Ghibaudo,2-6 6-3 7-6(6),51,303,980,177
Mallorca,ATP 250,2026/06/22,Grass,R32,3,Fabian Marozsan,Alex Molcan,2-6 7-6(10) 7-6(5),62,102,895,626
Mallorca,ATP 250,2026/06/22,Grass,R32,3,Ethan Quinn,Valentin Royer,6-4 6-3,63,75,894,798
Mallorca,ATP 250,2026/06/22,Grass,R32,3,Jan Lennard Struff,Martin Landaluce,6-3 1-6 7-5,77,58,779,926
Eastbourne,ATP 250,2026/06/22,Grass,R32,3,Jan Choinski,Alexei Popyrin,1-6 6-2 6-2,106,100,601,630
Eastbourne,ATP 250,2026/06/22,Grass,R32,3,Zizou Bergs,Jaume Munar,6-2 6-4,48,44,1010,1065
Eastbourne,ATP 250,2026/06/23,Grass,R32,3,Giles Hussey,Matteo Arnaldi,6-4 6-2,293,35,183,1336
Eastbourne,ATP 250,2026/06/23,Grass,R32,3,Jenson Brooksby,Aleksandar Vukic,7-5 6-1,67,103,867,614
Eastbourne,ATP 250,2026/06/23,Grass,R32,3,Thiago Agustin Tirante,Hamish Stewart,7-5 6-2,54,305,944,177
Mallorca,ATP 250,2026/06/23,Grass,R16,3,Nuno Borges,Jan Lennard Struff,6-4 7-5,54,77,945,779
Mallorca,ATP 250,2026/06/23,Grass,R16,3,Fabian Marozsan,Alejandro Tabilo,6-2 6-3,62,33,895,1428
Mallorca,ATP 250,2026/06/23,Grass,R32,3,Grigor Dimitrov,Marc Polmans,6-1 7-6(3),164,366,357,140
Mallorca,ATP 250,2026/06/23,Grass,R32,3,Vit Kopriva,Damir Dzumhur,6-3 6-4,68,104,856,604
Eastbourne,ATP 250,2026/06/23,Grass,R32,3,Daniel Altmaier,Aleksandar Kovacevic,6-4 7-6(4),59,70,924,837
Eastbourne,ATP 250,2026/06/23,Grass,R32,3,Arthur Fery,Roman Andres Burruchaga,6-2 4-6 7-5,118,66,528,875
Mallorca,ATP 250,2026/06/23,Grass,R16,3,Miomir Kecmanovic,Lorenzo Sonego,2-6 7-6(4) 6-4,51,65,980,855
Mallorca,ATP 250,2026/06/23,Grass,R32,3,Ignacio Buse,Stefanos Tsitsipas,7-6(4) 6-3,34,88,1360,700
Eastbourne,ATP 250,2026/06/23,Grass,R32,3,Ugo Humbert,Mattia Bellucci,7-6(5) 6-7(1) 6-4,30,65,1510,876
Mallorca,ATP 250,2026/06/23,Grass,R16,3,Luciano Darderi,Yannick Hanfmann,7-5 6-3,16,59,2300,915
Eastbourne,ATP 250,2026/06/24,Grass,R16,3,Juan Manuel Cerundolo,Arthur Fery,6-2 7-6(2),45,118,1055,528
Eastbourne,ATP 250,2026/06/24,Grass,R16,3,Quentin Halys,Giles Hussey,6-1 7-5,101,293,626,183
Eastbourne,ATP 250,2026/06/24,Grass,R16,3,Toby Samuel,Thiago Agustin Tirante,6-1 7-6(7),142,54,414,944
Mallorca,ATP 250,2026/06/24,Grass,R16,3,Vit Kopriva,Ignacio Buse,7-5 6-1,68,34,856,1360
Mallorca,ATP 250,2026/06/24,Grass,R16,3,Ethan Quinn,Murphy Cassone,6-3 6-7(4) 6-3,63,291,894,184
Eastbourne,ATP 250,2026/06/24,Grass,R16,3,Ugo Humbert,Jenson Brooksby,6-3 6-2,30,67,1510,867
Eastbourne,ATP 250,2026/06/24,Grass,R16,3,Zizou Bergs,Daniel Altmaier,6-3 3-2 RET,48,59,1010,924
Mallorca,ATP 250,2026/06/24,Grass,R16,3,Alejandro Davidovich Fokina,Adam Walton,6-4 7-5,25,92,1910,676
Eastbourne,ATP 250,2026/06/24,Grass,R16,3,Gabriel Diallo,Tomas Martin Etcheverry,6-7(11) 6-3 6-2,91,32,685,1460
Eastbourne,ATP 250,2026/06/24,Grass,R16,3,Jan Choinski,Felix Gill,6-4 6-7(4) 6-2,106,220,601,260
Eastbourne,ATP 250,2026/06/24,Grass,R16,3,Jack Draper,Jack Pinnington Jones,7-5 6-4,160,145,360,409
Mallorca,ATP 250,2026/06/24,Grass,R16,3,Grigor Dimitrov,Abdullah Shelbayh,6-2 6-4,164,299,357,180
Eastbourne,ATP 250,2026/06/25,Grass,QF,3,Toby Samuel,Juan Manuel Cerundolo,6-3 6-4,142,45,414,1055
Eastbourne,ATP 250,2026/06/25,Grass,QF,3,Zizou Bergs,Jan Choinski,6-3 6-3,48,106,1010,601
Eastbourne,ATP 250,2026/06/25,Grass,QF,3,Jack Draper,Gabriel Diallo,6-1 6-4,160,91,360,685
Mallorca,ATP 250,2026/06/25,Grass,QF,3,Fabian Marozsan,Miomir Kecmanovic,6-4 6-3,62,51,895,980
Mallorca,ATP 250,2026/06/25,Grass,QF,3,Nuno Borges,Luciano Darderi,7-6(1) 6-4,54,16,945,2300
Mallorca,ATP 250,2026/06/25,Grass,QF,3,Ethan Quinn,Vit Kopriva,5-7 7-5 6-3,63,68,894,856
Eastbourne,ATP 250,2026/06/25,Grass,QF,3,Ugo Humbert,Quentin Halys,6-3 6-4,30,101,1510,626
Mallorca,ATP 250,2026/06/25,Grass,QF,3,Alejandro Davidovich Fokina,Grigor Dimitrov,6-3 6-3,25,164,1910,357
Mallorca,ATP 250,2026/06/26,Grass,SF,3,Ethan Quinn,Nuno Borges,6-1 6-2,63,54,894,945
Eastbourne,ATP 250,2026/06/26,Grass,SF,3,Zizou Bergs,Toby Samuel,4-6 7-6(5) 6-2,48,142,1010,414
Eastbourne,ATP 250,2026/06/26,Grass,SF,3,Ugo Humbert,Jack Draper,7-5 6-3,30,160,1510,360
Mallorca,ATP 250,2026/06/26,Grass,SF,3,Alejandro Davidovich Fokina,Fabian Marozsan,5-7 6-2 6-4,25,62,1910,895
Mallorca,ATP 250,2026/06/27,Grass,F,3,Alejandro Davidovich Fokina,Ethan Quinn,7-6(4) 6-3,25,63,1910,894
Eastbourne,ATP 250,2026/06/28,Grass,F,3,Zizou Bergs,Ugo Humbert,3-6 6-1 6-4,48,30,1010,1510
Wimbledon,Grand Slam,2026/06/29,Grass,R128,5,Marton Fucsovics,Luca Van Assche,6-3 4-0 RET,76,80,781,735
Wimbledon,Grand Slam,2026/06/29,Grass,R128,5,Rafael Jodar,Felix Gill,6-3 6-3 7-5,26,220,1839,260
Wimbledon,Grand Slam,2026/06/29,Grass,R128,5,Jenson Brooksby,Aleksandar Vukic,7-6(7) 6-1 6-1,81,104,720,614
Wimbledon,Grand Slam,2026/06/29,Grass,R128,5,Pablo Carreno Busta,Denis Shapovalov,6-3 7-6(7) RET,71,41,834,1130
Wimbledon,Grand Slam,2026/06/29,Grass,R128,5,Shintaro Mochizuki,Max Basing,6-3 6-0 6-0,151,329,397,162
Wimbledon,Grand Slam,2026/06/29,Grass,R128,5,Learner Tien,Dalibor Svrcina,6-1 6-4 6-7(4) 6-3,17,112,2270,550
Wimbledon,Grand Slam,2026/06/29,Grass,R128,5,Tommy Paul,Alexandre Muller,6-1 6-2 6-1,25,126,1925,494
Wimbledon,Grand Slam,2026/06/29,Grass,R128,5,Ignacio Buse,Emilio Nava,7-6(3) 3-6 7-5 6-0,34,86,1375,704
Wimbledon,Grand Slam,2026/06/29,Grass,R128,5,Botic Van De Zandschulp,Aleksandar Kovacevic,6-3 6-7(2) 6-4 6-0,54,70,969,837
Wimbledon,Grand Slam,2026/06/29,Grass,R128,5,Martin Damm,Marco Trungelliti,7-6(5) 6-7(5) 7-6(2) 7-6(5),106,94,603,670
Wimbledon,Grand Slam,2026/06/29,Grass,R128,5,Daniel Merida,Camilo Ugo Carabelli,4-6 3-6 6-2 3-0 RET,84,59,706,930
Wimbledon,Grand Slam,2026/06/29,Grass,R128,5,Roman Safiullin,Andrey Rublev,6-4 6-7(6) 3-6 6-3 7-6(12),132,13,458,2420
Wimbledon,Grand Slam,2026/06/29,Grass,R128,5,Hubert Hurkacz,Casper Ruud,6-4 6-2 7-6(7),96,12,665,2425
Wimbledon,Grand Slam,2026/06/29,Grass,R128,5,Nuno Borges,Tristan Boyer,6-3 7-5 7-5,48,191,1020,302
Wimbledon,Grand Slam,2026/06/29,Grass,R128,5,Sebastian Ofner,Hamad Medjedovic,1-6 6-2 4-6 6-3 6-4,110,68,557,844
Wimbledon,Grand Slam,2026/06/29,Grass,R128,5,Joao Fonseca,Roberto Bautista Agut,7-6(4) 6-4 6-3,27,183,1710,318
Wimbledon,Grand Slam,2026/06/29,Grass,R128,5,Jannik Sinner,Miomir Kecmanovic,4-6 6-3 6-7(6) 6-2 6-3,1,50,13450,1020
Wimbledon,Grand Slam,2026/06/29,Grass,R128,5,Ethan Quinn,Luciano Darderi,7-6(7) 7-5 6-2,47,16,1021,2300
Wimbledon,Grand Slam,2026/06/29,Grass,R128,5,Michael Zheng,Cameron Norrie,6-7(7) 6-2 6-7(2) 6-3 7-6(4),144,29,410,1595
Wimbledon,Grand Slam,2026/06/29,Grass,R128,5,Stefanos Tsitsipas,Hugo Gaston,6-1 6-4 6-2,87,118,700,533
Wimbledon,Grand Slam,2026/06/29,Grass,R128,5,Daniil Medvedev,Marin Cilic,6-1 6-2 6-4,9,62,3580,911
Wimbledon,Grand Slam,2026/06/29,Grass,R128,5,Arthur Rinderknech,Oliver Tarvet,7-6(4) 7-6(4) 4-6 7-5,28,348,1683,147
Wimbledon,Grand Slam,2026/06/29,Grass,R128,5,Soonwoo Kwon,Martin Landaluce,6-4 6-3 6-3,200,60,280,926
Wimbledon,Grand Slam,2026/06/29,Grass,R128,5,Fabian Marozsan,Thiago Agustin Tirante,7-5 6-3 6-4,53,55,970,961
Wimbledon,Grand Slam,2026/06/29,Grass,R128,5,Dino Prizmic,Adam Walton,4-6 7-6(3) 6-4 6-2,89,85,691,704
Wimbledon,Grand Slam,2026/06/29,Grass,R128,5,Jan Lennard Struff,Sebastian Baez,6-1 7-6(4) 4-6 2-6 7-5,74,57,804,935
Wimbledon,Grand Slam,2026/06/29,Grass,R128,5,Felix Auger Aliassime,Alexander Shevchenko,6-3 6-1 6-4,29,99,1680,658
Wimbledon,Grand Slam,2026/06/29,Grass,R128,5,Alejandro Davidovich Fokina,Juan Manuel Cerundolo,6-4 6-4 7-6(2),23,42,2060,1108
Wimbledon,Grand Slam,2026/06/29,Grass,R128,5,Nicolas Mejia,Adolfo Daniel Vallejo,4-6 6-4 7-5 7-6(2),165,72,349,828
Wimbledon,Grand Slam,2026/06/29,Grass,R128,5,Novak Djokovic,Yibing Wu,6-4 5-7 6-4 6-4,8,102,3760,634
Wimbledon,Grand Slam,2026/06/30,Grass,R128,5,Adrian Mannarino,Titouan Droguet,6-2 6-4 6-1,40,116,1139,534
Wimbledon,Grand Slam,2026/06/30,Grass,R128,5,Kamil Majchrzak,Alejandro Tabilo,6-3 7-5 7-5,45,33,1032,1428
Wimbledon,Grand Slam,2026/06/30,Grass,R128,5,Yannick Hanfmann,Giovanni Mpetshi Perricard,6-7(6) 7-6(9) 6-2 6-3,56,83,949,710
Wimbledon,Grand Slam,2026/06/30,Grass,R128,5,Alex De Minaur,Roman Andres Burruchaga,7-6(5) 6-1 6-0,6,65,4110,875
Wimbledon,Grand Slam,2026/06/30,Grass,R128,5,Jaime Faria,Sho Shimabukuro,7-6(6) 6-3 6-7(2) 6-3,98,90,660,691
Wimbledon,Grand Slam,2026/06/30,Grass,R128,5,Valentin Royer,Harry Wendelken,4-6 6-3 6-3 6-3,75,202,798,280
Wimbledon,Grand Slam,2026/06/30,Grass,R128,5,Zachary Svajda,Pablo Llamas Ruiz,6-1 6-2 6-4,66,119,855,525
Wimbledon,Grand Slam,2026/06/30,Grass,R128,5,Brandon Nakashima,Jack Pinnington Jones,6-3 7-6(5) 7-5,31,138,1485,434
Wimbledon,Grand Slam,2026/06/30,Grass,R128,5,Jesper De Jong,Rinky Hijikata,7-6(4) 3-6 5-7 6-4 6-3,73,82,808,717
Wimbledon,Grand Slam,2026/06/30,Grass,R128,5,Taylor Fritz,Dusan Lajovic,6-3 6-4 6-3,7,153,3765,378
Wimbledon,Grand Slam,2026/06/30,Grass,R128,5,Jaume Munar,Francisco Cerundolo,6-1 6-4 6-3,44,21,1075,2110
Wimbledon,Grand Slam,2026/06/30,Grass,R128,5,Quentin Halys,Matteo Arnaldi,3-6 6-1 7-6(5) 6-3,95,35,666,1349
Wimbledon,Grand Slam,2026/06/30,Grass,R128,5,Gabriel Diallo,Benjamin Bonzi,1-6 4-6 7-6(5) 6-3 3-1 RET,88,93,695,673
Wimbledon,Grand Slam,2026/06/30,Grass,R128,5,Jacob Fearnley,Alex Michelsen,3-6 4-6 6-2 6-3 6-2,159,46,362,1025
Wimbledon,Grand Slam,2026/06/30,Grass,R128,5,Arthur Fery,Damir Dzumhur,3-6 6-2 6-2 6-1,114,105,547,604
Wimbledon,Grand Slam,2026/06/30,Grass,R128,5,Otto Virtanen,Ben Shelton,6-4 3-6 6-7(8) 6-2 7-6(9),140,5,432,4160
Wimbledon,Grand Slam,2026/06/30,Grass,R128,5,Alexander Bublik,Thanasi Kokkinakis,4-6 6-3 6-7(10) 6-3 6-4,11,491,2620,90
Wimbledon,Grand Slam,2026/06/30,Grass,R128,5,Karen Khachanov,Billy Harris,6-3 5-7 6-3 6-3,22,155,2080,375
Wimbledon,Grand Slam,2026/06/30,Grass,R128,5,Zizou Bergs,Ugo Humbert,6-2 7-5 4-6 3-6 6-3,37,30,1250,1575
Wimbledon,Grand Slam,2026/06/30,Grass,R128,5,Kyrian Jacquet,Vilius Gaubas,6-3 6-4 7-6(2),139,129,433,474
Wimbledon,Grand Slam,2026/06/30,Grass,R128,5,Patrick Kypson,Mackenzie Mcdonald,3-6 6-1 6-4 6-4,113,145,548,409
Wimbledon,Grand Slam,2026/06/30,Grass,R128,5,Alexander Zverev,Alexander Blockx,6-4 6-7(8) 7-6(5) 7-6(0),3,36,7190,1275
Wimbledon,Grand Slam,2026/06/30,Grass,R128,5,Jakub Mensik,Toby Samuel,5-7 6-3 6-3 3-6 7-6(7),18,123,2255,515
Wimbledon,Grand Slam,2026/06/30,Grass,R128,5,Arthur Fils,Raphael Collignon,7-5 6-1 6-3,24,43,1940,1091
Wimbledon,Grand Slam,2026/06/30,Grass,R128,5,Lorenzo Sonego,Tomas Martin Etcheverry,6-4 6-4 6-7(2) 7-6(4),69,32,843,1460
Wimbledon,Grand Slam,2026/06/30,Grass,R128,5,James Duckworth,Tallon Griekspoor,6-4 4-6 7-5 6-4,79,58,748,935
Wimbledon,Grand Slam,2026/06/30,Grass,R128,5,Marcos Giron,Corentin Moutet,4-6 6-4 7-5 6-4,92,39,680,1163
Wimbledon,Grand Slam,2026/06/30,Grass,R128,5,Jiri Lehecka,Alexei Popyrin,6-4 6-2 6-4,14,103,2360,630
Wimbledon,Grand Slam,2026/06/30,Grass,R128,5,Jan Choinski,Vit Kopriva,6-3 7-5 6-2,100,64,657,893
Wimbledon,Grand Slam,2026/06/30,Grass,R128,5,Grigor Dimitrov,Dane Sweeny,7-6(4) 6-3 7-5,146,127,407,493
Wimbledon,Grand Slam,2026/06/30,Grass,R128,5,Matteo Berrettini,Stan Wawrinka,6-7(7) 7-6(16) 7-6(7) 7-6(5),51,109,985,563
Wimbledon,Grand Slam,2026/07/01,Grass,R64,5,Jenson Brooksby,Ignacio Buse,6-2 6-2 6-3,81,34,720,1375
Wimbledon,Grand Slam,2026/07/01,Grass,R64,5,Hubert Hurkacz,Sebastian Ofner,7-6(8) 6-4 6-4,96,110,665,557
Wimbledon,Grand Slam,2026/07/01,Grass,R64,5,Tommy Paul,Soonwoo Kwon,6-3 7-6(4) 6-2,25,200,1925,280
Wimbledon,Grand Slam,2026/07/01,Grass,R128,5,Alex Molcan,Daniel Altmaier,6-4 3-6 7-5 6-2,101,61,639,924
Wimbledon,Grand Slam,2026/07/01,Grass,R64,5,Marton Fucsovics,Learner Tien,6-7(6) 6-4 7-6(4) 6-3,76,17,781,2270
Wimbledon,Grand Slam,2026/07/01,Grass,R64,5,Alejandro Davidovich Fokina,Fabian Marozsan,6-3 6-0 6-3,23,53,2060,970
Wimbledon,Grand Slam,2026/07/01,Grass,R128,5,Flavio Cobolli,Mariano Navone,1-6 7-6(5) 6-3 7-6(8),10,38,3460,1165
Wimbledon,Grand Slam,2026/07/01,Grass,R64,5,Jannik Sinner,Nuno Borges,7-6(4) 7-6(2) 6-4,1,48,13450,1020
Wimbledon,Grand Slam,2026/07/01,Grass,R64,5,Daniil Medvedev,Daniel Merida,3-6 6-3 7-5 6-2,9,84,3580,706
Wimbledon,Grand Slam,2026/07/01,Grass,R64,5,Joao Fonseca,Jesper De Jong,6-1 7-5 6-4,27,73,1710,808
Wimbledon,Grand Slam,2026/07/01,Grass,R64,5,Arthur Rinderknech,Martin Damm,6-4 7-6(1) 6-3,28,106,1683,603
Wimbledon,Grand Slam,2026/07/01,Grass,R64,5,Michael Zheng,Nicolas Mejia,6-7(4) 7-6(8) 6-1 6-4,144,165,410,349
Wimbledon,Grand Slam,2026/07/01,Grass,R128,5,Frances Tiafoe,Terence Atmane,7-6(6) 6-1 4-6 6-4,19,52,2180,982
Wimbledon,Grand Slam,2026/07/01,Grass,R64,5,Shintaro Mochizuki,Ethan Quinn,6-2 7-6(6) 7-5,151,47,397,1021
Wimbledon,Grand Slam,2026/07/01,Grass,R64,5,Roman Safiullin,Botic Van De Zandschulp,6-0 4-6 6-3 3-6 7-6(5),132,54,458,969
Wimbledon,Grand Slam,2026/07/01,Grass,R64,5,Novak Djokovic,Stefanos Tsitsipas,6-3 6-4 6-2,8,87,3760,700
Wimbledon,Grand Slam,2026/07/01,Grass,R64,5,Felix Auger Aliassime,Dino Prizmic,7-6(2) 6-3 7-5,29,89,1680,691
Wimbledon,Grand Slam,2026/07/02,Grass,R64,5,Alex De Minaur,Adrian Mannarino,6-3 6-2 6-2,6,40,4110,1139
Wimbledon,Grand Slam,2026/07/02,Grass,R64,5,Taylor Fritz,Patrick Kypson,6-2 6-2 7-5,7,113,3765,548
Wimbledon,Grand Slam,2026/07/02,Grass,R64,5,Zizou Bergs,Jaime Faria,7-6(6) 4-6 6-2 6-3,37,98,1250,660
Wimbledon,Grand Slam,2026/07/02,Grass,R64,5,Arthur Fery,Otto Virtanen,5-7 7-6(3) 6-3 6-3,114,140,547,432
Wimbledon,Grand Slam,2026/07/02,Grass,R64,5,Lorenzo Sonego,Gabriel Diallo,7-6(4) 4-6 7-6(4) 6-7(6) 6-2,69,88,843,695
Wimbledon,Grand Slam,2026/07/02,Grass,R64,5,Rafael Jodar,Pablo Carreno Busta,3-6 6-3 1-6 6-3 6-4,26,71,1839,834
Wimbledon,Grand Slam,2026/07/02,Grass,R64,5,Jan Lennard Struff,Brandon Nakashima,4-6 7-6(6) 7-6(5) 6-7(6) 7-6(7),74,31,804,1485
Wimbledon,Grand Slam,2026/07/02,Grass,R64,5,Alexander Zverev,Valentin Royer,6-1 6-3 7-6(3),3,75,7190,798
Wimbledon,Grand Slam,2026/07/02,Grass,R64,5,Flavio Cobolli,James Duckworth,7-6(4) 3-6 7-6(3) 6-1,10,79,3460,748
Wimbledon,Grand Slam,2026/07/02,Grass,R64,5,Karen Khachanov,Yannick Hanfmann,6-3 6-4 6-4,22,56,2080,949
Wimbledon,Grand Slam,2026/07/02,Grass,R64,5,Matteo Berrettini,Arthur Fils,6-4 7-5 3-6 6-3,51,24,985,1940
Wimbledon,Grand Slam,2026/07/02,Grass,R64,5,Marcos Giron,Quentin Halys,7-6(5) 6-3 6-4,92,95,680,666
Wimbledon,Grand Slam,2026/07/02,Grass,R64,5,Jaume Munar,Jacob Fearnley,6-4 7-6(3) 6-4,44,159,1075,362
Wimbledon,Grand Slam,2026/07/02,Grass,R64,5,Zachary Svajda,Kamil Majchrzak,2-6 6-2 6-7(5) 6-4 6-3,66,45,855,1032
Wimbledon,Grand Slam,2026/07/02,Grass,R64,5,Jiri Lehecka,Alex Molcan,6-3 6-2 6-4,14,101,2360,639
Wimbledon,Grand Slam,2026/07/02,Grass,R64,5,Alexander Bublik,Kyrian Jacquet,6-3 6-4 7-6(5),11,139,2620,433
Wimbledon,Grand Slam,2026/07/02,Grass,R64,5,Frances Tiafoe,Jan Choinski,4-6 6-2 7-5 6-2,19,100,2180,657
Wimbledon,Grand Slam,2026/07/02,Grass,R64,5,Grigor Dimitrov,Jakub Mensik,7-6(5) 4-6 7-5 6-3,146,18,407,2255
Wimbledon,Grand Slam,2026/07/03,Grass,R32,5,Roman Safiullin,Joao Fonseca,6-3 6-3 6-3,132,27,458,1710
Wimbledon,Grand Slam,2026/07/03,Grass,R32,5,Shintaro Mochizuki,Rafael Jodar,1-6 7-6(5) 6-4 6-4,151,26,397,1839
Wimbledon,Grand Slam,2026/07/03,Grass,R32,5,Novak Djokovic,Arthur Rinderknech,7-5 6-4 1-6 7-6(4),8,28,3760,1683
Wimbledon,Grand Slam,2026/07/03,Grass,R32,5,Jannik Sinner,Jenson Brooksby,6-4 6-3 6-4,1,81,13450,720
Wimbledon,Grand Slam,2026/07/03,Grass,R32,5,Jan Lennard Struff,Daniil Medvedev,7-6(4) 7-6(5) 7-5,74,9,804,3580
Wimbledon,Grand Slam,2026/07/03,Grass,R32,5,Hubert Hurkacz,Tommy Paul,4-6 7-6(5) 7-5 6-2,96,25,665,1925
Wimbledon,Grand Slam,2026/07/03,Grass,R32,5,Alejandro Davidovich Fokina,Marton Fucsovics,7-6(3) 6-2 6-3,23,76,2060,781
Wimbledon,Grand Slam,2026/07/03,Grass,R32,5,Felix Auger Aliassime,Michael Zheng,7-6(1) 6-2 6-1,29,144,1680,410
Wimbledon,Grand Slam,2026/07/04,Grass,R32,5,Alex De Minaur,Zachary Svajda,6-2 5-7 6-2 6-4,6,66,4110,855
Wimbledon,Grand Slam,2026/07/04,Grass,R32,5,Flavio Cobolli,Karen Khachanov,0-6 7-6(4) 6-7(5) 6-2 6-2,10,22,3460,2080
Wimbledon,Grand Slam,2026/07/04,Grass,R32,5,Alexander Zverev,Marcos Giron,6-2 7-6(4) 6-4,3,92,7190,680
Wimbledon,Grand Slam,2026/07/04,Grass,R32,5,Jiri Lehecka,Jaume Munar,6-4 6-4 4-6 6-4,14,44,2360,1075
Wimbledon,Grand Slam,2026/07/04,Grass,R32,5,Arthur Fery,Zizou Bergs,2-6 7-5 2-6 7-6(3) 7-6(5),114,37,547,1250
Wimbledon,Grand Slam,2026/07/04,Grass,R32,5,Alexander Bublik,Frances Tiafoe,4-6 7-6(5) 7-6(11) 4-6 6-3,11,19,2620,2180
Wimbledon,Grand Slam,2026/07/04,Grass,R32,5,Taylor Fritz,Lorenzo Sonego,4-6 6-3 6-4 7-6(5),7,69,3765,843
Wimbledon,Grand Slam,2026/07/04,Grass,R32,5,Grigor Dimitrov,Matteo Berrettini,6-3 6-4 3-6 5-7 6-3,146,51,407,985
Wimbledon,Grand Slam,2026/07/05,Grass,R16,5,Novak Djokovic,Roman Safiullin,7-6(6) 6-3 3-6 6-2,8,132,3760,458
Wimbledon,Grand Slam,2026/07/05,Grass,R16,5,Felix Auger Aliassime,Alejandro Davidovich Fokina,6-7(4) 7-6(6) 6-3 6-7(2) 6-1,29,23,1680,2060
Wimbledon,Grand Slam,2026/07/05,Grass,R16,5,Jan Lennard Struff,Hubert Hurkacz,3-6 6-7(5) 7-6(2) 7-5 4-2 RET,74,96,804,665
Wimbledon,Grand Slam,2026/07/05,Grass,R16,5,Jannik Sinner,Shintaro Mochizuki,6-3 7-6(0) 6-3,1,151,13450,397
Wimbledon,Grand Slam,2026/07/06,Grass,R16,5,Flavio Cobolli,Alex De Minaur,7-5 7-6(4) 6-3,10,6,3460,4110
Wimbledon,Grand Slam,2026/07/06,Grass,R16,5,Taylor Fritz,Alexander Bublik,7-6(1) 6-4 6-4,7,11,3765,2620
Wimbledon,Grand Slam,2026/07/06,Grass,R16,5,Arthur Fery,Grigor Dimitrov,7-5 3-6 4-6 6-4 7-6(7),114,146,547,407
Wimbledon,Grand Slam,2026/07/07,Grass,QF,5,Jannik Sinner,Jan Lennard Struff,7-5 7-6(4) 6-3,1,74,13450,804
Wimbledon,Grand Slam,2026/07/07,Grass,R16,5,Alexander Zverev,Jiri Lehecka,6-4 7-5 3-6 6-3,3,14,7190,2360
Wimbledon,Grand Slam,2026/07/07,Grass,QF,5,Novak Djokovic,Felix Auger Aliassime,7-6(10) 3-6 6-3 6-7(4) 7-6(4),8,29,3760,1680
Wimbledon,Grand Slam,2026/07/08,Grass,QF,5,Alexander Zverev,Taylor Fritz,6-4 6-4 6-2,3,7,7190,3765
Wimbledon,Grand Slam,2026/07/08,Grass,QF,5,Arthur Fery,Flavio Cobolli,6-4 7-6(4) 6-0,114,10,547,3460
Wimbledon,Grand Slam,2026/07/10,Grass,SF,5,Alexander Zverev,Arthur Fery,7-6(0) 6-2 6-4,3,114,7190,547
Wimbledon,Grand Slam,2026/07/10,Grass,SF,5,Jannik Sinner,Novak Djokovic,6-4 6-4 6-4,1,8,13450,3760
Wimbledon,Grand Slam,2026/07/12,Grass,F,5,Jannik Sinner,Alexander Zverev,6-7(7) 7-6(2) 6-3 6-4,1,3,13450,7190
Gstaad,ATP 250,2026/07/13,Clay,R32,3,Dominic Stricker,Jaume Munar,6-2 6-4,360,44,140,1075
Gstaad,ATP 250,2026/07/13,Clay,R32,3,Raphael Collignon,Timofey Skatov,3-6 7-6(1) 6-4,42,163,1091,343
Gstaad,ATP 250,2026/07/13,Clay,R32,3,Miomir Kecmanovic,Kilian Feldbausch,6-1 1-6 6-3,59,262,930,216
Gstaad,ATP 250,2026/07/13,Clay,R32,3,Lorenzo Sonego,Joel Schwaerzler,6-4 7-6(4),83,171,743,331
Gstaad,ATP 250,2026/07/13,Clay,R32,3,Clement Tabur,Jurij Rodionov,4-6 7-5 6-4,178,143,319,427
Bastad,ATP 250,2026/07/13,Clay,R32,3,Jesper De Jong,Vilius Gaubas,7-6(1) 7-5,73,128,808,508
Umag,ATP 250,2026/07/13,Clay,R32,3,Damir Dzumhur,Henrique Rocha,6-2 6-1,108,124,604,517
Umag,ATP 250,2026/07/13,Clay,R32,3,Marco Trungelliti,Kyrian Jacquet,6-2 6-3,99,130,666,497
Gstaad,ATP 250,2026/07/14,Clay,R32,3,Quentin Halys,Federico Cina,6-3 3-6 7-6(6),90,184,706,312
Gstaad,ATP 250,2026/07/14,Clay,R32,3,Juan Manuel Cerundolo,Zdenek Kolar,4-6 6-3 6-4,45,153,1054,370
Gstaad,ATP 250,2026/07/14,Clay,R32,3,Yannick Hanfmann,Pedro Martinez,7-6(6) 6-1,51,157,974,358
Gstaad,ATP 250,2026/07/14,Clay,R32,3,Jerome Kym,Dylan Dietrich,7-6(3) 2-6 7-6(5),186,618,310,59
Bastad,ATP 250,2026/07/14,Clay,R32,3,Stefano Travaglia,Martin Krumich,6-4 6-2,150,278,385,203
Bastad,ATP 250,2026/07/14,Clay,R32,3,Botic Van De Zandschulp,Taro Daniel,7-6(0) 6-4,55,194,969,285
Bastad,ATP 250,2026/07/14,Clay,R32,3,Thiago Agustin Tirante,Sebastian Ofner,6-3 6-4,61,125,921,515
Bastad,ATP 250,2026/07/14,Clay,R32,3,Nikoloz Basilashvili,Jan Choinski,6-4 7-6(4),135,75,474,775
Bastad,ATP 250,2026/07/14,Clay,R32,3,Grigor Dimitrov,Dalibor Svrcina,7-6(5) 1-6 6-4,146,114,407,554
Bastad,ATP 250,2026/07/14,Clay,R32,3,Lautaro Midon,Facundo Diaz Acosta,3-6 6-4 6-2,213,110,261,604
Bastad,ATP 250,2026/07/14,Clay,R32,3,Andrea Pellegrino,Nicolai Budkov Kjaer,6-3 6-2,138,118,459,530
Bastad,ATP 250,2026/07/14,Clay,R32,3,Adolfo Daniel Vallejo,Miguel Damas,6-3 6-3,71,300,830,178
Umag,ATP 250,2026/07/14,Clay,R32,3,Dino Prizmic,Vit Kopriva,6-1 6-3,84,64,741,893
Umag,ATP 250,2026/07/14,Clay,R32,3,Luca Van Assche,Dusan Lajovic,2-6 7-5 6-4,86,152,737,378
Gstaad,ATP 250,2026/07/14,Clay,R32,3,Stefanos Tsitsipas,Ignacio Buse,6-4 6-4,85,33,740,1413
Gstaad,ATP 250,2026/07/14,Clay,R32,3,Alexander Shevchenko,Alexandre Muller,3-6 6-3 6-4,100,132,658,494
Bastad,ATP 250,2026/07/14,Clay,R32,3,Sebastian Baez,Max Dahlin,4-6 6-4 6-1,56,,935,6
Bastad,ATP 250,2026/07/14,Clay,R32,3,Nuno Borges,Moise Kouame,6-4 6-2,52,211,970,263
Bastad,ATP 250,2026/07/14,Clay,R32,3,Daniel Altmaier,Hugo Gaston,6-2 7-5,60,107,924,619
Umag,ATP 250,2026/07/14,Clay,R32,3,Camilo Ugo Carabelli,Marko Topo,6-7(2) 7-6(3) 6-3,58,374,930,134
Umag,ATP 250,2026/07/14,Clay,R32,3,Roman Andres Burruchaga,Marco Cecchinato,6-1 6-4,67,175,875,323
Umag,ATP 250,2026/07/14,Clay,R32,3,Pablo Carreno Busta,Matej Dodig,6-4 6-2,65,254,884,220
Umag,ATP 250,2026/07/14,Clay,R32,3,Daniel Merida,Ziga Sesko,6-4 6-1,82,957,750,22
Umag,ATP 250,2026/07/14,Clay,R32,3,Alex Molcan,Valentin Royer,6-4 7-5,101,77,649,768
Gstaad,ATP 250,2026/07/14,Clay,R32,3,Jaime Faria,Stan Wawrinka,6-7(8) 6-4 6-4,92,117,700,538
Umag,ATP 250,2026/07/14,Clay,R32,3,Titouan Droguet,Alexander Blockx,3-6 6-2 6-0,119,37,528,1233
Umag,ATP 250,2026/07/14,Clay,R32,3,Federico Agustin Gomez,Niels Mcdonald,6-3 7-6(4),209,505,268,86
Umag,ATP 250,2026/07/14,Clay,R32,3,Juan Carlos Prado Angelo,Lukas Neumayer,6-3 7-6(6),173,162,327,343
Gstaad,ATP 250,2026/07/15,Clay,R16,3,Raphael Collignon,Lorenzo Sonego,7-6(2) 7-6(5),42,83,1091,743
Bastad,ATP 250,2026/07/15,Clay,R16,3,Nuno Borges,Grigor Dimitrov,6-4 6-2,52,146,970,407
Bastad,ATP 250,2026/07/15,Clay,R16,3,Adolfo Daniel Vallejo,Botic Van De Zandschulp,4-6 6-3 7-6(4),71,55,830,969
Gstaad,ATP 250,2026/07/15,Clay,R16,3,Valentin Vacherot,Yannick Hanfmann,4-6 6-3 6-4,21,51,2138,974
Gstaad,ATP 250,2026/07/15,Clay,R16,3,Arthur Rinderknech,Clement Tabur,6-7(9) 7-6(5) 7-5,28,178,1683,319
Bastad,ATP 250,2026/07/15,Clay,R16,3,Luciano Darderi,Daniel Altmaier,6-4 6-4,18,60,2210,924
Bastad,ATP 250,2026/07/15,Clay,R16,3,Stefano Travaglia,Mariano Navone,6-4 6-2,150,48,385,1016
Umag,ATP 250,2026/07/15,Clay,R16,3,Titouan Droguet,Luca Van Assche,6-1 1-6 7-5,119,86,528,737
Umag,ATP 250,2026/07/15,Clay,R16,3,Roman Andres Burruchaga,Flavio Cobolli,6-2 6-4,67,9,875,3460
Umag,ATP 250,2026/07/15,Clay,R16,3,Alejandro Davidovich Fokina,Marco Trungelliti,6-4 7-5,20,99,2160,666
Umag,ATP 250,2026/07/15,Clay,R16,3,Daniel Merida,Tomas Martin Etcheverry,7-5 6-4,82,30,750,1460
Umag,ATP 250,2026/07/15,Clay,R16,3,Matteo Arnaldi,Federico Agustin Gomez,6-3 5-7 6-3,34,209,1349,268
Umag,ATP 250,2026/07/15,Clay,R16,3,Camilo Ugo Carabelli,Pablo Carreno Busta,3-6 7-5 7-5,58,65,930,884
Umag,ATP 250,2026/07/15,Clay,R16,3,Damir Dzumhur,Juan Carlos Prado Angelo,7-6(2) 6-1,108,173,604,327
Gstaad,ATP 250,2026/07/16,Clay,R16,3,Casper Ruud,Jaime Faria,6-7(1) 6-4 6-2,13,92,2435,700
Gstaad,ATP 250,2026/07/16,Clay,R16,3,Juan Manuel Cerundolo,Miomir Kecmanovic,3-6 6-3 7-5,45,59,1054,930
Gstaad,ATP 250,2026/07/16,Clay,R16,3,Stefanos Tsitsipas,Jerome Kym,6-4 6-7(2) 7-6(5),85,186,740,310
Bastad,ATP 250,2026/07/16,Clay,R16,3,Andrey Rublev,Andrea Pellegrino,7-6(3) 6-7(7) 6-3,16,138,2230,459
Bastad,ATP 250,2026/07/16,Clay,R16,3,Thiago Agustin Tirante,Nikoloz Basilashvili,7-5 3-6 6-4,61,135,921,474
Umag,ATP 250,2026/07/16,Clay,QF,3,Daniel Merida,Titouan Droguet,6-1 6-3,82,119,750,528
Umag,ATP 250,2026/07/16,Clay,R16,3,Alex Molcan,Dino Prizmic,3-6 7-6(5) 4-0 RET,101,84,649,741
Umag,ATP 250,2026/07/16,Clay,QF,3,Roman Andres Burruchaga,Camilo Ugo Carabelli,6-2 2-6 6-3,67,58,875,930
Bastad,ATP 250,2026/07/16,Clay,R16,3,Sebastian Baez,Jesper De Jong,6-4 6-2,56,73,935,808
Bastad,ATP 250,2026/07/16,Clay,R16,3,Alejandro Tabilo,Lautaro Midon,6-4 6-7(5) 6-4,31,213,1438,261
Umag,ATP 250,2026/07/16,Clay,QF,3,Damir Dzumhur,Matteo Arnaldi,7-6(5) 6-7(4) 7-6(4),108,34,604,1349
Gstaad,ATP 250,2026/07/17,Clay,QF,3,Juan Manuel Cerundolo,Casper Ruud,3-6 7-5 6-2,45,13,1054,2435
Gstaad,ATP 250,2026/07/17,Clay,QF,3,Raphael Collignon,Valentin Vacherot,7-6(7) 4-6 7-5,42,21,1091,2138
Gstaad,ATP 250,2026/07/17,Clay,R16,3,Quentin Halys,Alexander Bublik,6-7(4) 6-4 7-6(5),90,11,706,2810
Gstaad,ATP 250,2026/07/17,Clay,R16,3,Alexander Shevchenko,Dominic Stricker,7-6(5) 6-2,100,360,658,140
Bastad,ATP 250,2026/07/17,Clay,QF,3,Luciano Darderi,Nuno Borges,7-6(9) 6-4,18,52,2210,970
Bastad,ATP 250,2026/07/17,Clay,QF,3,Alejandro Tabilo,Thiago Agustin Tirante,W/O,31,61,1438,921
Bastad,ATP 250,2026/07/17,Clay,QF,3,Adolfo Daniel Vallejo,Stefano Travaglia,7-6(5) 6-2,71,150,830,385
Umag,ATP 250,2026/07/17,Clay,QF,3,Alex Molcan,Alejandro Davidovich Fokina,3-6 6-1 6-2,101,20,649,2160
Gstaad,ATP 250,2026/07/17,Clay,QF,3,Stefanos Tsitsipas,Arthur Rinderknech,6-3 3-6 6-3,85,28,740,1683
Gstaad,ATP 250,2026/07/17,Clay,QF,3,Alexander Shevchenko,Quentin Halys,7-6(5) 6-3,100,90,658,706
Bastad,ATP 250,2026/07/17,Clay,QF,3,Andrey Rublev,Sebastian Baez,6-1 6-2,16,56,2230,935
Umag,ATP 250,2026/07/18,Clay,SF,3,Daniel Merida,Roman Andres Burruchaga,6-4 6-2,82,67,750,875
Umag,ATP 250,2026/07/18,Clay,SF,3,Damir Dzumhur,Alex Molcan,3-6 6-4 6-3,108,101,604,649
Gstaad,ATP 250,2026/07/18,Clay,SF,3,Stefanos Tsitsipas,Alexander Shevchenko,6-4 3-6 6-3,85,100,740,658
Gstaad,ATP 250,2026/07/18,Clay,SF,3,Raphael Collignon,Juan Manuel Cerundolo,1-6 7-6(5) 7-5,42,45,1091,1054
Bastad,ATP 250,2026/07/18,Clay,SF,3,Luciano Darderi,Adolfo Daniel Vallejo,6-4 6-7(11) 6-3,18,71,2210,830
Bastad,ATP 250,2026/07/18,Clay,SF,3,Andrey Rublev,Alejandro Tabilo,6-4 4-6 6-4,16,31,2230,1438
Umag,ATP 250,2026/07/19,Clay,F,3,Daniel Merida,Damir Dzumhur,6-2 5-7 6-2,82,108,750,604
Bastad,ATP 250,2026/07/19,Clay,F,3,Andrey Rublev,Luciano Darderi,6-4 6-3,16,18,2230,2210
Gstaad,ATP 250,2026/07/19,Clay,F,3,Stefanos Tsitsipas,Raphael Collignon,6-4 6-7(3) 6-3,85,42,740,1091
Kitzbuhel,ATP 250,2026/07/20,Clay,R32,3,Mariano Navone,Alexandre Muller,6-4 6-0,47,133,1005,494
Kitzbuhel,ATP 250,2026/07/20,Clay,R32,3,Facundo Diaz Acosta,Federico Cina,4-6 6-3 6-4,108,184,604,317
Kitzbuhel,ATP 250,2026/07/20,Clay,R32,3,Yannick Hanfmann,Lukas Neumayer,7-6(5) 6-4,52,172,974,334
Kitzbuhel,ATP 250,2026/07/20,Clay,R32,3,Jurij Rodionov,Joel Schwaerzler,6-4 6-2,145,185,427,315
Estoril,ATP 250,2026/07/20,Clay,R32,3,Titouan Droguet,Camilo Ugo Carabelli,6-0 3-6 6-4,114,69,570,880
Estoril,ATP 250,2026/07/20,Clay,R32,3,Tiago Torres,Nikoloz Basilashvili,6-4 6-2,427,130,109,499
Kitzbuhel,ATP 250,2026/07/20,Clay,R32,3,Ignacio Buse,Vit Kopriva,7-5 6-7(3) 6-1,35,68,1312,881
Estoril,ATP 250,2026/07/20,Clay,R32,3,Luca Van Assche,Frederico Ferreira Silva,7-5 6-7(4) 6-1,78,235,755,240
Estoril,ATP 250,2026/07/20,Clay,R32,3,Pedro Martinez,Henrique Rocha,7-5 7-5,159,123,358,517
Kitzbuhel,ATP 250,2026/07/21,Clay,R32,3,Jan Lennard Struff,Aleksander Shevchenko,3-6 7-6(5) 6-4,41,84,1104,736
Kitzbuhel,ATP 250,2026/07/21,Clay,R32,3,Marco Trungelliti,Juan Manuel Cerundolo,6-2 6-1,95,50,678,989
Estoril,ATP 250,2026/07/21,Clay,R32,3,Pablo Carreno Busta,Vilius Gaubas,6-1 6-3,65,128,896,507
Kitzbuhel,ATP 250,2026/07/21,Clay,R32,3,Jan Lennard Struff,Aleksandr Shevchenko,3-6 7-6(5) 6-4,41,84,1104,736
Kitzbuhel,ATP 250,2026/07/21,Clay,R32,3,Daniel Altmaier,Raphael Collignon,6-3 6-2,61,37,924,1234
Kitzbuhel,ATP 250,2026/07/21,Clay,R32,3,Sebastian Baez,Miomir Kecmanovic,6-3 3-6 6-4,56,58,950,930
Kitzbuhel,ATP 250,2026/07/21,Clay,R32,3,Kilian Feldbausch,Adolfo Daniel Vallejo,7-6(2) 6-1,284,63,191,918
Kitzbuhel,ATP 250,2026/07/21,Clay,R32,3,Quentin Halys,Laslo Djere,7-6(4) 6-4,83,221,743,255
Kitzbuhel,ATP 250,2026/07/21,Clay,R32,3,Alex Molcan,Sebastian Ofner,6-4 6-4,81,124,747,515
Estoril,ATP 250,2026/07/21,Clay,R32,3,Nuno Borges,Orlando Luz,6-3 6-3,48,1072,995,15
Estoril,ATP 250,2026/07/21,Clay,R32,3,Gonzalo Bueno,Tiago Pereira,6-3 1-6 7-6(5),180,371,321,133
Estoril,ATP 250,2026/07/21,Clay,R32,3,Roman Andres Burruchaga,Stan Wawrinka,6-4 4-6 6-3,60,118,925,538
Estoril,ATP 250,2026/07/21,Clay,R32,3,Hugo Gaston,Damir Dzumhur,5-0 RET,109,87,602,719
Estoril,ATP 250,2026/07/21,Clay,R32,3,Kyrian Jacquet,Daniel Merida,1-6 6-1 7-5,134,59,489,925
Estoril,ATP 250,2026/07/21,Clay,R32,3,Timofey Skatov,Jesper De Jong,1-6 6-4 6-3,163,98,349,668
Estoril,ATP 250,2026/07/21,Clay,R32,3,Jaime Faria,Botic Van De Zandschulp,6-3 6-4,88,55,718,969
Kitzbuhel,ATP 250,2026/07/22,Clay,R16,3,Quentin Halys,Valentin Vacherot,6-3 6-4,83,19,743,2188
Kitzbuhel,ATP 250,2026/07/22,Clay,R16,3,Sebastian Baez,Arthur Rinderknech,7-6(6) 2-6 6-4,56,27,950,1723
Kitzbuhel,ATP 250,2026/07/22,Clay,R16,3,Tomas Martin Etcheverry,Jurij Rodionov,6-2 7-6(4),31,145,1460,427
Kitzbuhel,ATP 250,2026/07/22,Clay,R16,3,Ignacio Buse,Kilian Feldbausch,2-6 6-2 6-2,35,284,1312,191
Kitzbuhel,ATP 250,2026/07/22,Clay,R16,3,Mariano Navone,Jan Lennard Struff,6-0 6-3,47,41,1005,1104
Kitzbuhel,ATP 250,2026/07/22,Clay,R16,3,Yannick Hanfmann,Marco Trungelliti,6-4 7-6(2),52,95,974,678
Estoril,ATP 250,2026/07/22,Clay,R16,3,Hugo Gaston,Titouan Droguet,6-0 6-3,109,114,602,570
Kitzbuhel,ATP 250,2026/07/22,Clay,R16,3,Alexander Bublik,Facundo Diaz Acosta,6-3 7-5,11,108,2610,604
Kitzbuhel,ATP 250,2026/07/22,Clay,R16,3,Alex Molcan,Daniel Altmaier,6-3 3-6 7-5,81,61,747,924
Estoril,ATP 250,2026/07/22,Clay,R16,3,Tiago Torres,Alejandro Tabilo,6-4 6-4,427,30,109,1508
Estoril,ATP 250,2026/07/22,Clay,R16,3,Roman Andres Burruchaga,Nuno Borges,6-1 4-6 6-3,60,48,925,995
Estoril,ATP 250,2026/07/22,Clay,R16,3,Alexander Blockx,Kyrian Jacquet,3-6 6-4 7-6(4),38,134,1218,489
Kitzbuhel,ATP 250,2026/07/23,Clay,QF,3,Tomas Martin Etcheverry,Ignacio Buse,6-2 7-5,31,35,1460,1312
Kitzbuhel,ATP 250,2026/07/23,Clay,QF,3,Quentin Halys,Mariano Navone,7-5 6-3,83,47,743,1005
Kitzbuhel,ATP 250,2026/07/23,Clay,QF,3,Yannick Hanfmann,Sebastian Baez,6-3 6-1,52,56,974,950
Estoril,ATP 250,2026/07/23,Clay,R16,3,Luca Van Assche,Pablo Carreno Busta,6-3 4-6 6-2,78,65,755,896
Estoril,ATP 250,2026/07/23,Clay,R16,3,Jaime Faria,Gonzalo Bueno,6-2 6-4,88,180,718,321
Kitzbuhel,ATP 250,2026/07/23,Clay,QF,3,Alexander Bublik,Alex Molcan,6-3 6-2,11,81,2610,747
Estoril,ATP 250,2026/07/23,Clay,R16,3,Andrey Rublev,Timofey Skatov,6-1 6-1,14,163,2380,349
Estoril,ATP 250,2026/07/23,Clay,R16,3,Luciano Darderi,Pedro Martinez,6-0 6-1,21,159,2125,358
Kitzbuhel,ATP 250,2026/07/24,Clay,SF,3,Alexander Bublik,Tomas Martin Etcheverry,6-3 6-4,11,31,2610,1460
Kitzbuhel,ATP 250,2026/07/24,Clay,SF,3,Quentin Halys,Yannick Hanfmann,6-4 7-6(2),83,52,743,974
Estoril,ATP 250,2026/07/24,Clay,QF,3,Luca Van Assche,Andrey Rublev,3-6 6-3 6-4,78,14,755,2380
Estoril,ATP 250,2026/07/24,Clay,QF,3,Hugo Gaston,Tiago Torres,6-3 6-4,109,427,602,109
Estoril,ATP 250,2026/07/24,Clay,QF,3,Alexander Blockx,Roman Andres Burruchaga,6-4 5-7 6-4,38,60,1218,925
Estoril,ATP 250,2026/07/24,Clay,QF,3,Luciano Darderi,Jaime Faria,2-6 7-5 6-2,21,88,2125,718
Kitzbuhel,ATP 250,2026/07/25,Clay,F,3,Quentin Halys,Alexander Bublik,6-4 7-6(6),83,11,743,2610
Estoril,ATP 250,2026/07/25,Clay,SF,3,Luca Van Assche,Hugo Gaston,6-4 7-5,78,109,755,602
Estoril,ATP 250,2026/07/26,Clay,SF,3,Alexander Blockx,Luciano Darderi,5-7 7-6(1) 7-6(5),38,21,1218,2125
Estoril,ATP 250,2026/07/26,Clay,F,3,Luca Van Assche,Alexander Blockx,6-4 4-6 7-5,78,38,755,1218
Washington,ATP 500,2026/07/27,Hard,R32,3,Lorenzo Musetti,Matteo Arnaldi,6-0 3-1 RET,15,35,2315,1349
Washington,ATP 500,2026/07/27,Hard,R32,3,Alejandro Tabilo,Tallon Griekspoor,7-6(3) 4-6 6-4,30,67,1558,895
Washington,ATP 500,2026/07/27,Hard,R32,3,Taylor Fritz,Zizou Bergs,6-3 6-4,10,36,3300,1340
Washington,ATP 500,2026/07/28,Hard,R32,3,Kei Nishikori,Juncheng Shang,6-7(3) 6-3 6-4,721,270,45,205
Washington,ATP 500,2026/07/28,Hard,R32,3,Aleksandar Vukic,Zachary Svajda,6-3 6-1,105,76,624,781
Los Cabos,ATP 250,2026/07/28,Hard,R32,3,Bernard Tomic,Alex Hernandez,6-1 6-0,171,498,339,89
Los Cabos,ATP 250,2026/07/28,Hard,R32,3,Tristan Boyer,Gabriel Diallo,7-5 6-2,162,99,350,645
Washington,ATP 500,2026/07/28,Hard,R32,3,Terence Atmane,Frances Tiafoe,4-6 6-3 6-4,56,19,967,2180
Los Cabos,ATP 250,2026/07/28,Hard,R32,3,Coleman Wong,Darwin Blanch,6-3 6-4,108,226,588,249
Los Cabos,ATP 250,2026/07/28,Hard,R32,3,Cameron Norrie,Aleksandar Kovacevic,6-4 6-1,39,95,1165,673
Washington,ATP 500,2026/07/28,Hard,R32,3,Kamil Majchrzak,Tommy Paul,7-5 7-6(4),72,21,857,2025
Washington,ATP 500,2026/07/28,Hard,R32,3,Ugo Humbert,Andres Martin,6-2 7-5,29,381,1575,129
Washington,ATP 500,2026/07/28,Hard,R32,3,Rafael Jodar,Arthur Fils,7-6(5) 6-3,24,22,1927,1990
Washington,ATP 500,2026/07/28,Hard,R32,3,Adrian Mannarino,Learner Tien,7-5 6-4,47,16,1005,2245
Washington,ATP 500,2026/07/28,Hard,R32,3,Alex Michelsen,Mackenzie Mcdonald,6-4 7-5,40,145,1165,422
Washington,ATP 500,2026/07/28,Hard,R32,3,Cruz Hewitt,Marcos Giron,6-3 6-4,612,85,61,730
Washington,ATP 500,2026/07/29,Hard,R32,3,Jakub Mensik,Trevor Svajda,6-2 6-7(5) 6-3,17,436,2205,106
Washington,ATP 500,2026/07/29,Hard,R32,3,Ben Shelton,Martin Damm,6-4 4-6 6-4,8,104,3580,628
Washington,ATP 500,2026/07/29,Hard,R32,3,Brandon Nakashima,Tomas Martin Etcheverry,6-3 6-4,33,31,1360,1510
Los Cabos,ATP 250,2026/07/29,Hard,R32,3,Edward Winter,Moise Kouame,6-1 6-4,391,213,124,263
Los Cabos,ATP 250,2026/07/29,Hard,R32,3,Michael Zheng,Martin Landaluce,6-4 6-3,118,63,552,920
Los Cabos,ATP 250,2026/07/29,Hard,R32,3,Jenson Brooksby,Corentin Moutet,6-4 6-4,77,57,770,965
Los Cabos,ATP 250,2026/07/29,Hard,R32,3,Denis Shapovalov,Rinky Hijikata,2-6 6-3 6-2,68,93,890,677
Los Cabos,ATP 250,2026/07/29,Hard,R32,3,James Duckworth,Aidan Mayo,4-6 6-3 6-4,83,689,746,49
Los Cabos,ATP 250,2026/07/29,Hard,R32,3,Arthur Gea,Soonwoo Kwon,6-4 6-7(8) 6-2,127,158,502,360
Los Cabos,ATP 250,2026/07/29,Hard,R32,3,Rodrigo Pacheco Mendez,Sho Shimabukuro,6-7(4) 7-5 6-2,320,94,163,677
Washington,ATP 500,2026/07/30,Hard,R16,3,Taylor Fritz,Kamil Majchrzak,6-3 6-4,10,72,3300,857
Washington,ATP 500,2026/07/30,Hard,R16,3,Lorenzo Musetti,Aleksandar Vukic,6-3 5-7 6-3,15,105,2315,624
Washington,ATP 500,2026/07/30,Hard,R32,3,Alex De Minaur,Stefanos Tsitsipas,6-4 3-6 6-3,6,51,3660,980
Los Cabos,ATP 250,2026/07/30,Hard,R32,3,Dalibor Svrcina,Adam Walton,6-7(2) 7-6(2) 6-3,116,96,554,670
Washington,ATP 500,2026/07/30,Hard,R16,3,Alex Michelsen,Adrian Mannarino,6-4 7-6(3),40,47,1165,1005
Washington,ATP 500,2026/07/30,Hard,R16,3,Rafael Jodar,Kei Nishikori,6-3 6-2,24,721,1927,45
Los Cabos,ATP 250,2026/07/30,Hard,R16,3,Coleman Wong,Jiri Lehecka,1-6 6-3 6-4,108,12,588,2470
Los Cabos,ATP 250,2026/07/30,Hard,R16,3,Francisco Cerundolo,Tristan Boyer,6-7(4) 4-3 RET,20,162,2060,350
Los Cabos,ATP 250,2026/07/30,Hard,R16,3,Jenson Brooksby,Edward Winter,6-3 6-4,77,391,770,124
Los Cabos,ATP 250,2026/07/30,Hard,R16,3,Dalibor Svrcina,Luciano Darderi,3-0 RET,116,23,554,1975
Los Cabos,ATP 250,2026/07/30,Hard,R16,3,Bernard Tomic,Karen Khachanov,6-2 6-4,171,26,339,1780
Los Cabos,ATP 250,2026/07/30,Hard,R16,3,Denis Shapovalov,Rodrigo Pacheco Mendez,6-3 6-2,68,320,890,163
Los Cabos,ATP 250,2026/07/30,Hard,R16,3,Arthur Gea,Michael Zheng,0-6 6-4 6-0,127,118,502,552
Los Cabos,ATP 250,2026/07/30,Hard,R16,3,Cameron Norrie,James Duckworth,6-4 6-4,39,83,1165,746
Washington,ATP 500,2026/07/30,Hard,R16,3,Brandon Nakashima,Jakub Mensik,7-6(5) 3-6 6-4,33,17,1360,2205
Washington,ATP 500,2026/07/30,Hard,R16,3,Alex De Minaur,Cruz Hewitt,6-2 6-3,6,612,3660,61
Los Cabos,ATP 250,2026/07/31,Hard,QF,3,Arthur Gea,Francisco Cerundolo,6-7(11) 6-4 6-0,127,20,502,2060
Los Cabos,ATP 250,2026/07/31,Hard,QF,3,Coleman Wong,Jenson Brooksby,6-1 7-5,108,77,588,770
Washington,ATP 500,2026/07/31,Hard,R16,3,Ben Shelton,Ugo Humbert,6-7(3) 6-3 6-4,8,29,3580,1575
Washington,ATP 500,2026/07/31,Hard,R16,3,Alejandro Tabilo,Terence Atmane,6-3 7-6(6),30,56,1558,967
Los Cabos,ATP 250,2026/07/31,Hard,QF,3,Cameron Norrie,Bernard Tomic,6-1 6-0,39,171,1165,339
Los Cabos,ATP 250,2026/07/31,Hard,QF,3,Denis Shapovalov,Dalibor Svrcina,6-4 6-2,68,116,890,554
Washington,ATP 500,2026/07/31,Hard,QF,3,Brandon Nakashima,Alex De Minaur,7-6(5) 6-4,33,6,1360,3660
Washington,ATP 500,2026/08/01,Hard,QF,3,Taylor Fritz,Alex Michelsen,6-1 3-6 7-6(6),10,40,3300,1165
Washington,ATP 500,2026/08/01,Hard,QF,3,Rafael Jodar,Lorenzo Musetti,1-6 6-1 6-4,24,15,1927,2315
Washington,ATP 500,2026/08/01,Hard,QF,3,Alejandro Tabilo,Ben Shelton,4-6 7-5 6-4,30,8,1558,3580
Los Cabos,ATP 250,2026/08/01,Hard,SF,3,Denis Shapovalov,Cameron Norrie,6-3 5-7 6-4,68,39,890,1165
Los Cabos,ATP 250,2026/08/01,Hard,SF,3,Arthur Gea,Coleman Wong,7-6(7) 6-3,127,108,502,588
Washington,ATP 500,2026/08/02,Hard,SF,3,Taylor Fritz,Brandon Nakashima,6-3 3-6 6-3,10,33,3300,1360
Washington,ATP 500,2026/08/02,Hard,SF,3,Rafael Jodar,Alejandro Tabilo,6-7(6) 6-4 6-4,24,30,1927,1558
Los Cabos,ATP 250,2026/08/02,Hard,F,3,Arthur Gea,Denis Shapovalov,6-3 6-4,127,68,502,890
Washington,ATP 500,2026/08/03,Hard,F,3,Taylor Fritz,Rafael Jodar,7-6(2) 6-4,10,24,3300,1927
Canada Masters,ATP 1000,2026/08/02,Hard,R128,3,Jaume Munar,Rinky Hijikata,7-6(3) 6-3,43,93,1050,677
Canada Masters,ATP 1000,2026/08/02,Hard,R128,3,Juncheng Shang,Adolfo Daniel Vallejo,6-3 6-3,270,65,205,918
Canada Masters,ATP 1000,2026/08/04,Hard,R128,3,Vit Kopriva,Alexis Galarneau,6-4 6-4,125,200,478,288
Canada Masters,ATP 1000,2026/08/04,Hard,R128,3,James Duckworth,Christopher O'connell,6-3 6-1,94,64,624,795
Canada Masters,ATP 1000,2026/08/04,Hard,R128,3,Titouan Droguet,Luca Van Assche,6-4 2-6 7-6(7),185,129,314,471
Canada Masters,ATP 1000,2026/08/04,Hard,R128,3,Nicolas Mejia,Martin Landaluce,4-6 6-4 6-3,223,143,260,414
Canada Masters,ATP 1000,2026/08/04,Hard,R128,3,Mariano Navone,Matteo Berrettini,6-3 6-7(5) 6-3,46,35,1148,1380
Canada Masters,ATP 1000,2026/08/04,Hard,R128,3,Nuno Borges,Aleksandar Kovacevic,6-7(7) 6-2 6-4,36,108,1370,547
Canada Masters,ATP 1000,2026/08/04,Hard,R128,3,Yannick Hanfmann,Benjamin Bonzi,6-1 4-6 6-2,98,70,615,762
Canada Masters,ATP 1000,2026/08/04,Hard,R128,3,Miomir Kecmanovic,Michael Zheng,6-4 4-6 7-6(5),55,754,1021,32
Canada Masters,ATP 1000,2026/08/04,Hard,R128,3,Alex Michelsen,Jan Lennard Struff,6-1 3-6 6-1,41,42,1245,1225
Canada Masters,ATP 1000,2026/08/04,Hard,R128,3,Marin Cilic,Sho Shimabukuro,7-6(2) 6-1,182,194,323,303
Canada Masters,ATP 1000,2026/08/04,Hard,R128,3,Gabriel Diallo,Kyrian Jacquet,6-7(1) 6-3 6-2,87,270,646,197
Canada Masters,ATP 1000,2026/08/04,Hard,R128,3,Corentin Moutet,Marton Fucsovics,6-1 6-2,69,100,772,611
Canada Masters,ATP 1000,2026/08/04,Hard,R128,3,Cameron Norrie,Camilo Ugo Carabelli,7-6(5) 6-4,48,95,1124,624
Canada Masters,ATP 1000,2026/08/04,Hard,R128,3,Daniel Altmaier,Aleksandar Vukic,6-7(2) 7-6(5) 6-4,93,67,625,778
Canada Masters,ATP 1000,2026/08/04,Hard,R128,3,Gael Monfils,Kamil Majchrzak,6-4 6-4,52,117,1030,506
Canada Masters,ATP 1000,2026/08/04,Hard,R128,3,Thiago Agustin Tirante,Duncan Chan,6-3 1-6 7-6(3),115,1789,515,1
Canada Masters,ATP 1000,2026/08/04,Hard,R128,3,Sebastian Baez,Mattia Bellucci,7-5 6-3,28,101,1690,605
Canada Masters,ATP 1000,2026/08/04,Hard,R128,3,Jenson Brooksby,Adam Walton,6-3 6-4,1091,91,10,636
Canada Masters,ATP 1000,2026/08/04,Hard,R128,3,Hubert Hurkacz,Marcos Giron,7-5 4-6 6-2,18,45,2555,1150
Canada Masters,ATP 1000,2026/08/04,Hard,R128,3,Stefanos Tsitsipas,Martin Damm,6-4 6-4,11,326,3195,153
Canada Masters,ATP 1000,2026/08/04,Hard,R64,3,Alexander Blockx,Jaume Munar,W/O,205,43,280,1050
Canada Masters,ATP 1000,2026/08/04,Hard,R128,3,Daniel Merida,Liam Draxl,3-6 6-4 6-4,296,246,174,231
Canada Masters,ATP 1000,2026/08/04,Hard,R128,3,Jacob Fearnley,Adrian Mannarino,7-6(3) 6-4,86,73,657,744
Canada Masters,ATP 1000,2026/08/04,Hard,R128,3,Alexei Popyrin,Roman Andres Burruchaga,4-6 7-5 6-3,25,152,1840,382
Canada Masters,ATP 1000,2026/08/04,Hard,R128,3,Valentin Royer,Pablo Carreno Busta,1-6 7-5 6-2,203,184,281,317
Canada Masters,ATP 1000,2026/08/04,Hard,R128,3,Zachary Svajda,Denis Shapovalov,4-6 6-4 3-0 RET,165,58,352,981
Canada Masters,ATP 1000,2026/08/05,Hard,R64,3,Brandon Nakashima,Daniel Altmaier,6-2 6-1,31,93,1510,625
Canada Masters,ATP 1000,2026/08/05,Hard,R64,3,Jiri Lehecka,Vit Kopriva,6-4 6-2,12,125,2380,478
Canada Masters,ATP 1000,2026/08/05,Hard,R64,3,Juncheng Shang,Andrey Rublev,7-5 4-6 7-6(5),270,16,205,2230
Canada Masters,ATP 1000,2026/08/05,Hard,R128,3,Terence Atmane,Jack Draper,6-3 2-6 6-2,46,143,1007,410
Canada Masters,ATP 1000,2026/08/05,Hard,R128,3,Juan Manuel Cerundolo,Hamad Medjedovic,6-4 6-2,52,73,989,844
Canada Masters,ATP 1000,2026/08/05,Hard,R128,3,Tallon Griekspoor,Lorenzo Sonego,7-6(5) 7-5,69,88,885,718
Canada Masters,ATP 1000,2026/08/05,Hard,R128,3,Fabian Marozsan,Shintaro Mochizuki,6-4 6-3,61,117,930,547
Canada Masters,ATP 1000,2026/08/05,Hard,R128,3,Botic Van De Zandschulp,Giovanni Mpetshi Perricard,6-2 3-6 6-3,70,91,882,690
Canada Masters,ATP 1000,2026/08/05,Hard,R64,3,Luciano Darderi,Gabriel Diallo,6-4 2-3 RET,22,87,2025,646
Canada Masters,ATP 1000,2026/08/05,Hard,R64,3,Alex De Minaur,James Duckworth,6-2 7-6(6),7,94,3560,624
Canada Masters,ATP 1000,2026/08/05,Hard,R64,3,Frances Tiafoe,Marin Cilic,5-7 6-2 6-2,20,182,2105,323
Canada Masters,ATP 1000,2026/08/05,Hard,R64,3,Yannick Hanfmann,Flavio Cobolli,7-6(5) 7-6(2),98,9,615,3330
Canada Masters,ATP 1000,2026/08/05,Hard,R64,3,Lorenzo Musetti,Nicolas Mejia,7-6(8) 6-2,13,223,2375,260
Canada Masters,ATP 1000,2026/08/05,Hard,R64,3,Mariano Navone,Valentin Vacherot,1-6 6-3 6-3,46,18,1148,2176
Canada Masters,ATP 1000,2026/08/05,Hard,R64,3,Joao Fonseca,Stefanos Tsitsipas,7-6(3) 7-5,27,11,1700,3195
Canada Masters,ATP 1000,2026/08/05,Hard,R64,3,Nuno Borges,Tomas Martin Etcheverry,6-4 6-2,36,30,1370,1510
Canada Masters,ATP 1000,2026/08/05,Hard,R64,3,Zizou Bergs,Sebastian Baez,3-6 6-3 6-2,34,28,1340,1690
Canada Masters,ATP 1000,2026/08/05,Hard,R64,3,Ben Shelton,Jenson Brooksby,6-3 7-5,10,1091,2680,10
Canada Masters,ATP 1000,2026/08/05,Hard,R64,3,Casper Ruud,Juan Manuel Cerundolo,6-1 6-2,14,52,2345,989
Canada Masters,ATP 1000,2026/08/05,Hard,R64,3,Cameron Norrie,Ignacio Buse,6-3 6-3,48,33,1124,1350
Canada Masters,ATP 1000,2026/08/05,Hard,R64,3,Hubert Hurkacz,Alejandro Tabilo,6-4 7-6(4),18,26,2555,1728
Canada Masters,ATP 1000,2026/08/05,Hard,R64,3,Thiago Agustin Tirante,Taylor Fritz,7-5 6-3,115,8,515,3400
Canada Masters,ATP 1000,2026/08/05,Hard,R64,3,Arthur Fils,Zachary Svajda,6-4 3-6 6-1,24,165,1940,352
Canada Masters,ATP 1000,2026/08/05,Hard,R64,3,Arthur Rinderknech,Miomir Kecmanovic,6-7(5) 6-4 6-4,29,55,1623,1021
Canada Masters,ATP 1000,2026/08/06,Hard,R64,3,Daniel Merida,Ugo Humbert,6-3 6-3,296,28,174,1625
Canada Masters,ATP 1000,2026/08/06,Hard,R64,3,Tallon Griekspoor,Alexander Zverev,6-7(3) 6-2 6-4,69,3,885,8120
Canada Masters,ATP 1000,2026/08/06,Hard,R64,3,Jakub Mensik,Jacob Fearnley,6-3 3-6 6-3,17,86,2205,657
Canada Masters,ATP 1000,2026/08/06,Hard,R64,3,Alex Michelsen,Francisco Cerundolo,6-3 6-4,41,23,1245,2010
Canada Masters,ATP 1000,2026/08/06,Hard,R64,3,Rafael Jodar,Corentin Moutet,4-6 6-1 6-3,15,69,2243,772
Canada Masters,ATP 1000,2026/08/06,Hard,R64,3,Terence Atmane,Karen Khachanov,6-4 7-6(3),46,39,1007,1130
Canada Masters,ATP 1000,2026/08/06,Hard,R64,3,Matteo Arnaldi,Fabian Marozsan,7-5 2-6 6-4,35,61,1299,930
Canada Masters,ATP 1000,2026/08/06,Hard,R64,3,Alexei Popyrin,Raphael Collignon,6-4 6-3,25,38,1840,1234
Canada Masters,ATP 1000,2026/08/06,Hard,R64,3,Botic Van De Zandschulp,Daniil Medvedev,6-3 7-6(5),70,6,882,3620
Canada Masters,ATP 1000,2026/08/06,Hard,R64,3,Learner Tien,Gael Monfils,6-3 0-6 6-3,19,52,2155,1030
Canada Masters,ATP 1000,2026/08/06,Hard,R64,3,Tommy Paul,Valentin Royer,6-4 7-6(5),21,203,2075,281
Canada Masters,ATP 1000,2026/08/06,Hard,R64,3,Titouan Droguet,Jaime Faria,7-6(2) 6-2,185,79,314,760
Canada Masters,ATP 1000,2026/08/06,Hard,R32,3,Arthur Fils,Mariano Navone,6-3 6-2,24,46,1940,1148
Canada Masters,ATP 1000,2026/08/07,Hard,R32,3,Cameron Norrie,Alex De Minaur,5-7 7-6(5) 6-1,48,7,1124,3560
Canada Masters,ATP 1000,2026/08/07,Hard,R32,3,Jiri Lehecka,Alexander Blockx,6-3 6-4,12,205,2380,280
Canada Masters,ATP 1000,2026/08/07,Hard,R32,3,Luciano Darderi,Juncheng Shang,4-6 6-1 6-4,22,270,2025,205
Canada Masters,ATP 1000,2026/08/07,Hard,R32,3,Nuno Borges,Yannick Hanfmann,6-4 6-2,36,98,1370,615
Canada Masters,ATP 1000,2026/08/07,Hard,R32,3,Rafael Jodar,Lorenzo Musetti,6-4 6-3,15,13,2243,2375
Canada Masters,ATP 1000,2026/08/07,Hard,R32,3,Brandon Nakashima,Titouan Droguet,4-6 6-2 7-5,31,185,1510,314
Canada Masters,ATP 1000,2026/08/07,Hard,R32,3,Arthur Rinderknech,Frances Tiafoe,6-2 2-0 RET,29,20,1623,2105
Canada Masters,ATP 1000,2026/08/07,Hard,R32,3,Tallon Griekspoor,Matteo Arnaldi,3-6 6-4 6-3,69,35,885,1299
Canada Masters,ATP 1000,2026/08/07,Hard,R32,3,Daniel Merida,Alex Michelsen,6-4 6-7(4) 6-1,296,41,174,1245
Canada Masters,ATP 1000,2026/08/08,Hard,R32,3,Thiago Agustin Tirante,Alexei Popyrin,6-3 6-4,115,25,515,1840
Canada Masters,ATP 1000,2026/08/08,Hard,R32,3,Ben Shelton,Zizou Bergs,6-3 6-2,10,34,2680,1340
Canada Masters,ATP 1000,2026/08/08,Hard,R32,3,Joao Fonseca,Casper Ruud,7-6(6) 6-3,27,14,1700,2345
Canada Masters,ATP 1000,2026/08/08,Hard,R32,3,Jakub Mensik,Terence Atmane,7-5 6-4,17,46,2205,1007
Canada Masters,ATP 1000,2026/08/08,Hard,R32,3,Botic Van De Zandschulp,Hubert Hurkacz,3-6 7-6(4) 7-5,70,18,882,2555
Canada Masters,ATP 1000,2026/08/08,Hard,R16,3,Luciano Darderi,Nuno Borges,4-6 6-3 7-5,22,36,2025,1370
Canada Masters,ATP 1000,2026/08/08,Hard,R32,3,Learner Tien,Tommy Paul,6-3 6-2,19,21,2155,2075
Canada Masters,ATP 1000,2026/08/09,Hard,R16,3,Brandon Nakashima,Arthur Rinderknech,7-6(4) 5-7 7-5,31,29,1510,1623
Canada Masters,ATP 1000,2026/08/09,Hard,R16,3,Rafael Jodar,Jiri Lehecka,6-3 6-3,15,12,2243,2380
Canada Masters,ATP 1000,2026/08/09,Hard,R16,3,Arthur Fils,Cameron Norrie,6-2 7-6(8),24,48,1940,1124
Canada Masters,ATP 1000,2026/08/09,Hard,R16,3,Learner Tien,Thiago Agustin Tirante,6-4 6-4,19,115,2155,515
Canada Masters,ATP 1000,2026/08/09,Hard,R16,3,Daniel Merida,Tallon Griekspoor,6-3 6-1,296,69,174,885
Canada Masters,ATP 1000,2026/08/10,Hard,R16,3,Ben Shelton,Joao Fonseca,6-3 7-6(3),10,27,2680,1700
Canada Masters,ATP 1000,2026/08/10,Hard,R16,3,Jakub Mensik,Botic Van De Zandschulp,6-4 7-5,17,70,2205,882
Canada Masters,ATP 1000,2026/08/11,Hard,QF,3,Brandon Nakashima,Luciano Darderi,6-2 6-3,31,22,1510,2025
Canada Masters,ATP 1000,2026/08/11,Hard,QF,3,Rafael Jodar,Arthur Fils,7-6(5) 6-3,15,24,2243,1940
Canada Masters,ATP 1000,2026/08/12,Hard,QF,3,Ben Shelton,Jakub Mensik,6-3 6-1,10,17,2680,2205
Canada Masters,ATP 1000,2026/08/12,Hard,QF,3,Learner Tien,Daniel Merida,6-3 6-2,19,296,2155,174
Canada Masters,ATP 1000,2026/08/13,Hard,SF,3,Brandon Nakashima,Rafael Jodar,7-6(3) 6-4,31,15,1510,2243
Canada Masters,ATP 1000,2026/08/13,Hard,SF,3,Ben Shelton,Learner Tien,6-2 6-3,10,19,2680,2155
Canada Masters,ATP 1000,2026/08/14,Hard,F,3,Ben Shelton,Brandon Nakashima,6-3 7-6(4),10,31,2680,1510
Cincinnati Masters,ATP 1000,2026/08/14,Hard,R128,3,Mariano Navone,Raphael Collignon,6-3 7-6(3),44,38,1066,1222
Cincinnati Masters,ATP 1000,2026/08/14,Hard,R128,3,Miomir Kecmanovic,Camilo Ugo Carabelli,6-3 6-3,66,76,930,790
Cincinnati Masters,ATP 1000,2026/08/14,Hard,R128,3,Martin Landaluce,Jack Draper,6-3 7-5,67,143,922,410
Cincinnati Masters,ATP 1000,2026/08/14,Hard,R128,3,Cameron Norrie,Dino Prizmic,3-6 6-1 6-4,35,101,1345,652
Cincinnati Masters,ATP 1000,2026/08/14,Hard,R128,3,Denis Shapovalov,Adrian Mannarino,6-1 6-4,48,52,1045,1005
Cincinnati Masters,ATP 1000,2026/08/14,Hard,R128,3,Jan Lennard Struff,Roman Andres Burruchaga,7-6(4) 2-6 6-3,43,61,1069,962
Cincinnati Masters,ATP 1000,2026/08/14,Hard,R128,3,Thiago Agustin Tirante,Jan Choinski,7-6(9) 6-7(7) 7-6(4),50,77,1011,770
Cincinnati Masters,ATP 1000,2026/08/14,Hard,R128,3,Rinky Hijikata,Gael Monfils,2-6 7-6(5) 6-3,95,305,673,180
Cincinnati Masters,ATP 1000,2026/08/14,Hard,R128,3,Terence Atmane,Marton Fucsovics,3-1 RET,45,82,1057,750
Cincinnati Masters,ATP 1000,2026/08/14,Hard,R128,3,Mattia Bellucci,Zachary Svajda,7-6(0) 7-6(4),81,84,751,749
Cincinnati Masters,ATP 1000,2026/08/14,Hard,R128,3,Hubert Hurkacz,Sho Shimabukuro,6-2 6-4,69,90,915,697
Cincinnati Masters,ATP 1000,2026/08/14,Hard,R128,3,Adolfo Daniel Vallejo,Kyrian Jacquet,6-2 6-4,70,119,914,551
Cincinnati Masters,ATP 1000,2026/08/14,Hard,R128,3,Daniel Altmaier,Coleman Wong,3-6 6-3 6-4,65,93,944,680
Cincinnati Masters,ATP 1000,2026/08/14,Hard,R128,3,Quentin Halys,Vit Kopriva,7-6(5) 6-4,57,71,980,886
Cincinnati Masters,ATP 1000,2026/08/14,Hard,R128,3,Stefanos Tsitsipas,Valentin Royer,7-6(4) 7-5,49,78,1020,768
Cincinnati Masters,ATP 1000,2026/08/14,Hard,R128,3,Sebastian Baez,Grigor Dimitrov,1-6 6-3 6-4,53,138,1005,432
Cincinnati Masters,ATP 1000,2026/08/14,Hard,R128,3,Yannick Hanfmann,Luca Van Assche,6-2 6-4,55,54,986,1001
Cincinnati Masters,ATP 1000,2026/08/14,Hard,R128,3,Alex Michelsen,Jesper De Jong,6-4 6-4,41,106,1090,618
Cincinnati Masters,ATP 1000,2026/08/14,Hard,R128,3,Matteo Berrettini,Titouan Droguet,3-6 6-1 6-4,42,111,1085,594
Cincinnati Masters,ATP 1000,2026/08/14,Hard,R128,3,Pablo Carreno Busta,Tomas Machac,6-3 6-2,72,62,885,960
Cincinnati Masters,ATP 1000,2026/08/14,Hard,R128,3,Botic Van De Zandschulp,Aleksandr Shevchenko,6-4 6-4,59,89,969,699
Cincinnati Masters,ATP 1000,2026/08/14,Hard,R128,3,Juan Manuel Cerundolo,Mark Lajal,6-4 6-4,51,159,1006,361
Cincinnati Masters,ATP 1000,2026/08/14,Hard,R128,3,James Duckworth,J.J. Wolf,7-5 7-6(0),86,285,743,195
Cincinnati Masters,ATP 1000,2026/08/14,Hard,R128,3,Christopher O'connell,Kamil Majchrzak,6-4 7-6(5),129,68,491,917
Cincinnati Masters,ATP 1000,2026/08/15,Hard,R128,3,Nuno Borges,Thanasi Kokkinakis,5-7 7-6(3) 7-6(4),47,440,1045,108
Cincinnati Masters,ATP 1000,2026/08/15,Hard,R128,3,Lorenzo Sonego,Juncheng Shang,6-3 6-3,88,228,718,245
Cincinnati Masters,ATP 1000,2026/08/15,Hard,R128,3,Adam Walton,Nicolas Mejia,7-6(5) 6-0,98,122,670,530
Cincinnati Masters,ATP 1000,2026/08/15,Hard,R128,3,Jaime Faria,Jenson Brooksby,6-3 6-2,79,74,762,840
Cincinnati Masters,ATP 1000,2026/08/15,Hard,R128,3,Daniel Merida,Marin Cilic,3-6 6-1 6-1,40,80,1117,751
Cincinnati Masters,ATP 1000,2026/08/15,Hard,R128,3,Marco Trungelliti,Hamad Medjedovic,7-5 7-6(2),91,73,693,854
Cincinnati Masters,ATP 1000,2026/08/15,Hard,R128,3,Michael Zheng,Fabian Marozsan,3-6 6-1 7-6(1),110,63,595,950
Cincinnati Masters,ATP 1000,2026/08/15,Hard,R128,3,Aleksandar Kovacevic,Karen Khachanov,5-7 6-3 7-6(2),96,39,673,1140
Cincinnati Masters,ATP 1000,2026/08/15,Hard,R64,3,Flavio Cobolli,Miomir Kecmanovic,6-1 4-6 6-3,10,66,3330,930
Cincinnati Masters,ATP 1000,2026/08/16,Hard,R64,3,Terence Atmane,Tomas Martin Etcheverry,6-3 7-6(4),45,31,1057,1470
Cincinnati Masters,ATP 1000,2026/08/16,Hard,R64,3,Thiago Agustin Tirante,Novak Djokovic,2-6 6-4 6-4,50,5,1011,3760
Cincinnati Masters,ATP 1000,2026/08/16,Hard,R64,3,Alex De Minaur,Quentin Halys,1-6 6-3 7-6(4),8,57,3560,980
Cincinnati Masters,ATP 1000,2026/08/16,Hard,R64,3,Jakub Mensik,Mattia Bellucci,7-5 2-6 7-6(5),16,81,2395,751
Cincinnati Masters,ATP 1000,2026/08/16,Hard,R64,3,Adolfo Daniel Vallejo,Valentin Vacherot,6-3 6-3,70,19,914,2186
Cincinnati Masters,ATP 1000,2026/08/16,Hard,R64,3,Rinky Hijikata,Luciano Darderi,6-4 6-2,95,20,673,2175
Cincinnati Masters,ATP 1000,2026/08/16,Hard,R64,3,Alejandro Tabilo,Jan Lennard Struff,6-3 6-4,29,43,1688,1069
Cincinnati Masters,ATP 1000,2026/08/16,Hard,R64,3,Alexander Blockx,Mariano Navone,6-3 6-4,32,44,1396,1066
Cincinnati Masters,ATP 1000,2026/08/16,Hard,R64,3,Martin Landaluce,Matteo Arnaldi,6-4 4-6 6-4,67,34,922,1349
Cincinnati Masters,ATP 1000,2026/08/16,Hard,R64,3,Arthur Fery,James Duckworth,6-4 2-6 7-6(4),37,86,1285,743
Cincinnati Masters,ATP 1000,2026/08/16,Hard,R64,3,Tommy Paul,Hubert Hurkacz,6-4 6-7(3) 6-3,24,69,2075,915
Cincinnati Masters,ATP 1000,2026/08/16,Hard,R64,3,Jiri Lehecka,Matteo Berrettini,6-4 6-7(3) 6-3,14,42,2470,1085
Cincinnati Masters,ATP 1000,2026/08/16,Hard,R64,3,Rafael Jodar,Denis Shapovalov,7-5 4-6 7-5,11,48,2621,1045
Cincinnati Masters,ATP 1000,2026/08/16,Hard,R64,3,Arthur Fils,Yannick Hanfmann,7-6(5) 6-1,21,55,2140,986
Cincinnati Masters,ATP 1000,2026/08/16,Hard,R64,3,Alexander Zverev,Cameron Norrie,3-6 6-3 6-3,3,35,8090,1345
Cincinnati Masters,ATP 1000,2026/08/16,Hard,R64,3,Christopher O'connell,Casper Ruud,7-5 1-2 RET,129,17,491,2385
Cincinnati Masters,ATP 1000,2026/08/16,Hard,R64,3,Daniil Medvedev,Marco Trungelliti,6-4 7-5,7,91,3580,693
Cincinnati Masters,ATP 1000,2026/08/16,Hard,R64,3,Michael Zheng,Ugo Humbert,6-4 6-3,110,30,595,1585
Cincinnati Masters,ATP 1000,2026/08/16,Hard,R64,3,Felix Auger Aliassime,Stefanos Tsitsipas,6-3 7-5,29,49,1680,1020
Cincinnati Masters,ATP 1000,2026/08/16,Hard,R64,3,Joao Fonseca,Botic Van De Zandschulp,6-4 7-6(2),26,59,1800,969
Cincinnati Masters,ATP 1000,2026/08/16,Hard,R64,3,Nuno Borges,Francisco Cerundolo,6-4 6-4,47,25,1045,1970
Cincinnati Masters,ATP 1000,2026/08/16,Hard,R64,3,Taylor Fritz,Alex Michelsen,6-3 6-4,9,41,3375,1090
Cincinnati Masters,ATP 1000,2026/08/16,Hard,R64,3,Lorenzo Musetti,Daniel Altmaier,6-4 6-2,15,65,2415,944
Cincinnati Masters,ATP 1000,2026/08/16,Hard,R64,3,Juan Manuel Cerundolo,Arthur Rinderknech,4-6 7-6(3) 7-6(5),51,28,1006,1723
Cincinnati Masters,ATP 1000,2026/08/17,Hard,R64,3,Andrey Rublev,Pablo Carreno Busta,7-6(5) 6-1,18,72,2230,885
Cincinnati Masters,ATP 1000,2026/08/17,Hard,R64,3,Learner Tien,Sebastian Baez,6-3 7-6(4),12,53,2545,1005
Cincinnati Masters,ATP 1000,2026/08/17,Hard,R64,3,Brandon Nakashima,Aleksandar Kovacevic,6-2 7-5,22,96,2135,673
Cincinnati Masters,ATP 1000,2026/08/17,Hard,R64,3,Adam Walton,Ignacio Buse,6-4 6-3,98,36,670,1335
Cincinnati Masters,ATP 1000,2026/08/17,Hard,R64,3,Daniel Merida,Zizou Bergs,6-3 6-2,40,33,1117,1365
Cincinnati Masters,ATP 1000,2026/08/17,Hard,R64,3,Jaime Faria,Ben Shelton,6-4 6-4,79,6,762,3670
Cincinnati Masters,ATP 1000,2026/08/17,Hard,R64,3,Frances Tiafoe,Lorenzo Sonego,6-3 6-4,23,88,2130,718
Cincinnati Masters,ATP 1000,2026/08/17,Hard,R32,3,Thiago Agustin Tirante,Martin Landaluce,7-6(5) 7-6(4),50,67,1011,922
Cincinnati Masters,ATP 1000,2026/08/17,Hard,R32,3,Flavio Cobolli,Alexander Blockx,7-5 4-6 7-5,10,32,3330,1396
Cincinnati Masters,ATP 1000,2026/08/18,Hard,R32,3,Alex De Minaur,Arthur Fery,7-5 7-6(3),8,37,3560,1285
Cincinnati Masters,ATP 1000,2026/08/18,Hard,R32,3,Rafael Jodar,Alejandro Tabilo,6-2 6-1,11,29,2621,1688
Cincinnati Masters,ATP 1000,2026/08/18,Hard,R32,3,Alexander Zverev,Terence Atmane,7-6(4) 7-6(6),3,45,8090,1057
Cincinnati Masters,ATP 1000,2026/08/18,Hard,R32,3,Jakub Mensik,Rinky Hijikata,6-3 6-4,16,95,2395,673
Cincinnati Masters,ATP 1000,2026/08/18,Hard,R32,3,Arthur Fils,Jiri Lehecka,6-1 6-7(7) 6-3,21,14,2140,2470
Cincinnati Masters,ATP 1000,2026/08/18,Hard,R32,3,Tommy Paul,Adolfo Daniel Vallejo,3-6 6-3 6-4,24,70,2075,914
Cincinnati Masters,ATP 1000,2026/08/18,Hard,R32,3,Nuno Borges,Andrey Rublev,6-3 6-4,47,18,1045,2230
Cincinnati Masters,ATP 1000,2026/08/18,Hard,R32,3,Taylor Fritz,Daniel Merida,6-3 6-4,9,40,3375,1117
Cincinnati Masters,ATP 1000,2026/08/18,Hard,R32,3,Lorenzo Musetti,Michael Zheng,6-1 6-3,15,110,2415,595
Cincinnati Masters,ATP 1000,2026/08/19,Hard,R32,3,Brandon Nakashima,Daniil Medvedev,6-7(3) 7-6(4) 6-1,22,7,2135,3580
Cincinnati Masters,ATP 1000,2026/08/19,Hard,R32,3,Jaime Faria,Adam Walton,4-6 6-4 7-6(3),79,98,762,670
Cincinnati Masters,ATP 1000,2026/08/19,Hard,R32,3,Felix Auger Aliassime,Juan Manuel Cerundolo,7-5 6-1,29,51,1680,1006
Cincinnati Masters,ATP 1000,2026/08/19,Hard,R32,3,Frances Tiafoe,Learner Tien,6-4 4-6 6-4,23,12,2130,2545
Cincinnati Masters,ATP 1000,2026/08/19,Hard,R32,3,Christopher O'connell,Joao Fonseca,W/O,129,26,491,1800
Cincinnati Masters,ATP 1000,2026/08/19,Hard,R16,3,Flavio Cobolli,Rafael Jodar,4-6 7-6(3) 6-3,10,11,3330,2621
Cincinnati Masters,ATP 1000,2026/08/19,Hard,R16,3,Thiago Agustin Tirante,Jakub Mensik,5-7 6-4 6-4,50,16,1011,2395
Cincinnati Masters,ATP 1000,2026/08/20,Hard,R16,3,Tommy Paul,Alexander Zverev,4-6 7-6(6) 6-4,24,3,2075,8090
Cincinnati Masters,ATP 1000,2026/08/20,Hard,R16,3,Arthur Fils,Alex De Minaur,6-3 6-4,21,8,2140,3560
Cincinnati Masters,ATP 1000,2026/08/20,Hard,R16,3,Brandon Nakashima,Nuno Borges,6-3 6-7(5) 6-3,22,47,2135,1045
Cincinnati Masters,ATP 1000,2026/08/20,Hard,R16,3,Lorenzo Musetti,Jaime Faria,7-5 6-2,15,79,2415,762
Cincinnati Masters,ATP 1000,2026/08/20,Hard,R16,3,Frances Tiafoe,Felix Auger Aliassime,6-3 6-4,23,29,2130,1680
Cincinnati Masters,ATP 1000,2026/08/20,Hard,R16,3,Taylor Fritz,Christopher O'connell,6-4 6-3,9,129,3375,491
Cincinnati Masters,ATP 1000,2026/08/21,Hard,QF,3,Flavio Cobolli,Tommy Paul,2-6 6-3 6-4,10,24,3330,2075
Cincinnati Masters,ATP 1000,2026/08/22,Hard,QF,3,Arthur Fils,Thiago Agustin Tirante,6-3 6-2,21,50,2140,1011
Cincinnati Masters,ATP 1000,2026/08/22,Hard,QF,3,Brandon Nakashima,Taylor Fritz,7-6(9) 4-6 6-3,22,9,2135,3375
Cincinnati Masters,ATP 1000,2026/08/22,Hard,QF,3,Frances Tiafoe,Lorenzo Musetti,7-6(2) 7-5,23,15,2130,2415
Cincinnati Masters,ATP 1000,2026/08/22,Hard,SF,3,Arthur Fils,Flavio Cobolli,6-3 6-4,21,10,2140,3330
Cincinnati Masters,ATP 1000,2026/08/23,Hard,SF,3,Frances Tiafoe,Brandon Nakashima,7-5 6-3,23,22,2130,2135
Cincinnati Masters,ATP 1000,2026/08/24,Hard,F,3,Arthur Fils,Frances Tiafoe,6-3 1-6 6-0,21,23,2140,2130
Winston-Salem,ATP 1000,2026/08/24,Hard,R64,3,Rinky Hijikata,Darwin Blanch,6-4 7-6(2),85,241,709,232
Winston-Salem,ATP 1000,2026/08/24,Hard,R64,3,Mattia Bellucci,Martin Landaluce,6-4 6-7(3) 6-1,96,65,656,922
Winston-Salem,ATP 1000,2026/08/24,Hard,R64,3,Jenson Brooksby,Giovanni Mpetshi Perricard,6-3 6-2,73,104,800,600
Winston-Salem,ATP 1000,2026/08/24,Hard,R64,3,Francisco Comesana,Yibing Wu,6-3 6-4,123,113,503,551
Winston-Salem,ATP 1000,2026/08/24,Hard,R64,3,Miomir Kecmanovic,Sho Shimabukuro,6-4 6-3,64,87,925,705
Winston-Salem,ATP 1000,2026/08/24,Hard,R64,3,Adolfo Daniel Vallejo,Pablo Carreno Busta,6-4 3-0 RET,61,66,948,899
Winston-Salem,ATP 1000,2026/08/24,Hard,R64,3,James Duckworth,Quinn Vandecasteele,6-2 6-1,79,456,763,102
Winston-Salem,ATP 1000,2026/08/24,Hard,R64,3,Dhakshineswar Suresh,Marcos Giron,6-3 7-5,394,77,124,765
Winston-Salem,ATP 1000,2026/08/25,Hard,R64,3,Mees Rottgering,Jan Choinski,7-5 2-6 6-4,389,75,127,773
Winston-Salem,ATP 1000,2026/08/25,Hard,R64,3,Benjamin Bonzi,Kamil Majchrzak,6-4 7-6(7),109,72,572,827
Winston-Salem,ATP 1000,2026/08/25,Hard,R64,3,Martin Damm,Abdullah Shelbayh,6-4 7-6(2),92,256,675,218
Winston-Salem,ATP 1000,2026/08/25,Hard,R64,3,Cruz Hewitt,Sebastian Gorzny,1-6 7-6(3) 6-4,368,760,139,39
Winston-Salem,ATP 1000,2026/08/25,Hard,R64,3,Lorenzo Sonego,Pierre Hugues Herbert,7-6(4) 4-6 6-3,91,288,683,194
Winston-Salem,ATP 1000,2026/08/25,Hard,R64,3,Adam Walton,Jesper De Jong,6-2 6-4,93,99,670,628
Winston-Salem,ATP 1000,2026/08/25,Hard,R32,3,Stefanos Tsitsipas,Jenson Brooksby,6-4 7-6(6),53,73,1000,800
Winston-Salem,ATP 1000,2026/08/25,Hard,R32,3,Daniel Altmaier,Francisco Comesana,6-1 7-6(6),57,123,964,503
Winston-Salem,ATP 1000,2026/08/25,Hard,R64,3,Hugo Grenier,Roman Safiullin,7-6(6) 4-6 6-3,255,98,218,634
Winston-Salem,ATP 1000,2026/08/25,Hard,R64,3,Aleksandar Kovacevic,Felix Balshaw,6-4 7-6(4),89,257,690,218
Winston-Salem,ATP 1000,2026/08/25,Hard,R32,3,Luciano Darderi,Mattia Bellucci,2-6 6-4 6-2,22,96,2175,656
Winston-Salem,ATP 1000,2026/08/25,Hard,R32,3,Botic Van De Zandschulp,Adolfo Daniel Vallejo,6-2 6-0,71,61,834,948
Winston-Salem,ATP 1000,2026/08/26,Hard,R32,3,Arthur Fery,Cruz Hewitt,6-1 7-5,37,368,1253,139
Winston-Salem,ATP 1000,2026/08/26,Hard,R32,3,Ignacio Buse,Adam Walton,6-2 5-7 6-3,36,93,1310,670
Winston-Salem,ATP 1000,2026/08/26,Hard,R32,3,Juan Manuel Cerundolo,Dhakshineswar Suresh,7-6(10) 6-3,51,394,1040,124
Winston-Salem,ATP 1000,2026/08/26,Hard,R32,3,Aleksandar Kovacevic,Luca Van Assche,6-1 7-6(6),89,40,690,1140
Winston-Salem,ATP 1000,2026/08/26,Hard,R32,3,Benjamin Bonzi,Quentin Halys,2-6 7-6(5) 6-3,109,52,572,1030
Winston-Salem,ATP 1000,2026/08/26,Hard,R32,3,Lorenzo Sonego,Adrian Mannarino,6-1 7-6(5),91,67,683,895
Winston-Salem,ATP 1000,2026/08/26,Hard,R32,3,Martin Damm,Daniil Medvedev,7-5 6-3,92,8,675,3580
Winston-Salem,ATP 1000,2026/08/26,Hard,R32,3,Rinky Hijikata,Raphael Collignon,3-6 7-6(7) 7-6(5),85,38,709,1207
Winston-Salem,ATP 1000,2026/08/26,Hard,R32,3,James Duckworth,Mariano Navone,6-3 7-6(5),79,48,763,1065
Winston-Salem,ATP 1000,2026/08/26,Hard,R32,3,Sebastian Baez,Hugo Grenier,7-5 7-6(2),50,255,1044,218
Winston-Salem,ATP 1000,2026/08/26,Hard,R32,3,Mees Rottgering,Tomas Machac,6-2 7-6(1),389,58,127,960
Winston-Salem,ATP 1000,2026/08/26,Hard,R32,3,Fabian Marozsan,Miomir Kecmanovic,6-3 6-4,63,64,930,925
Winston-Salem,ATP 1000,2026/08/26,Hard,R16,3,Botic Van De Zandschulp,Luciano Darderi,6-1 6-0,71,22,834,2175
Winston-Salem,ATP 1000,2026/08/26,Hard,R16,3,Benjamin Bonzi,Rinky Hijikata,6-1 6-1,109,85,572,709
Winston-Salem,ATP 1000,2026/08/27,Hard,R16,3,Aleksandar Kovacevic,Stefanos Tsitsipas,6-3 7-6(1),89,53,690,1000
Winston-Salem,ATP 1000,2026/08/27,Hard,R16,3,Ignacio Buse,Daniel Altmaier,7-6(5) 7-5,36,57,1310,964
Winston-Salem,ATP 1000,2026/08/27,Hard,R16,3,Arthur Fery,Mees Rottgering,6-3 6-3,37,389,1253,127
Winston-Salem,ATP 1000,2026/08/27,Hard,R16,3,Juan Manuel Cerundolo,Sebastian Baez,6-2 4-0 RET,51,50,1040,1044
Winston-Salem,ATP 1000,2026/08/27,Hard,R16,3,James Duckworth,Lorenzo Sonego,7-5 6-3,79,91,763,683
Winston-Salem,ATP 1000,2026/08/27,Hard,R16,3,Fabian Marozsan,Martin Damm,2-6 6-3 6-3,63,92,930,675
Winston-Salem,ATP 1000,2026/08/27,Hard,QF,3,Benjamin Bonzi,Botic Van De Zandschulp,7-6(5) 6-4,109,71,572,834
Winston-Salem,ATP 1000,2026/08/28,Hard,QF,3,Ignacio Buse,Juan Manuel Cerundolo,7-6(4) 4-6 6-2,36,51,1310,1040
Winston-Salem,ATP 1000,2026/08/28,Hard,QF,3,Arthur Fery,Aleksandar Kovacevic,3-6 7-5 6-3,37,89,1253,690
Winston-Salem,ATP 1000,2026/08/28,Hard,QF,3,James Duckworth,Fabian Marozsan,6-7(4) 6-2 6-4,79,63,763,930
Winston-Salem,ATP 1000,2026/08/29,Hard,SF,3,Ignacio Buse,Benjamin Bonzi,6-2 4-6 6-1,36,109,1310,572
Winston-Salem,ATP 1000,2026/08/29,Hard,SF,3,Arthur Fery,James Duckworth,6-4 1-2 RET,37,79,1253,763
Winston-Salem,ATP 1000,2026/08/30,Hard,F,3,Ignacio Buse,Arthur Fery,6-3 6-2,36,37,1310,1253
Us Open,Grand Slam,2026/09/01,Hard,R128,5,Alexander Zverev,Lorenzo Sonego,6-4 3-6 6-7(7) 7-5 6-4,2,89,7790,698
Us Open,Grand Slam,2026/08/31,Hard,R128,5,Quentin Halys,Facundo Diaz Acosta,6-4 7-5 6-7(7) 6-1,52,82,1030,732
Us Open,Grand Slam,2026/08/31,Hard,R128,5,Alexei Popyrin,Grigor Dimitrov,3-6 6-3 6-2 6-4,130,137,458,432
Us Open,Grand Slam,2026/08/31,Hard,R128,5,Alejandro Tabilo,Yannick Hanfmann,6-3 6-2 6-7(7) 6-3,28,54,1688,991
Us Open,Grand Slam,2026/08/31,Hard,R128,5,Luciano Darderi,Harry Wendelken,6-2 3-6 6-2 7-5,22,196,2175,285
Us Open,Grand Slam,2026/08/31,Hard,R128,5,Dalibor Svrcina,Valentin Royer,6-4 6-3 5-7 5-7 6-2,134,75,445,778
Us Open,Grand Slam,2026/09/01,Hard,R128,5,Dane Sweeny,Corentin Moutet,7-6(4) 6-4 3-0,123,62,506,935
Us Open,Grand Slam,2026/09/01,Hard,R128,5,Lorenzo Musetti,Arthur Fery,6-3 6-3 7-5,14,33,2605,1415
Us Open,Grand Slam,2026/09/02,Hard,R128,5,Yunchaokete Bu,Rafael Jodar,6-2 6-1 6-1,124,13,496,2671
Us Open,Grand Slam,2026/09/02,Hard,R128,5,Michael Zheng,Fabian Marozsan,6-4 6-4 6-2,107,63,590,930
Us Open,Grand Slam,2026/09/02,Hard,R128,5,Zachary Svajda,Daniel Altmaier,6-3 6-1 6-7(5) 6-2,80,57,759,964
Us Open,Grand Slam,2026/09/01,Hard,R128,5,Arthur Gea,Juan Manuel Cerundolo,6-3 2-6 3-6 6-3 6-1,87,45,709,1076
Us Open,Grand Slam,2026/09/02,Hard,R128,5,Zizou Bergs,Carlos Taberner,6-3 3-6 6-2 6-2,37,406,1345,121
Us Open,Grand Slam,2026/09/02,Hard,R128,5,Jesper De Jong,Francesco Passaro,2-6 6-2 4-6 6-3 6-2,100,207,628,270
Us Open,Grand Slam,2026/09/02,Hard,R128,5,Botic Van De Zandschulp,Jan Choinski,6-3 6-1 7-6(5),70,76,868,773
Us Open,Grand Slam,2026/09/02,Hard,R128,5,Alex De Minaur,Andrea Guerrieri,6-2 6-2 6-4,7,187,3650,301
Us Open,Grand Slam,2026/08/31,Hard,R128,5,Felix Auger Aliassime,Rinky Hijikata,7-5 4-6 6-3 7-5,4,85,4640,724
Us Open,Grand Slam,2026/08/31,Hard,R128,5,Karen Khachanov,Roman Andres Burruchaga,6-3 6-0 6-1,50,59,1050,960
Us Open,Grand Slam,2026/09/02,Hard,R128,5,Benjamin Bonzi,Alex Molcan,6-4 3-6 6-3 6-2,97,86,656,710
Us Open,Grand Slam,2026/09/02,Hard,R128,5,Ignacio Buse,Marcos Giron,3-6 6-3 6-3 6-7(6) 6-1,30,78,1550,765
Us Open,Grand Slam,2026/08/31,Hard,R128,5,Jakub Mensik,Shintaro Mochizuki,6-1 6-4 7-5,18,117,2445,532
Us Open,Grand Slam,2026/08/31,Hard,R128,5,Jurij Rodionov,Giovanni Mpetshi Perricard,7-6(2) 6-0 7-6(4),143,105,395,600
Us Open,Grand Slam,2026/09/01,Hard,R128,5,Gael Monfils,Adolfo Daniel Vallejo,2-6 6-1 6-2 6-0,311,60,180,954
Us Open,Grand Slam,2026/08/31,Hard,R128,5,Learner Tien,Nuno Borges,6-4 6-1 6-2,15,41,2565,1135
Us Open,Grand Slam,2026/09/01,Hard,R128,5,Taylor Fritz,Darwin Blanch,6-3 6-2 6-4,10,245,3475,232
Us Open,Grand Slam,2026/09/01,Hard,R128,5,Mattia Bellucci,Zsombor Piros,6-4 6-2 6-0,95,118,659,530
Us Open,Grand Slam,2026/09/01,Hard,R128,5,Jan Lennard Struff,Camilo Ugo Carabelli,6-4 6-3 6-3,44,77,1089,770
Us Open,Grand Slam,2026/09/01,Hard,R128,5,Francisco Cerundolo,Filip Misolic,6-4 6-3 7-5,25,537,1980,80
Us Open,Grand Slam,2026/08/31,Hard,R128,5,Alexander Blockx,Tomas Barrios Vera,6-3 6-4 6-2,34,144,1396,395
Us Open,Grand Slam,2026/08/31,Hard,R128,5,Marco Trungelliti,Juncheng Shang,0-6 7-6(5) 1-6 6-3 6-4,83,228,731,245
Us Open,Grand Slam,2026/09/01,Hard,R128,5,Tristan Schoolkate,Nishesh Basavareddy,7-6(4) 3-6 6-3 6-4,180,163,313,348
Us Open,Grand Slam,2026/09/01,Hard,R128,5,Flavio Cobolli,Francisco Comesana,3-6 2-6 6-3 6-4 6-4,6,119,3720,516
Us Open,Grand Slam,2026/08/30,Hard,R128,5,Daniil Medvedev,Hugo Gaston,6-4 6-2 6-4,8,91,3580,697
Us Open,Grand Slam,2026/08/31,Hard,R128,5,Sebastian Gorzny,Raphael Collignon,3-6 6-3 3-6 6-3 7-6(9),731,38,43,1207
Us Open,Grand Slam,2026/08/30,Hard,R128,5,Jaume Munar,Terence Atmane,6-7(5) 3-6 6-1 7-6(4) 7-5,55,92,990,687
Us Open,Grand Slam,2026/08/30,Hard,R128,5,Arthur Rinderknech,Sho Shimabukuro,6-7(4) 6-2 7-6(4) 6-2,29,88,1683,705
Us Open,Grand Slam,2026/08/31,Hard,R128,5,Valentin Vacherot,Aleksandar Kovacevic,6-2 6-3 7-5,23,84,2168,730
Us Open,Grand Slam,2026/08/30,Hard,R128,5,Kamil Majchrzak,Hamad Medjedovic,6-3 6-3 6-3,73,79,827,764
Us Open,Grand Slam,2026/08/31,Hard,R128,5,Rei Sakamoto,Aleksandar Vukic,6-4 6-7(5) 6-4 3-6 6-4,157,96,357,659
Us Open,Grand Slam,2026/08/31,Hard,R128,5,Frances Tiafoe,Martin Damm,6-4 4-6 3-6 6-3 6-4,12,90,2680,697
Us Open,Grand Slam,2026/08/31,Hard,R128,5,Brandon Nakashima,Sebastian Baez,6-2 6-1 6-0,17,51,2485,1044
Us Open,Grand Slam,2026/08/31,Hard,R128,5,Alex Michelsen,Federico Cina,6-4 6-1 6-0,46,181,1070,312
Us Open,Grand Slam,2026/08/30,Hard,R128,5,Daniel Merida,Marton Fucsovics,6-4 6-4 6-2,39,122,1157,510
Us Open,Grand Slam,2026/08/31,Hard,R128,5,Andrey Rublev,Otto Virtanen,6-7(5) 6-7(0) 6-0 6-2 7-6(5),24,109,2080,574
Us Open,Grand Slam,2026/08/30,Hard,R128,5,Tomas Martin Etcheverry,Vit Kopriva,6-3 6-4 6-0,32,69,1440,883
Us Open,Grand Slam,2026/08/31,Hard,R128,5,Jacob Fearnley,Martin Landaluce,4-6 6-2 4-6 7-5 6-3,101,65,623,922
Us Open,Grand Slam,2026/08/31,Hard,R128,5,Matteo Berrettini,Stan Wawrinka,7-6(4) 7-6(3) 6-0,43,127,1115,486
Us Open,Grand Slam,2026/08/30,Hard,R128,5,Mariano Navone,Novak Djokovic,7-6(5) 5-7 4-6 6-2 6-1,49,5,1065,3770
Us Open,Grand Slam,2026/08/31,Hard,R128,5,Ben Shelton,Tallon Griekspoor,1-6 6-1 7-6(3) 6-2,9,56,3480,975
Us Open,Grand Slam,2026/08/31,Hard,R128,5,Hubert Hurkacz,Damir Dzumhur,6-4 4-6 6-1 6-1,47,104,1070,612
Us Open,Grand Slam,2026/08/30,Hard,R128,5,Denis Shapovalov,Miomir Kecmanovic,6-4 4-6 6-4 6-1,48,64,1065,925
Us Open,Grand Slam,2026/08/30,Hard,R128,5,Luca Van Assche,Cameron Norrie,6-7(6) 6-2 6-2 6-3,40,35,1140,1365
Us Open,Grand Slam,2026/08/30,Hard,R128,5,Jiri Lehecka,Pablo Carreno Busta,6-1 7-6(5) 4-6 6-2,19,66,2420,899
Us Open,Grand Slam,2026/08/30,Hard,R128,5,Toby Samuel,Tomas Machac,6-2 6-3 6-2,110,58,567,960
Us Open,Grand Slam,2026/08/30,Hard,R128,5,Lloyd Harris,Jack Kennedy,6-4 6-2 6-2,139,394,428,129
Us Open,Grand Slam,2026/08/31,Hard,R128,5,Stefanos Tsitsipas,Arthur Fils,4-6 7-6(3) 6-1 6-4,53,11,1015,3140
Us Open,Grand Slam,2026/08/30,Hard,R128,5,Alexander Bublik,J.J. Wolf,6-4 6-2 3-6 6-1,16,253,2525,225
Us Open,Grand Slam,2026/08/31,Hard,R128,5,Adrian Mannarino,Thiago Agustin Tirante,4-6 3-6 6-3 6-3 6-3,67,42,895,1125
Us Open,Grand Slam,2026/08/30,Hard,R128,5,Dino Prizmic,Aleksandr Shevchenko,2-6 6-3 6-3 5-7 7-5,102,98,618,655
Us Open,Grand Slam,2026/08/30,Hard,R128,5,Tommy Paul,Coleman Wong,6-7(3) 6-1 6-3 6-3,21,94,2225,668
Us Open,Grand Slam,2026/08/31,Hard,R128,5,James Duckworth,Matteo Arnaldi,5-7 6-3 6-2 7-6(8),71,36,853,1349
Us Open,Grand Slam,2026/08/30,Hard,R128,5,Yibing Wu,Adam Walton,7-6(2) 6-2 7-5,113,93,551,670
Us Open,Grand Slam,2026/08/30,Hard,R128,5,Jaime Faria,Jenson Brooksby,6-3 7-6(4) 4-6 1-6 6-2,72,74,847,803
Us Open,Grand Slam,2026/08/31,Hard,R128,5,Carlos Alcaraz,Roman Safiullin,6-4 6-4 6-4,3,99,7160,634
Us Open,Grand Slam,2026/09/03,Hard,R64,5,Alexander Zverev,Quentin Halys,6-4 4-6 7-6(3) 6-7(3) 6-3,2,52,7790,1030
Us Open,Grand Slam,2026/09/03,Hard,R64,5,Alejandro Tabilo,Alexei Popyrin,2-6 7-6(4) 7-6(3) 6-2,28,130,1688,458
Us Open,Grand Slam,2026/09/03,Hard,R64,5,Luciano Darderi,Dalibor Svrcina,6-3 6-7(5) 6-4 6-4,22,134,2175,445
Us Open,Grand Slam,2026/09/03,Hard,R64,5,Dane Sweeny,Lorenzo Musetti,3-6 6-1 6-2 6-2,123,14,506,2605
Us Open,Grand Slam,2026/09/03,Hard,R64,5,Michael Zheng,Yunchaokete Bu,6-3 2-6 6-2 6-3,107,124,590,496
Us Open,Grand Slam,2026/09/03,Hard,R64,5,Arthur Gea,Zachary Svajda,5-7 6-3 6-2 6-2,87,80,709,759
Us Open,Grand Slam,2026/09/03,Hard,R64,5,Zizou Bergs,Jesper De Jong,7-5 1-6 6-2 7-6(2),37,100,1345,628
Us Open,Grand Slam,2026/09/03,Hard,R64,5,Botic Van De Zandschulp,Alex De Minaur,6-4 7-5 6-2,70,7,868,3650
Us Open,Grand Slam,2026/09/03,Hard,R64,5,Karen Khachanov,Felix Auger Aliassime,6-7(5) 6-3 6-2 6-2,50,4,1050,4640
Us Open,Grand Slam,2026/09/03,Hard,R64,5,Benjamin Bonzi,Ignacio Buse,6-2 7-6(4) 6-0,97,30,656,1550
Us Open,Grand Slam,2026/09/03,Hard,R64,5,Jakub Mensik,Jurij Rodionov,6-3 3-6 6-2 6-3,18,143,2445,395
Us Open,Grand Slam,2026/09/03,Hard,R64,5,Learner Tien,Gael Monfils,6-3 6-4 6-3,15,311,2565,180
Us Open,Grand Slam,2026/09/03,Hard,R64,5,Taylor Fritz,Mattia Bellucci,6-0 6-1 6-1,10,95,3475,659
Us Open,Grand Slam,2026/09/03,Hard,R64,5,Francisco Cerundolo,Jan Lennard Struff,5-7 7-5 4-6 6-2 6-3,25,44,1980,1089
Us Open,Grand Slam,2026/09/03,Hard,R64,5,Alexander Blockx,Marco Trungelliti,6-3 6-2 3-6 6-1,34,83,1396,731
Us Open,Grand Slam,2026/09/03,Hard,R64,5,Flavio Cobolli,Tristan Schoolkate,3-6 6-3 6-4 7-5,6,180,3720,313
Us Open,Grand Slam,2026/09/02,Hard,R64,5,Daniil Medvedev,Sebastian Gorzny,6-1 6-3 7-5,8,731,3580,43
Us Open,Grand Slam,2026/09/02,Hard,R64,5,Arthur Rinderknech,Jaume Munar,7-6(4) 6-2 7-5,29,55,1683,990
Us Open,Grand Slam,2026/09/02,Hard,R64,5,Valentin Vacherot,Kamil Majchrzak,6-4 4-6 7-6(3) 6-2,23,73,2168,827
Us Open,Grand Slam,2026/09/02,Hard,R64,5,Frances Tiafoe,Rei Sakamoto,6-3 7-6(2) 7-5,12,157,2680,357
Us Open,Grand Slam,2026/09/02,Hard,R64,5,Alex Michelsen,Brandon Nakashima,6-3 6-4 6-4,46,17,1070,2485
Us Open,Grand Slam,2026/09/02,Hard,R64,5,Daniel Merida,Andrey Rublev,6-7(3) 6-2 6-4 6-4,39,24,1157,2080
Us Open,Grand Slam,2026/09/02,Hard,R64,5,Tomas Martin Etcheverry,Jacob Fearnley,6-3 6-3 3-6 6-3,32,101,1440,623
Us Open,Grand Slam,2026/09/02,Hard,R64,5,Mariano Navone,Matteo Berrettini,3-6 6-3 6-4 7-6(4),49,43,1065,1115
Us Open,Grand Slam,2026/09/02,Hard,R64,5,Ben Shelton,Hubert Hurkacz,6-3 5-7 7-6(3) 7-5,9,47,3480,1070
Us Open,Grand Slam,2026/09/02,Hard,R64,5,Denis Shapovalov,Luca Van Assche,6-0 6-4 7-6(7),48,40,1065,1140
Us Open,Grand Slam,2026/09/02,Hard,R64,5,Jiri Lehecka,Toby Samuel,6-4 6-2 6-4,19,110,2420,567
Us Open,Grand Slam,2026/09/02,Hard,R64,5,Stefanos Tsitsipas,Lloyd Harris,6-7(1) 6-3 7-6(4) 6-4,53,139,1015,428
Us Open,Grand Slam,2026/09/02,Hard,R64,5,Alexander Bublik,Adrian Mannarino,6-3 6-1 6-1,16,67,2525,895
Us Open,Grand Slam,2026/09/02,Hard,R64,5,Tommy Paul,Dino Prizmic,6-2 6-3 5-7 6-4,21,102,2225,618
Us Open,Grand Slam,2026/09/02,Hard,R64,5,Yibing Wu,James Duckworth,7-5 6-3 6-1,113,71,551,853
Us Open,Grand Slam,2026/09/02,Hard,R64,5,Carlos Alcaraz,Jaime Faria,4-6 6-0 6-3 6-2,3,72,7160,847
Us Open,Grand Slam,2026/09/05,Hard,R32,5,Alexander Zverev,Alejandro Tabilo,6-2 7-6(2) 6-2,2,28,7790,1688
Us Open,Grand Slam,2026/09/05,Hard,R32,5,Luciano Darderi,Dane Sweeny,6-4 6-3 6-3,22,123,2175,506
Us Open,Grand Slam,2026/09/05,Hard,R32,5,Arthur Gea,Michael Zheng,7-6(7) 3-6 4-6 6-3 6-2,87,107,709,590
Us Open,Grand Slam,2026/09/05,Hard,R32,5,Botic Van De Zandschulp,Zizou Bergs,3-6 7-6(3) 4-6 7-6(6) 6-3,70,37,868,1345
Us Open,Grand Slam,2026/09/05,Hard,R32,5,Karen Khachanov,Benjamin Bonzi,6-3 6-2 6-4,50,97,1050,656
Us Open,Grand Slam,2026/09/05,Hard,R32,5,Learner Tien,Jakub Mensik,6-3 1-6 6-7(2) 6-3 6-4,15,18,2565,2445
Us Open,Grand Slam,2026/09/05,Hard,R32,5,Francisco Cerundolo,Taylor Fritz,3-6 4-6 6-3 6-4 6-4,25,10,1980,3475
Us Open,Grand Slam,2026/09/05,Hard,R32,5,Alexander Blockx,Flavio Cobolli,6-7(4) 6-3 6-0 6-3,34,6,1396,3720
Us Open,Grand Slam,2026/09/04,Hard,R32,5,Daniil Medvedev,Arthur Rinderknech,6-4 6-4 6-4,8,29,3580,1683
Us Open,Grand Slam,2026/09/04,Hard,R32,5,Frances Tiafoe,Valentin Vacherot,6-4 6-2 6-4,12,23,2680,2168
Us Open,Grand Slam,2026/09/04,Hard,R32,5,Alex Michelsen,Daniel Merida,7-6(5) 6-4 6-3,46,39,1070,1157
Us Open,Grand Slam,2026/09/04,Hard,R32,5,Tomas Martin Etcheverry,Mariano Navone,6-4 6-4 6-3,32,49,1440,1065
Us Open,Grand Slam,2026/09/04,Hard,R32,5,Ben Shelton,Denis Shapovalov,7-6(3) 6-7(5) 6-3 6-4,9,48,3480,1065
Us Open,Grand Slam,2026/09/04,Hard,R32,5,Stefanos Tsitsipas,Jiri Lehecka,2-6 6-1 7-6(3) 6-1,53,19,1015,2420
Us Open,Grand Slam,2026/09/04,Hard,R32,5,Tommy Paul,Alexander Bublik,6-4 3-6 6-7(4) 6-1 6-3,21,16,2225,2525
Us Open,Grand Slam,2026/09/04,Hard,R32,5,Carlos Alcaraz,Yibing Wu,6-3 6-4 6-1,3,113,7160,551
Us Open,Grand Slam,2026/09/07,Hard,R16,5,Alexander Zverev,Luciano Darderi,6-2 6-2 7-6(3),2,22,7790,2175
Us Open,Grand Slam,2026/09/07,Hard,R16,5,Botic Van De Zandschulp,Arthur Gea,3-6 6-7(0) 7-6(7) 7-6(3) 6-4,70,87,868,709
Us Open,Grand Slam,2026/09/07,Hard,R16,5,Karen Khachanov,Learner Tien,7-5 4-6 6-7(6) 6-1 6-4,50,15,1050,2565
Us Open,Grand Slam,2026/09/07,Hard,R16,5,Alexander Blockx,Francisco Cerundolo,6-3 4-6 7-5 7-5,34,25,1396,1980
Us Open,Grand Slam,2026/09/06,Hard,R16,5,Frances Tiafoe,Daniil Medvedev,7-6(1) 6-4 7-6(6),12,8,2680,3580
Us Open,Grand Slam,2026/09/06,Hard,R16,5,Alex Michelsen,Tomas Martin Etcheverry,7-6(6) 6-4 6-4,46,32,1070,1440
Us Open,Grand Slam,2026/09/06,Hard,R16,5,Ben Shelton,Stefanos Tsitsipas,6-2 6-3 6-4,9,53,3480,1015
Us Open,Grand Slam,2026/09/06,Hard,R16,5,Carlos Alcaraz,Tommy Paul,6-4 6-3 6-4,3,21,7160,2225
Us Open,Grand Slam,2026/09/09,Hard,QF,5,Alexander Zverev,Botic Van De Zandschulp,6-2 7-5 6-1,2,70,7790,868
Us Open,Grand Slam,2026/09/09,Hard,QF,5,Karen Khachanov,Alexander Blockx,6-2 7-5 3-2,50,34,1050,1396
Us Open,Grand Slam,2026/09/08,Hard,QF,5,Frances Tiafoe,Alex Michelsen,5-7 3-6 7-5 6-3 7-6(6),12,46,2680,1070
Us Open,Grand Slam,2026/09/08,Hard,QF,5,Ben Shelton,Carlos Alcaraz,6-7(5) 6-1 6-3 1-6 7-6(7),9,3,3480,7160
Us Open,Grand Slam,2026/09/11,Hard,SF,5,Alexander Zverev,Karen Khachanov,6-3 7-6(7) 7-6(6),2,50,7790,1050
Us Open,Grand Slam,2026/09/11,Hard,SF,5,Ben Shelton,Frances Tiafoe,4-6 6-3 6-3 7-5,9,12,3480,2680
Us Open,Grand Slam,2026/09/13,Hard,F,5,Alexander Zverev,Ben Shelton,6-3 7-6(2) 5-7 6-2,2,9,7790,3480
Davis Cup Qls R2: Kor Vs Ind,D,2026/09/18,Hard,RR,3,Soonwoo Kwon,Dhakshineswar Suresh,3-6 6-3 6-4,157,367,355,141
Davis Cup Qls R2: Kor Vs Ind,D,2026/09/18,Hard,RR,3,Hyeon Chung,Sumit Nagal,2-6 6-4 7-5,549,247,74,225
Davis Cup Qls R2: Kor Vs Ind,D,2026/09/19,Hard,RR,3,Soonwoo Kwon,Sumit Nagal,6-1 6-2,157,247,355,225
Davis Cup Qls R2: Aut Vs Bel,D,2026/09/18,Clay,RR,3,Jurij Rodionov,Gauthier Onclin,6-4 6-1,142,164,416,344
Davis Cup Qls R2: Aut Vs Bel,D,2026/09/18,Clay,RR,3,Zizou Bergs,Lukas Neumayer,2-6 6-4 6-2,38,180,1345,312
Davis Cup Qls R2: Aut Vs Bel,D,2026/09/19,Clay,RR,3,Jurij Rodionov,Zizou Bergs,7-6(6) 6-3,142,38,416,1345
Davis Cup Qls R2: Cze Vs Usa,D,2026/09/18,Hard,RR,3,Learner Tien,Jakub Mensik,6-2 6-4,13,15,2755,2495
Davis Cup Qls R2: Cze Vs Usa,D,2026/09/18,Hard,RR,3,Jiri Lehecka,Ben Shelton,6-4 6-4,24,4,2120,4680
Davis Cup Qls R2: Cze Vs Usa,D,2026/09/19,Hard,RR,3,Jakub Mensik,Ben Shelton,5-7 6-4 6-3,15,4,2495,4680
Davis Cup Qls R2: Cze Vs Usa,D,2026/09/19,Hard,RR,3,Jiri Lehecka,Learner Tien,6-3 7-5,24,13,2120,2755
Davis Cup Qls R2: Can Vs Fra,D,2026/09/18,Hard,RR,3,Liam Draxl,Arthur Rinderknech,6-2 7-5,205,32,267,1583
Davis Cup Qls R2: Can Vs Fra,D,2026/09/18,Hard,RR,3,Felix Auger Aliassime,Quentin Halys,7-6(5) 4-6 6-3,5,49,3890,1070
Davis Cup Qls R2: Can Vs Fra,D,2026/09/19,Hard,RR,3,Felix Auger Aliassime,Arthur Rinderknech,4-6 7-6(5) 6-4,5,32,3890,1583
Davis Cup Qls R2: Ger Vs Cro,D,2026/09/19,Hard,RR,3,Alexander Zverev,Matej Dodig,6-4 7-6(3),2,171,9690,329
Davis Cup Qls R2: Ger Vs Cro,D,2026/09/19,Hard,RR,3,Dino Prizmic,Daniel Altmaier,6-4 6-3,103,69,628,874
Davis Cup Qls R2: Ger Vs Cro,D,2026/09/20,Hard,RR,3,Alexander Zverev,Dino Prizmic,6-2 6-4,2,103,9690,628
Davis Cup Qls R2: Gbr Vs Ecu,D,2026/09/19,Hard,RR,3,Toby Samuel,Andres Andrade,4-6 6-4 6-1,95,203,640,269
Davis Cup Qls R2: Gbr Vs Ecu,D,2026/09/19,Hard,RR,3,Arthur Fery,Alvaro Guillen Meza,7-5 6-0,36,293,1413,189
Davis Cup Qls R2: Gbr Vs Ecu,D,2026/09/20,Hard,RR,3,Harry Wendelken,Angel Veliz,6-2 6-3,175,1505,321,4
Davis Cup Qls R2: Chi Vs Esp,D,2026/09/19,Clay,RR,3,Daniel Merida,Alejandro Tabilo,5-7 6-3 6-3,41,28,1216,1778
Davis Cup Qls R2: Chi Vs Esp,D,2026/09/19,Clay,RR,3,Rafael Jodar,Cristian Garin,6-0 6-2,14,133,2659,446
Davis Cup Qls R2: Chi Vs Esp,D,2026/09/20,Clay,RR,3,Martin Landaluce,Matias Soto,6-2 6-3,62,237,924,232
Davis Cup Wg1 R1: Fin Vs Mon,D,2026/09/18,Hard,RR,3,Otto Virtanen,Lucas Catarina,6-0 6-3,108,,586,
Davis Cup Wg1 R1: Fin Vs Mon,D,2026/09/18,Hard,RR,3,Valentin Vacherot,Eero Vasa,6-3 7-6(3),21,446,2250,105
Davis Cup Wg1 R1: Fin Vs Mon,D,2026/09/19,Hard,RR,3,Valentin Vacherot,Otto Virtanen,7-6(3) 4-6 6-4,21,108,2250,586
Davis Cup Wg1 R1: Lux Vs Hun,D,2026/09/18,Hard,RR,3,Fabian Marozsan,Louis Van Herck,6-4 6-4,60,1705,930,3
Davis Cup Wg1 R1: Lux Vs Hun,D,2026/09/18,Hard,RR,3,Zsombor Piros,Alex Knaff,6-4 6-0,116,761,530,39
Davis Cup Wg1 R1: Lux Vs Hun,D,2026/09/19,Hard,RR,3,Peter Makk,Matiej Reiter,6-1 6-2,517,,85,
Davis Cup Wg1 R1: Ned Vs Col,D,2026/09/18,Hard,RR,3,Botic Van De Zandschulp,Johan Alexander Rodriguez,4-6 6-1 7-5,40,829,1258,32
Davis Cup Wg1 R1: Ned Vs Col,D,2026/09/18,Hard,RR,3,Tallon Griekspoor,Nicolas Mejia,6-2 6-4,55,121,975,509
Davis Cup Wg1 R1: Ned Vs Col,D,2026/09/19,Hard,RR,3,Jesper De Jong,Samuel Heredia,6-2 6-4,98,647,638,55
Davis Cup Wg1 R1: Nor Vs Chn,D,2026/09/18,Clay,RR,3,Casper Ruud,Rigele Te,6-1 7-6(1),18,835,2335,32
Davis Cup Wg1 R1: Nor Vs Chn,D,2026/09/18,Clay,RR,3,Nicolai Budkov Kjaer,Jie Cui,4-6 6-4 6-4,147,447,387,105
Davis Cup Wg1 R1: Nor Vs Chn,D,2026/09/19,Clay,RR,3,Casper Ruud,Fnu Nidunjianzan,6-2 6-0,18,1996,2335,1
Davis Cup Wg1 R1: Den Vs Bul,D,2026/09/18,Hard,RR,3,Grigor Dimitrov,Elmer Moller,6-7(2) 6-3 6-4,128,174,472,321
Davis Cup Wg1 R1: Den Vs Bul,D,2026/09/18,Hard,RR,3,Holger Rune,Iliyan Radulov,6-3 6-3,144,596,400,64
Davis Cup Wg1 R1: Den Vs Bul,D,2026/09/19,Hard,RR,3,Holger Rune,Grigor Dimitrov,3-6 6-3 7-6(4),144,128,400,472
Davis Cup Wg1 R1: Den Vs Bul,D,2026/09/19,Hard,RR,3,Elmer Moller,Iliyan Radulov,6-2 6-4,174,596,321,64
Davis Cup Wg1 R1: Bra Vs Sui,D,2026/09/18,Hard,RR,3,Joao Fonseca,Dominic Stricker,4-6 6-3 6-2,29,262,1750,211
Davis Cup Wg1 R1: Bra Vs Sui,D,2026/09/18,Hard,RR,3,Gustavo Heide,Stan Wawrinka,4-6 7-6(4) 6-4,123,134,503,436
Davis Cup Wg1 R1: Bra Vs Sui,D,2026/09/19,Hard,RR,3,Remy Bertola,Matheus Pucinelli De Almeida,3-6 6-4 [10-8],187,249,292,223
Davis Cup Wg1 R1: Per Vs Par,D,2026/09/18,Clay,RR,3,Ignacio Buse,Hernando Jose Escurra Isnardi,7-6(4) 4-6 7-5,35,2151,1460,1
Davis Cup Wg1 R1: Per Vs Par,D,2026/09/18,Clay,RR,3,Juan Pablo Varillas,Adolfo Daniel Vallejo,5-7 7-6(6) 6-3,190,58,288,939
Davis Cup Wg1 R1: Per Vs Par,D,2026/09/19,Clay,RR,3,Adolfo Daniel Vallejo,Ignacio Buse,5-7 7-5 7-6(3),58,35,939,1460
Davis Cup Wg1 R1: Per Vs Par,D,2026/09/19,Clay,RR,3,Juan Pablo Varillas,Hernando Jose Escurra Isnardi,6-2 6-4,190,2151,288,1
Davis Cup Wg1 R1: Nzl Vs Jpn,D,2026/09/19,Hard,RR,3,Rei Sakamoto,Anton Shepp,7-5 6-4,135,500,429,90
Davis Cup Wg1 R1: Nzl Vs Jpn,D,2026/09/19,Hard,RR,3,Sho Shimabukuro,James Watt,3-6 6-3 6-4,96,938,640,23
Davis Cup Wg1 R1: Nzl Vs Jpn,D,2026/09/20,Hard,RR,3,Sho Shimabukuro,Anton Shepp,6-3 6-3,96,500,640,90
Davis Cup Wg1 R1: Aus Vs Pol,D,2026/09/19,Hard,RR,3,Alex De Minaur,Maks Kasnikowski,6-3 6-0,9,231,3300,240
Davis Cup Wg1 R1: Aus Vs Pol,D,2026/09/19,Hard,RR,3,Kamil Majchrzak,James Duckworth,2-6 6-3 6-3,73,67,777,877
Davis Cup Wg1 R1: Aus Vs Pol,D,2026/09/20,Hard,RR,3,Alex De Minaur,Kamil Majchrzak,6-3 6-3,9,73,3300,777
Davis Cup Wg1 R1: Tpe Vs Swe,D,2026/09/19,Hard,RR,3,Olle Wallin,Yu Hsiou Hsu,3-6 6-2 7-5,407,297,123,187
Davis Cup Wg1 R1: Tpe Vs Swe,D,2026/09/19,Hard,RR,3,Chun Hsin Tseng,Karl Friberg,6-3 6-0,208,821,265,33
Davis Cup Wg1 R1: Tpe Vs Swe,D,2026/09/20,Hard,RR,3,Chun Hsin Tseng,Olle Wallin,6-1 6-4,208,407,265,123
Davis Cup Wg1 R1: Tpe Vs Swe,D,2026/09/20,Hard,RR,3,Tung Lin Wu,Max Dahlin,6-4 6-4,350,896,148,26
Davis Cup Wg1 R1: Svk Vs Gre,D,2026/09/19,Clay,RR,3,Alex Molcan,Stefanos Sakellaridis,6-1 6-1,94,136,645,429
Davis Cup Wg1 R1: Svk Vs Gre,D,2026/09/19,Clay,RR,3,Stefanos Tsitsipas,Norbert Gombos,7-6(3) 6-4,44,353,1165,147
Davis Cup Wg1 R1: Svk Vs Gre,D,2026/09/20,Clay,RR,3,Stefanos Tsitsipas,Alex Molcan,2-6 6-3 6-4,44,94,1165,645
Davis Cup Wg1 R1: Svk Vs Gre,D,2026/09/20,Clay,RR,3,Norbert Gombos,Stefanos Sakellaridis,6-4 7-6(4),353,136,147,429
Davis Cup Wg1 R1: Srb Vs Ltu,D,2026/09/19,Hard,RR,3,Miomir Kecmanovic,Edas Butvilas,7-5 1-6 7-5,61,194,925,286
Davis Cup Wg1 R1: Srb Vs Ltu,D,2026/09/19,Hard,RR,3,Hamad Medjedovic,Vilius Gaubas,6-4 6-4,77,119,764,511
Davis Cup Wg1 R1: Srb Vs Ltu,D,2026/09/20,Hard,RR,3,Ognjen Milic,Pijus Vaitiekunas,6-2 6-2,356,1689,146,3
Davis Cup Wg1 R1: Arg Vs Tur,D,2026/09/19,Hard,RR,3,Francisco Cerundolo,Yanki Erel,6-0 6-4,23,329,2130,162
Davis Cup Wg1 R1: Arg Vs Tur,D,2026/09/19,Hard,RR,3,Thiago Agustin Tirante,Mert Alkaya,6-2 6-4,52,296,1010,188
Davis Cup Wg1 R1: Arg Vs Tur,D,2026/09/20,Hard,RR,3,Francisco Cerundolo,Mert Alkaya,6-1 6-0,23,296,2130,188
Davis Cup Wg2 R1: Ina Vs Rou,D,2026/09/18,Hard,RR,3,Cezar Cretu,Gunawan Trismuwantara,6-2 6-4,271,2202,203,1
Davis Cup Wg2 R1: Ina Vs Rou,D,2026/09/18,Hard,RR,3,Radu Mihai Papoe,Rafalentino Ali Da Costa,6-7(5) 6-1 6-2,315,1608,171,3
Davis Cup Wg2 R1: Ina Vs Rou,D,2026/09/19,Hard,RR,3,Gabriel Ghetu,Lucky Candra Kurniawan,7-6(2) 7-6(1),561,2081,71,1
Davis Cup Wg2 R1: Kaz Vs Tha,D,2026/09/18,Hard,RR,3,Alexander Shevchenko,Maximus Jones,6-4 1-6 7-5,93,463,655,101
Davis Cup Wg2 R1: Kaz Vs Tha,D,2026/09/18,Hard,RR,3,Timofey Skatov,Kasidit Samrej,6-4 7-6(4),198,387,280,132
Davis Cup Wg2 R1: Kaz Vs Tha,D,2026/09/19,Hard,RR,3,Kasidit Samrej,Alexander Shevchenko,1-6 6-2 6-3,387,93,132,655
Davis Cup Wg2 R1: Kaz Vs Tha,D,2026/09/19,Hard,RR,3,Timofey Skatov,Maximus Jones,6-4 4-6 6-4,198,463,280,101
Davis Cup Wg2 R1: Tun Vs Pak,D,2026/09/18,Hard,RR,3,Aziz Dougaz,Muhammad Shoaib,6-2 6-3,419,928,115,24
Davis Cup Wg2 R1: Tun Vs Pak,D,2026/09/18,Hard,RR,3,Moez Echargui,Muzammil Murtaza,6-1 6-1,215,1392,259,6
Davis Cup Wg2 R1: Slo Vs Isr,D,2026/09/18,Clay,RR,3,Bor Artnak,Amit Vales,6-3 6-4,511,589,87,66
Davis Cup Wg2 R1: Slo Vs Isr,D,2026/09/18,Clay,RR,3,Filip Jeff Planinsek,Orel Kimhi,7-6(2) 6-1,491,716,92,43
Davis Cup Wg2 R1: Slo Vs Isr,D,2026/09/19,Clay,RR,3,Sebastian Dominko,Ben Weintraub,6-3 6-3,705,,45,
Davis Cup Wg2 R1: Dom Vs Egy,D,2026/09/18,Clay,RR,3,Roberto Cid Subervi,Amr Elsayed,6-3 6-2,1340,587,7,66
Davis Cup Wg2 R1: Dom Vs Egy,D,2026/09/18,Clay,RR,3,Nick Hardt,Karim Mabrouk,6-2 6-3,273,1432,200,6
Davis Cup Wg2 R1: Dom Vs Egy,D,2026/09/19,Clay,RR,3,Nick Hardt,Omar Kandil,6-2 6-1,273,1626,200,3
Davis Cup Wg2 R1: Uru Vs Est,D,2026/09/18,Clay,RR,3,Joaquin Aguilar Cardozo,Markus Molder,6-2 6-1,389,844,131,31
Davis Cup Wg2 R1: Uru Vs Est,D,2026/09/18,Clay,RR,3,Franco Roncadelli,Kristjan Tamm,6-4 6-2,261,1095,212,14
Davis Cup Wg2 R1: Uru Vs Est,D,2026/09/19,Clay,RR,3,Francisco Llanes,Denis Maijorov,6-4 6-2,,,,
Davis Cup Wg2 R1: Bol Vs Hkg,D,2026/09/18,Clay,RR,3,Hugo Dellien,Fu Wang Choi,6-4 6-1,129,,460,
Davis Cup Wg2 R1: Bol Vs Hkg,D,2026/09/18,Clay,RR,3,Juan Carlos Prado Angelo,Tsz Fu Wong,6-2 6-1,153,,364,
Davis Cup Wg2 R1: Bol Vs Hkg,D,2026/09/19,Clay,RR,3,Sin Hang Tam,Boris Arias,1-6 7-6(5) [13-11],,1289,,8
Davis Cup Wg2 R1: Cyp Vs Ukr,D,2026/09/19,Hard,RR,3,Georgii Kravchenko,Photos Photiades,6-4 6-1,311,1996,178,1
Davis Cup Wg2 R1: Cyp Vs Ukr,D,2026/09/19,Hard,RR,3,Oleksii Krutykh,Menelaos Efstathiou,6-2 1-6 6-4,443,653,107,53
Davis Cup Wg2 R1: Cyp Vs Ukr,D,2026/09/20,Hard,RR,3,Georgii Kravchenko,Menelaos Efstathiou,6-0 6-1,311,653,178,53
Davis Cup Wg2 R1: Mar Vs Ngr,D,2026/09/19,Clay,RR,3,Karim Bennani,Canice Abua,6-1 6-2,421,,114,
Davis Cup Wg2 R1: Mar Vs Ngr,D,2026/09/19,Clay,RR,3,Yassine Dlimi,Abubakar Yusuf,6-1 6-2,488,,92,
Davis Cup Wg2 R1: Mar Vs Ngr,D,2026/09/20,Clay,RR,3,Amine Jamji,Michael Emmanuel,6-3 6-4,1271,,9,
Davis Cup Wg2 R1: Rsa Vs Bih,D,2026/09/19,Hard,RR,3,Andrej Nedic,Philip Henning,6-4 6-4,236,264,233,210
Davis Cup Wg2 R1: Rsa Vs Bih,D,2026/09/19,Hard,RR,3,Damir Dzumhur,Khololwam Montsi,6-4 7-5,105,698,612,46
Davis Cup Wg2 R1: Rsa Vs Bih,D,2026/09/20,Hard,RR,3,Nerman Fatic,Thando Longwe Smit,7-6(2) 6-1,442,1364,107,7
Davis Cup Wg2 R1: Ber Vs Mex,D,2026/09/19,Hard,RR,3,Alan Magadan,Daniel Phillips,6-4 6-1,514,1596,86,3
Davis Cup Wg2 R1: Ber Vs Mex,D,2026/09/19,Hard,RR,3,Alex Hernandez,Richard Mallory,6-4 6-2,471,,99,
Davis Cup Wg2 R1: Ber Vs Mex,D,2026/09/20,Hard,RR,3,Alan Fernando Rubio Fierros,Tariq Simons,6-0 6-1,614,,59,
Davis Cup Wg2 R1: Esa Vs Por,D,2026/09/19,Hard,RR,3,Nuno Borges,Diego Duran,6-2 6-1,48,,1095,
Davis Cup Wg2 R1: Esa Vs Por,D,2026/09/19,Hard,RR,3,Jaime Faria,Cesar Cruz,6-2 6-2,70,,871,
Chengdu,ATP 250,2026/09/23,Hard,R32,3,Jenson Brooksby,Sebastian Baez,7-5 7-5,77,51,763,1044
Chengdu,ATP 250,2026/09/23,Hard,R32,3,Vit Kopriva,Jia Hu,6-4 7-5,71,2082,831,1
Hangzhou,ATP 250,2026/09/23,Hard,R32,3,Kyrian Jacquet,Aleksandar Vukic,7-6(5) 3-6 6-3,107,91,581,647
Hangzhou,ATP 250,2026/09/23,Hard,R32,3,Valentin Royer,Adam Walton,6-3 6-4,104,99,585,630
Hangzhou,ATP 250,2026/09/24,Hard,R32,3,Hugo Gaston,Sho Shimabukuro,6-4 6-4,97,93,634,640
Hangzhou,ATP 250,2026/09/24,Hard,R32,3,Taro Daniel,Dane Sweeny,7-6(6) 6-2,193,110,287,562
Hangzhou,ATP 250,2026/09/24,Hard,R32,3,Jaime Faria,Terence Atmane,3-6 7-6(9) 6-4,68,83,871,697
Hangzhou,ATP 250,2026/09/24,Hard,R32,3,Fabian Marozsan,Alex Bolt,6-4 6-2,59,165,930,348
Chengdu,ATP 250,2026/09/24,Hard,R32,3,Federico Cina,Camilo Ugo Carabelli,6-3 6-2,170,75,337,770
Chengdu,ATP 250,2026/09/24,Hard,R32,3,Denis Shapovalov,Tallon Griekspoor,6-4 7-6(3),50,55,1065,975
Chengdu,ATP 250,2026/09/24,Hard,R32,3,Lorenzo Sonego,James Duckworth,6-4 6-4,86,65,683,877
Hangzhou,ATP 250,2026/09/24,Hard,R32,3,Rinky Hijikata,Dalibor Svrcina,7-6(4) 6-4,82,128,700,468
Hangzhou,ATP 250,2026/09/24,Hard,R32,3,Kamil Majchrzak,Mattia Bellucci,6-3 6-4,73,88,777,659
Hangzhou,ATP 250,2026/09/24,Hard,R32,3,Yunchaokete Bu,Michael Zheng,6-4 6-3,111,92,552,642
Chengdu,ATP 250,2026/09/24,Hard,R32,3,Nikoloz Basilashvili,Miomir Kecmanovic,7-6(3) 6-4,145,60,385,925
Chengdu,ATP 250,2026/09/24,Hard,R32,3,Alexandre Muller,Moise Kouame,6-4 6-0,135,191,428,293
Chengdu,ATP 250,2026/09/24,Hard,R32,3,Adrian Mannarino,Juncheng Shang,7-6(9) 6-2,78,253,745,220
Hangzhou,ATP 250,2026/09/24,Hard,R32,3,Roman Safiullin,Fajing Sun,6-2 6-0,102,314,594,172
Chengdu,ATP 250,2026/09/24,Hard,R32,3,Lloyd Harris,Aleksandar Kovacevic,6-3 6-4,136,80,428,730
Chengdu,ATP 250,2026/09/24,Hard,R32,3,Martin Damm,Shintaro Mochizuki,6-1 6-4,106,125,583,478
Chengdu,ATP 250,2026/09/24,Hard,R32,3,Hubert Hurkacz,Alexander Shevchenko,6-3 7-6(10),46,109,1120,568
Hangzhou,ATP 250,2026/09/24,Hard,R32,3,Adolfo Daniel Vallejo,Jie Cui,6-1 6-7(2) 6-4,58,456,939,105
Chengdu,ATP 250,2026/09/24,Hard,R32,3,Juan Manuel Cerundolo,Yi Zhou,6-4 6-3,53,273,986,203
Hangzhou,ATP 250,2026/09/24,Hard,R32,3,Coleman Wong,Zhizhen Zhang,6-3 6-3,108,168,578,340
Chengdu,ATP 250,2026/09/25,Hard,R16,3,Denis Shapovalov,Vit Kopriva,6-2 6-3,50,71,1065,831
Hangzhou,ATP 250,2026/09/25,Hard,R16,3,Kyrian Jacquet,Tomas Martin Etcheverry,6-2 6-3,107,30,581,1590
Chengdu,ATP 250,2026/09/25,Hard,R16,3,Jenson Brooksby,Lorenzo Sonego,5-7 7-5 6-2,77,86,763,683
Chengdu,ATP 250,2026/09/25,Hard,R16,3,Adrian Mannarino,Alejandro Tabilo,6-4 6-4,78,32,745,1565
Chengdu,ATP 250,2026/09/25,Hard,R16,3,Nikoloz Basilashvili,Botic Van De Zandschulp,6-4 7-5,145,40,385,1258
Hangzhou,ATP 250,2026/09/25,Hard,R16,3,Fabian Marozsan,Taro Daniel,6-7(2) 7-5 7-6(1),59,193,930,287
Hangzhou,ATP 250,2026/09/25,Hard,R16,3,Andrey Rublev,Rinky Hijikata,6-3 6-3,25,82,1930,700
Hangzhou,ATP 250,2026/09/25,Hard,R16,3,Hugo Gaston,Jaime Faria,4-6 7-6(5) 6-4,97,68,634,871
Laver Cup,A,2026/09/25,Hard,RR,3,Casper Ruud,Francisco Cerundolo,6-7(4) 6-4 10-8,17,22,2335,2130
Laver Cup,A,2026/09/25,Hard,RR,3,Brandon Nakashima,Jakub Mensik,6-1 3-6 10-7,16,15,2410,2495
Chengdu,ATP 250,2026/09/26,Hard,R16,3,Alejandro Davidovich Fokina,Juan Manuel Cerundolo,6-4 6-4,29,53,1680,986
Laver Cup,A,2026/09/25,Hard,RR,3,Rafael Jodar,Alexander Bublik,6-2 6-3,14,21,2659,2185
Chengdu,ATP 250,2026/09/26,Hard,R16,3,Alexandre Muller,Federico Cina,7-6(3) 6-1,135,170,428,337
Hangzhou,ATP 250,2026/09/26,Hard,R16,3,Roman Safiullin,Quentin Halys,5-7 6-3 6-4,102,49,594,1070
Chengdu,ATP 250,2026/09/26,Hard,R16,3,Hubert Hurkacz,Martin Damm,4-6 6-3 6-4,46,106,1120,583
Hangzhou,ATP 250,2026/09/26,Hard,R16,3,Yunchaokete Bu,Kamil Majchrzak,7-6(4) 6-7(5) 6-2,111,73,552,777
Chengdu,ATP 250,2026/09/26,Hard,R16,3,Lloyd Harris,Valentin Vacherot,6-4 7-6(5),136,19,428,2250
Hangzhou,ATP 250,2026/09/26,Hard,R16,3,Daniil Medvedev,Valentin Royer,7-6(6) 6-3,6,104,3770,585
Laver Cup,A,2026/09/26,Hard,RR,3,Learner Tien,Flavio Cobolli,6-3 2-6 10-7,13,6,2755,3720
Hangzhou,ATP 250,2026/09/26,Hard,R16,3,Coleman Wong,Adolfo Daniel Vallejo,7-6(2) 4-6 6-3,108,58,578,939
Laver Cup,A,2026/09/26,Hard,RR,3,Carlos Alcaraz,Taylor Fritz,6-3 4-6 13-11,3,10,5560,3175
Chengdu,ATP 250,2026/09/27,Hard,QF,3,Nikoloz Basilashvili,Jenson Brooksby,6-4 7-6(4),145,77,385,763
Hangzhou,ATP 250,2026/09/27,Hard,QF,3,Kyrian Jacquet,Fabian Marozsan,7-6(12) 6-4,107,59,581,930
Chengdu,ATP 250,2026/09/27,Hard,QF,3,Alejandro Davidovich Fokina,Alexandre Muller,6-1 7-5,29,135,1680,428
Hangzhou,ATP 250,2026/09/27,Hard,QF,3,Andrey Rublev,Hugo Gaston,6-7(6) 7-6(4) 6-1,25,97,1930,634
Chengdu,ATP 250,2026/09/27,Hard,QF,3,Denis Shapovalov,Adrian Mannarino,6-7(6) 6-3 6-2,50,78,1065,745
Hangzhou,ATP 250,2026/09/27,Hard,QF,3,Roman Safiullin,Yunchaokete Bu,6-3 6-3,102,111,594,552
Chengdu,ATP 250,2026/09/27,Hard,QF,3,Hubert Hurkacz,Lloyd Harris,7-6(10) 6-4,46,136,1120,428
Hangzhou,ATP 250,2026/09/27,Hard,QF,3,Daniil Medvedev,Coleman Wong,6-3 6-7(2) 6-3,6,108,3770,578
Laver Cup,A,2026/09/27,Hard,RR,3,Alexander Zverev,Learner Tien,7-6(3) 6-3,2,13,9690,2715
