tourney_name,tourney_level,tourney_date,surface,round,best_of,winner_name,loser_name,score,winner_rank,loser_rank,winner_rank_points,loser_rank_points
Brisbane,WTA 500,2026/01/04,Hard,R64,3,Mccartney Kessler,Emiliana Arango,6-1 6-3,31,49,1558,1161
Brisbane,WTA 500,2026/01/04,Hard,R64,3,Ajla Tomljanovic,Elsa Jacquemot,6-1 6-3,80,55,844,1076
Brisbane,WTA 500,2026/01/04,Hard,R64,3,Anastasia Potapova,Daria Kasatkina,7-5 4-6 6-4,50,37,1131,1334
Brisbane,WTA 500,2026/01/04,Hard,R64,3,Sorana Cirstea,Anastasia Pavlyuchenkova,6-3 6-1,43,47,1243,1184
Brisbane,WTA 500,2026/01/04,Hard,R64,3,Sofia Kenin,Elena Gabriela Ruse,6-4 4-6 6-3,28,88,1589,825
Brisbane,WTA 500,2026/01/04,Hard,R64,3,Marie Bouzkova,Jaqueline Cristian,6-4 6-3,42,39,1260,1324
Brisbane,WTA 500,2026/01/04,Hard,R64,3,Shuai Zhang,Ashlyn Krueger,6-4 5-7 6-4,81,44,843,1229
Brisbane,WTA 500,2026/01/04,Hard,R64,3,Kimberly Birrell,Rebecca Sramkova,6-4 3-6 6-3,98,72,802,914
Brisbane,WTA 500,2026/01/04,Hard,R64,3,Olivia Gadecki,Ann Li,6-4 6-4,206,38,350,1334
Brisbane,WTA 500,2026/01/04,Hard,R64,3,Cristina Bucsa,Anna Bondar,4-6 7-6(4) 6-2,51,74,1127,900
Brisbane,WTA 500,2026/01/04,Hard,R64,3,Yulia Putintseva,Hailey Baptiste,6-2 6-4,71,61,924,1023
Brisbane,WTA 500,2026/01/04,Hard,R64,3,Aliaksandra Sasnovich,Anna Blinkova,7-5 6-1,114,62,685,1018
Brisbane,WTA 500,2026/01/04,Hard,R64,3,Anna Kalinskaya,Tereza Valentova,6-4 6-4,33,60,1461,1035
Brisbane,WTA 500,2026/01/04,Hard,R64,3,Dayana Yastremska,Talia Gibson,7-6(3) 7-6(4),27,122,1604,634
Brisbane,WTA 500,2026/01/04,Hard,R64,3,Magdalena Frech,Marketa Vondrousova,7-5 6-7(3) 7-6(0),59,34,1051,1445
Brisbane,WTA 500,2026/01/04,Hard,R64,3,Emerson Jones,Tatjana Maria,6-3 6-3,151,45,492,1229
Brisbane,WTA 500,2026/01/04,Hard,R32,3,Madison Keys,Mccartney Kessler,6-4 6-3,7,31,4335,1558
Brisbane,WTA 500,2026/01/04,Hard,R32,3,Diana Shnaider,Anastasia Potapova,6-1 6-3,21,50,1866,1131
Brisbane,WTA 500,2026/01/04,Hard,R32,3,Aryna Sabalenka,Cristina Bucsa,6-0 6-1,1,51,10870,1127
Brisbane,WTA 500,2026/01/04,Hard,R32,3,Ekaterina Alexandrova,Sofia Kenin,7-6(2) 6-3,10,28,3375,1589
Brisbane,WTA 500,2026/01/04,Hard,R32,3,Sorana Cirstea,Jelena Ostapenko,6-2 7-6(5),43,23,1243,1800
Brisbane,WTA 500,2026/01/04,Hard,R32,3,Karolina Muchova,Ajla Tomljanovic,4-6 6-1 7-6(5),19,80,1996,844
Brisbane,WTA 500,2026/01/04,Hard,R32,3,Elena Rybakina,Shuai Zhang,6-3 7-5,5,81,5850,843
Brisbane,WTA 500,2026/01/04,Hard,R32,3,Paula Badosa,Marie Bouzkova,6-7(4) 6-4 6-2,25,42,1676,1260
Brisbane,WTA 500,2026/01/04,Hard,R32,3,Jessica Pegula,Anna Kalinskaya,6-2 2-6 6-4,6,33,5583,1461
Brisbane,WTA 500,2026/01/04,Hard,R32,3,Dayana Yastremska,Leylah Fernandez,6-1 6-2,27,22,1604,1821
Brisbane,WTA 500,2026/01/04,Hard,R32,3,Aliaksandra Sasnovich,Clara Tauson,6-2 6-3,114,12,685,2770
Brisbane,WTA 500,2026/01/04,Hard,R32,3,Liudmila Samsonova,Emerson Jones,6-4 6-1,17,151,2209,492
Brisbane,WTA 500,2026/01/04,Hard,R32,3,Linda Noskova,Magdalena Frech,6-7(5) 6-4 6-4,13,59,2641,1051
Brisbane,WTA 500,2026/01/04,Hard,R32,3,Mirra Andreeva,Olivia Gadecki,4-6 6-1 6-2,9,206,4319,350
Brisbane,WTA 500,2026/01/04,Hard,R32,3,Marta Kostyuk,Yulia Putintseva,6-7(5) 6-1 6-0,26,71,1659,924
Brisbane,WTA 500,2026/01/04,Hard,R32,3,Amanda Anisimova,Kimberly Birrell,6-1 6-3,4,98,6287,802
Brisbane,WTA 500,2026/01/04,Hard,R16,3,Aryna Sabalenka,Sorana Cirstea,6-3 6-3,1,43,10870,1243
Brisbane,WTA 500,2026/01/04,Hard,R16,3,Elena Rybakina,Paula Badosa,6-3 6-2,5,25,5850,1676
Brisbane,WTA 500,2026/01/04,Hard,R16,3,Karolina Muchova,Ekaterina Alexandrova,6-4 7-5,19,10,1996,3375
Brisbane,WTA 500,2026/01/04,Hard,R16,3,Madison Keys,Diana Shnaider,6-7(5) 7-6(5) 7-6(4),7,21,4335,1866
Brisbane,WTA 500,2026/01/04,Hard,R16,3,Liudmila Samsonova,Aliaksandra Sasnovich,6-4 6-4,17,114,2209,685
Brisbane,WTA 500,2026/01/04,Hard,R16,3,Jessica Pegula,Dayana Yastremska,5-7 6-2 6-3,6,27,5583,1604
Brisbane,WTA 500,2026/01/04,Hard,R16,3,Marta Kostyuk,Amanda Anisimova,6-4 6-3,26,4,1659,6287
Brisbane,WTA 500,2026/01/04,Hard,R16,3,Mirra Andreeva,Linda Noskova,5-7 6-4 7-5,9,13,4319,2641
Brisbane,WTA 500,2026/01/04,Hard,QF,3,Karolina Muchova,Elena Rybakina,6-2 2-6 6-4,19,5,1996,5850
Brisbane,WTA 500,2026/01/04,Hard,QF,3,Aryna Sabalenka,Madison Keys,6-3 6-3,1,7,10870,4335
Brisbane,WTA 500,2026/01/04,Hard,QF,3,Jessica Pegula,Liudmila Samsonova,6-3 7-6(3),6,17,5583,2209
Brisbane,WTA 500,2026/01/04,Hard,QF,3,Marta Kostyuk,Mirra Andreeva,7-6(7) 6-3,26,9,1659,4319
Brisbane,WTA 500,2026/01/04,Hard,SF,3,Aryna Sabalenka,Karolina Muchova,6-3 6-4,1,19,10870,1996
Brisbane,WTA 500,2026/01/04,Hard,SF,3,Marta Kostyuk,Jessica Pegula,6-0 6-3,26,6,1659,5583
Brisbane,WTA 500,2026/01/04,Hard,F,3,Aryna Sabalenka,Marta Kostyuk,6-4 6-3,1,26,10870,1659
Auckland,WTA 250,2026/01/05,Hard,R32,3,Elina Svitolina,Varvara Gracheva,6-3 6-1,13,75,2606,887
Auckland,WTA 250,2026/01/05,Hard,R32,3,Katie Boulter,Yuliia Starodubtseva,6-3 6-3,112,111,684,685
Auckland,WTA 250,2026/01/05,Hard,R32,3,Ella Seidel,Monique Barry,6-2 6-1,84,726,833,52
Auckland,WTA 250,2026/01/05,Hard,R32,3,Sonay Kartal,Janice Tjen,6-1 6-7(4) 6-3,68,54,951,1075
Auckland,WTA 250,2026/01/05,Hard,R32,3,Iva Jovic,Gabriela Andrea Knutson,4-6 6-1 6-0,35,182,1423,386
Auckland,WTA 250,2026/01/05,Hard,R32,3,Sara Bejlek,Panna Udvardy,7-5 6-1,93,87,792,819
Auckland,WTA 250,2026/01/05,Hard,R32,3,Sofia Costoulas,Whitney Osuigwe,6-4 3-6 6-1,159,152,440,455
Auckland,WTA 250,2026/01/05,Hard,R32,3,Kaitlin Quevedo,Peyton Stearns,6-2 7-5,141,64,509,982
Auckland,WTA 250,2026/01/05,Hard,R32,3,Magda Linette,Venus Williams,6-4 4-6 6-2,52,582,1089,80
Auckland,WTA 250,2026/01/05,Hard,R32,3,Elisabetta Cocciaretto,Alycia Parks,6-2 7-5,81,101,837,760
Auckland,WTA 250,2026/01/05,Hard,R32,3,Petra Marcinko,Camila Osorio,6-4 0-6 7-6(2),82,76,837,860
Auckland,WTA 250,2026/01/05,Hard,R32,3,Alexandra Eala,Donna Vekic,4-6 6-4 6-4,53,69,1076,935
Auckland,WTA 250,2026/01/05,Hard,R32,3,Xinyu Wang,Caty Mcnally,2-6 6-3 7-5,170,83,404,836
Auckland,WTA 250,2026/01/05,Hard,R32,3,Renata Zarazua,Sloane Stephens,7-5 4-6 6-2,77,1098,844,14
Auckland,WTA 250,2026/01/05,Hard,R32,3,Sinja Kraus,Julia Grabher,6-3 6-3,108,92,709,799
Auckland,WTA 250,2026/01/05,Hard,R32,3,Francesca Jones,Emma Navarro,7-5 2-6 6-4,72,15,912,2515
Auckland,WTA 250,2026/01/05,Hard,R16,3,Elina Svitolina,Katie Boulter,7-5 6-4,13,112,2606,684
Auckland,WTA 250,2026/01/05,Hard,R16,3,Sonay Kartal,Ella Seidel,6-3 6-1,68,84,951,833
Auckland,WTA 250,2026/01/05,Hard,R16,3,Iva Jovic,Sara Bejlek,7-6(3) 6-4,35,93,1423,792
Auckland,WTA 250,2026/01/05,Hard,R16,3,Sofia Costoulas,Kaitlin Quevedo,6-2 6-0,159,141,440,509
Auckland,WTA 250,2026/01/05,Hard,R16,3,Magda Linette,Elisabetta Cocciaretto,7-5 2-6 6-3,52,81,1089,837
Auckland,WTA 250,2026/01/05,Hard,R16,3,Alexandra Eala,Petra Marcinko,6-0 6-2,53,82,1076,837
Auckland,WTA 250,2026/01/05,Hard,R16,3,Xinyu Wang,Renata Zarazua,7-5 6-4,170,77,404,844
Auckland,WTA 250,2026/01/05,Hard,R16,3,Francesca Jones,Sinja Kraus,1-6 6-4 6-1,72,108,912,709
Auckland,WTA 250,2026/01/05,Hard,QF,3,Elina Svitolina,Sonay Kartal,6-4 6-7(2) 7-6(5),13,68,2606,951
Auckland,WTA 250,2026/01/05,Hard,QF,3,Iva Jovic,Sofia Costoulas,6-2 7-6(6),35,159,1423,440
Auckland,WTA 250,2026/01/05,Hard,QF,3,Alexandra Eala,Magda Linette,6-3 6-2,53,52,1076,1089
Auckland,WTA 250,2026/01/05,Hard,QF,3,Xinyu Wang,Francesca Jones,6-4 4-3 RET,57,72,1056,912
Auckland,WTA 250,2026/01/05,Hard,SF,3,Elina Svitolina,Iva Jovic,7-6(5) 6-2,13,35,2606,1423
Auckland,WTA 250,2026/01/05,Hard,SF,3,Xinyu Wang,Alexandra Eala,5-7 7-5 6-4,170,53,404,1076
Auckland,WTA 250,2026/01/05,Hard,F,3,Elina Svitolina,Xinyu Wang,6-3 7-6(6),13,170,2606,404
Hobart,WTA 250,2026/01/12,Hard,R32,3,Emma Raducanu,Camila Osorio,6-3 7-6(2),29,82,1563,840
Hobart,WTA 250,2026/01/12,Hard,R32,3,Magdalena Frech,Elsa Jacquemot,6-4 6-0,57,58,1073,1070
Hobart,WTA 250,2026/01/12,Hard,R32,3,Rebecca Sramkova,Varvara Gracheva,6-4 4-6 6-2,72,74,914,887
Hobart,WTA 250,2026/01/12,Hard,R32,3,Taylah Preston,Jessica Bouzas Maneiro,6-4 7-6(4),204,40,354,1262
Hobart,WTA 250,2026/01/12,Hard,R32,3,Iva Jovic,Janice Tjen,6-0 6-1,30,56,1520,1075
Hobart,WTA 250,2026/01/12,Hard,R32,3,Renata Zarazua,Hailey Baptiste,6-7(5) 6-3 6-3,84,66,832,979
Hobart,WTA 250,2026/01/12,Hard,R32,3,Xinyu Wang,Talia Gibson,6-2 6-3,183,119,386,634
Hobart,WTA 250,2026/01/12,Hard,R32,3,Magda Linette,Oksana Selekhmeteva,6-3 1-6 6-1,53,98,1113,766
Hobart,WTA 250,2026/01/12,Hard,R32,3,Tatjana Maria,Venus Williams,6-4 6-3,42,576,1229,81
Hobart,WTA 250,2026/01/12,Hard,R32,3,Anna Bondar,Ella Seidel,6-0 6-1,75,78,877,850
Hobart,WTA 250,2026/01/12,Hard,R32,3,Elisabetta Cocciaretto,Ayano Shimizu,6-3 6-4,80,425,849,137
Hobart,WTA 250,2026/01/12,Hard,R32,3,Ann Li,Katie Volynets,4-6 7-5 6-2,38,94,1316,783
Hobart,WTA 250,2026/01/12,Hard,R32,3,Antonia Ruzic,Emiliana Arango,7-5 6-1,71,50,925,1149
Hobart,WTA 250,2026/01/12,Hard,R32,3,Solana Sierra,Caty Mcnally,1-6 6-4 6-1,64,83,1001,836
Hobart,WTA 250,2026/01/12,Hard,R32,3,Peyton Stearns,Barbora Krejcikova,6-4 1-6 7-6(4),67,55,958,1080
Hobart,WTA 250,2026/01/12,Hard,R32,3,Olga Danilovic,Mccartney Kessler,4-6 6-4 6-4,68,36,957,1335
Hobart,WTA 250,2026/01/12,Hard,R16,3,Emma Raducanu,Magdalena Frech,W/O,29,57,1563,1073
Hobart,WTA 250,2026/01/12,Hard,R16,3,Taylah Preston,Rebecca Sramkova,6-4 6-1,204,72,354,914
Hobart,WTA 250,2026/01/12,Hard,R16,3,Iva Jovic,Renata Zarazua,6-1 6-2,30,84,1520,832
Hobart,WTA 250,2026/01/12,Hard,R16,3,Magda Linette,Xinyu Wang,6-1 7-5,53,183,1113,386
Hobart,WTA 250,2026/01/12,Hard,R16,3,Anna Bondar,Tatjana Maria,7-6(7) 7-5,75,42,877,1229
Hobart,WTA 250,2026/01/12,Hard,R16,3,Elisabetta Cocciaretto,Ann Li,1-6 7-5 7-5,80,38,849,1316
Hobart,WTA 250,2026/01/12,Hard,R16,3,Antonia Ruzic,Solana Sierra,7-5 6-4,71,64,925,1001
Hobart,WTA 250,2026/01/12,Hard,R16,3,Olga Danilovic,Peyton Stearns,7-6(2) 6-1,68,67,957,958
Hobart,WTA 250,2026/01/12,Hard,QF,3,Taylah Preston,Emma Raducanu,6-2 6-4,204,29,354,1563
Hobart,WTA 250,2026/01/12,Hard,QF,3,Iva Jovic,Magda Linette,6-3 6-7(5) 6-2,30,53,1520,1113
Hobart,WTA 250,2026/01/12,Hard,QF,3,Elisabetta Cocciaretto,Anna Bondar,6-2 6-2,80,75,849,877
Hobart,WTA 250,2026/01/12,Hard,QF,3,Antonia Ruzic,Olga Danilovic,6-3 6-3,71,68,925,957
Hobart,WTA 250,2026/01/12,Hard,SF,3,Iva Jovic,Taylah Preston,4-6 6-4 6-1,30,204,1520,354
Hobart,WTA 250,2026/01/12,Hard,SF,3,Elisabetta Cocciaretto,Antonia Ruzic,6-3 6-2,80,71,849,925
Hobart,WTA 250,2026/01/12,Hard,F,3,Elisabetta Cocciaretto,Iva Jovic,6-4 6-4,80,30,849,1520
Adelaide,WTA 500,2026/01/12,Hard,R32,3,Marie Bouzkova,Paula Badosa,3-6 6-3 6-4,45,26,1184,1675
Adelaide,WTA 500,2026/01/12,Hard,R32,3,Maya Joint,Sofia Kenin,7-6(3) 6-4,32,28,1490,1567
Adelaide,WTA 500,2026/01/12,Hard,R32,3,Ajla Tomljanovic,Clara Tauson,7-6(5) RET,76,14,851,2530
Adelaide,WTA 500,2026/01/12,Hard,R32,3,Diana Shnaider,Leylah Fernandez,7-5 6-3,23,22,1818,1821
Adelaide,WTA 500,2026/01/12,Hard,R32,3,Katerina Siniakova,Dayana Yastremska,6-0 6-1,46,27,1172,1610
Adelaide,WTA 500,2026/01/12,Hard,R32,3,Yulia Putintseva,Dalma Galfi,6-4 6-4,105,93,741,789
Adelaide,WTA 500,2026/01/12,Hard,R32,3,Emma Navarro,Emerson Jones,6-3 6-3,15,155,2467,463
Adelaide,WTA 500,2026/01/12,Hard,R32,3,Marketa Vondrousova,Liudmila Samsonova,6-1 4-6 6-2,34,18,1386,2122
Adelaide,WTA 500,2026/01/12,Hard,R32,3,Kimberly Birrell,Anastasia Potapova,6-4 6-4,107,54,726,1103
Adelaide,WTA 500,2026/01/12,Hard,R32,3,Daria Kasatkina,Maria Sakkari,7-6(2) 6-4,48,52,1168,1133
Adelaide,WTA 500,2026/01/12,Hard,R32,3,Jaqueline Cristian,Ekaterina Alexandrova,6-4 6-4,37,11,1324,3375
Adelaide,WTA 500,2026/01/12,Hard,R32,3,Victoria Mboko,Beatriz Haddad Maia,5-7 6-3 6-2,17,59,2157,1052
Adelaide,WTA 500,2026/01/12,Hard,R32,3,Anna Kalinskaya,Elena Gabriela Ruse,6-0 6-3,33,79,1483,849
Adelaide,WTA 500,2026/01/12,Hard,R32,3,Tereza Valentova,Jelena Ostapenko,7-5 3-2 RET,60,24,1036,1741
Adelaide,WTA 500,2026/01/12,Hard,R16,3,Mirra Andreeva,Marie Bouzkova,6-3 6-1,8,45,4232,1184
Adelaide,WTA 500,2026/01/12,Hard,R16,3,Maya Joint,Ajla Tomljanovic,2-0 RET,32,76,1490,851
Adelaide,WTA 500,2026/01/12,Hard,R16,3,Diana Shnaider,Katerina Siniakova,6-1 2-6 7-5,23,46,1818,1172
Adelaide,WTA 500,2026/01/12,Hard,R16,3,Emma Navarro,Yulia Putintseva,6-1 6-4,15,105,2467,741
Adelaide,WTA 500,2026/01/12,Hard,R16,3,Kimberly Birrell,Marketa Vondrousova,W/O,107,34,726,1386
Adelaide,WTA 500,2026/01/12,Hard,R16,3,Jaqueline Cristian,Daria Kasatkina,6-4 6-0,37,48,1324,1168
Adelaide,WTA 500,2026/01/12,Hard,R16,3,Victoria Mboko,Anna Kalinskaya,6-2 3-6 7-6(6),17,33,2157,1483
Adelaide,WTA 500,2026/01/12,Hard,R16,3,Madison Keys,Tereza Valentova,6-4 6-1,9,60,4003,1036
Adelaide,WTA 500,2026/01/12,Hard,QF,3,Mirra Andreeva,Maya Joint,6-2 6-0,8,32,4232,1490
Adelaide,WTA 500,2026/01/12,Hard,QF,3,Diana Shnaider,Emma Navarro,6-3 6-3,23,15,1818,2467
Adelaide,WTA 500,2026/01/12,Hard,QF,3,Kimberly Birrell,Jaqueline Cristian,5-7 6-1 7-5,107,37,726,1324
Adelaide,WTA 500,2026/01/12,Hard,QF,3,Victoria Mboko,Madison Keys,6-4 4-6 6-2,17,9,2157,4003
Adelaide,WTA 500,2026/01/12,Hard,SF,3,Mirra Andreeva,Diana Shnaider,6-3 6-2,8,23,4232,1818
Adelaide,WTA 500,2026/01/12,Hard,SF,3,Victoria Mboko,Kimberly Birrell,6-2 6-1,17,107,2157,726
Adelaide,WTA 500,2026/01/12,Hard,F,3,Mirra Andreeva,Victoria Mboko,6-3 6-1,8,17,4232,2157
Australian Open,Grand Slam,2026/01/18,Hard,R128,3,Anastasia Potapova,Suzan Lamens,3-6 7-5 6-2,54,95,1103,780
Australian Open,Grand Slam,2026/01/18,Hard,R128,3,Emma Raducanu,Mananchaya Sawangkaew,6-4 6-1,29,195,1563,366
Australian Open,Grand Slam,2026/01/18,Hard,R128,3,Aryna Sabalenka,Tiantsoa Rakotomanga Rajaonah,6-4 6-1,1,118,10990,640
Australian Open,Grand Slam,2026/01/18,Hard,R128,3,Zhuoxuan Bai,Anastasia Pavlyuchenkova,6-4 2-6 7-6(10),697,44,55,1185
Australian Open,Grand Slam,2026/01/18,Hard,R128,3,Clara Tauson,Dalma Galfi,6-3 6-3,14,93,2530,789
Australian Open,Grand Slam,2026/01/18,Hard,R128,3,Polina Kudermetova,Guiomar Maristany Zuleta De Reales,6-2 6-3,150,184,490,386
Australian Open,Grand Slam,2026/01/18,Hard,R128,3,Caty Mcnally,Himeno Sakatsume,6-3 6-1,83,140,836,514
Australian Open,Grand Slam,2026/01/18,Hard,R128,3,Victoria Mboko,Emerson Jones,6-4 6-1,17,155,2157,463
Australian Open,Grand Slam,2026/01/18,Hard,R128,3,Iva Jovic,Katie Volynets,6-2 6-3,30,94,1520,783
Australian Open,Grand Slam,2026/01/18,Hard,R128,3,Priscilla Hon,Marina Stakusic,1-6 6-4 5-3 RET,121,127,620,565
Australian Open,Grand Slam,2026/01/18,Hard,R128,3,Jasmine Paolini,Aliaksandra Sasnovich,6-1 6-2,7,102,4267,755
Australian Open,Grand Slam,2026/01/18,Hard,R128,3,Magdalena Frech,Veronika Erjavec,6-1 6-1,57,99,1073,765
Australian Open,Grand Slam,2026/01/18,Hard,R128,3,Elsa Jacquemot,Marta Kostyuk,6-7(4) 7-6(4) 7-6(7),58,20,1070,1983
Australian Open,Grand Slam,2026/01/18,Hard,R128,3,Yulia Putintseva,Beatriz Haddad Maia,3-6 7-5 6-3,105,59,741,1052
Australian Open,Grand Slam,2026/01/18,Hard,R128,3,Anna Bondar,Elizabeth Mandlik,6-0 6-4,75,181,877,387
Australian Open,Grand Slam,2026/01/18,Hard,R128,3,Zeynep Sonmez,Ekaterina Alexandrova,7-5 4-6 6-4,112,11,694,3375
Australian Open,Grand Slam,2026/01/18,Hard,R128,3,Coco Gauff,Kamilla Rakhimova,6-2 6-3,3,91,6423,802
Australian Open,Grand Slam,2026/01/18,Hard,R128,3,Olga Danilovic,Venus Williams,6-7(5) 6-3 6-4,68,576,957,81
Australian Open,Grand Slam,2026/01/18,Hard,R128,3,Hailey Baptiste,Taylor Townsend,6-3 6-7(3) 6-3,66,116,979,652
Australian Open,Grand Slam,2026/01/18,Hard,R128,3,Storm Hunter,Jessica Bouzas Maneiro,6-4 6-4,363,40,169,1262
Australian Open,Grand Slam,2026/01/18,Hard,R128,3,Alycia Parks,Alexandra Eala,0-6 6-3 6-2,100,49,760,1159
Australian Open,Grand Slam,2026/01/18,Hard,R128,3,Karolina Muchova,Jaqueline Cristian,6-3 7-6(6),19,37,2083,1324
Australian Open,Grand Slam,2026/01/18,Hard,R128,3,Ann Li,Camila Osorio,6-4 6-7(5) 7-5,38,82,1316,840
Australian Open,Grand Slam,2026/01/18,Hard,R128,3,Magda Linette,Emma Navarro,3-6 6-3 6-3,53,15,1113,2467
Australian Open,Grand Slam,2026/01/18,Hard,R128,3,Diana Shnaider,Barbora Krejcikova,2-6 6-3 6-3,23,55,1818,1080
Australian Open,Grand Slam,2026/01/18,Hard,R128,3,Talia Gibson,Anna Blinkova,6-1 6-3,119,62,634,1016
Australian Open,Grand Slam,2026/01/18,Hard,R128,3,Elina Svitolina,Cristina Bucsa,6-4 6-1,12,51,2856,1134
Australian Open,Grand Slam,2026/01/18,Hard,R128,3,Linda Klimovicova,Francesca Jones,6-2 3-2 ab.,134,69,538,951
Australian Open,Grand Slam,2026/01/18,Hard,R128,3,Ajla Tomljanovic,Yuliia Starodubtseva,4-6 7-6(3) 6-1,76,110,851,701
Australian Open,Grand Slam,2026/01/18,Hard,R128,3,Elena Gabriela Ruse,Dayana Yastremska,6-4 7-5,79,27,849,1610
Australian Open,Grand Slam,2026/01/18,Hard,R128,3,Maria Sakkari,Leolia Jeanjean,6-4 6-2,52,101,1133,760
Australian Open,Grand Slam,2026/01/18,Hard,R128,3,Mirra Andreeva,Donna Vekic,4-6 6-3 6-0,8,70,4232,935
Australian Open,Grand Slam,2026/01/18,Hard,R128,3,Elena Rybakina,Kaja Juvan,6-4 6-3,5,97,5850,770
Australian Open,Grand Slam,2026/01/18,Hard,R128,3,Varvara Gracheva,Viktorija Golubic,6-1 2-6 6-1,74,81,887,841
Australian Open,Grand Slam,2026/01/18,Hard,R128,3,Linda Fruhvirtova,Lulu Sun,6-3 7-5,132,85,548,825
Australian Open,Grand Slam,2026/01/18,Hard,R128,3,Tereza Valentova,Maya Joint,6-4 6-4,60,32,1036,1490
Australian Open,Grand Slam,2026/01/18,Hard,R128,3,Elise Mertens,Lanlana Tararudee,7-5 6-1,21,131,1956,549
Australian Open,Grand Slam,2026/01/18,Hard,R128,3,Moyuka Uchijima,Solana Sierra,6-3 6-1,87,64,822,1001
Australian Open,Grand Slam,2026/01/18,Hard,R128,3,Belinda Bencic,Katie Boulter,6-0 7-5,10,113,3512,684
Australian Open,Grand Slam,2026/01/18,Hard,R128,3,Nikola Bartunkova,Daria Kasatkina,7-6(7) 0-6 6-3,126,48,582,1168
Australian Open,Grand Slam,2026/01/18,Hard,R128,3,Anna Kalinskaya,Sonay Kartal,7-6(3) 6-1,33,63,1483,1004
Australian Open,Grand Slam,2026/01/18,Hard,R128,3,Julia Grabher,Elisabetta Cocciaretto,7-5 2-6 6-4,92,80,799,849
Australian Open,Grand Slam,2026/01/18,Hard,R128,3,Iga Swiatek,Yue Yuan,7-6(5) 6-3,2,130,8328,552
Australian Open,Grand Slam,2026/01/18,Hard,R128,3,Marie Bouzkova,Renata Zarazua,6-2 7-5,45,84,1184,832
Australian Open,Grand Slam,2026/01/18,Hard,R128,3,Laura Siegemund,Liudmila Samsonova,0-6 7-5 6-4,47,18,1171,2122
Australian Open,Grand Slam,2026/01/18,Hard,R128,3,Maddison Inglis,Kimberly Birrell,7-6(6) 6-7(9) 6-4,167,107,418,726
Australian Open,Grand Slam,2026/01/18,Hard,R128,3,Naomi Osaka,Antonia Ruzic,6-3 3-6 6-4,16,71,2366,925
Australian Open,Grand Slam,2026/01/18,Hard,R128,3,Sorana Cirstea,Eva Lys,3-6 6-4 6-3,41,39,1249,1303
Australian Open,Grand Slam,2026/01/18,Hard,R128,3,Amanda Anisimova,Simona Waltert,6-3 6-2,4,86,6320,824
Australian Open,Grand Slam,2026/01/18,Hard,R128,3,Katerina Siniakova,Panna Udvardy,6-1 6-2,46,89,1172,819
Australian Open,Grand Slam,2026/01/18,Hard,R128,3,Petra Marcinko,Tatjana Maria,6-3 7-5,77,42,851,1229
Australian Open,Grand Slam,2026/01/18,Hard,R128,3,Peyton Stearns,Sofia Kenin,6-3 6-2,67,28,958,1567
Australian Open,Grand Slam,2026/01/18,Hard,R128,3,Linda Noskova,Darja Semenistaja,6-3 6-0,13,96,2641,779
Australian Open,Grand Slam,2026/01/18,Hard,R128,3,Taylah Preston,Shuai Zhang,6-3 2-6 6-3,204,73,354,899
Australian Open,Grand Slam,2026/01/18,Hard,R128,3,Jelena Ostapenko,Rebecca Sramkova,6-4 6-4,24,72,1741,914
Australian Open,Grand Slam,2026/01/18,Hard,R128,3,Xinyu Wang,Anhelina Kalinina,6-3 6-3,43,178,1194,393
Australian Open,Grand Slam,2026/01/18,Hard,R128,3,Jessica Pegula,Anastasia Zakharova,6-2 6-1,6,103,5453,742
Australian Open,Grand Slam,2026/01/18,Hard,R128,3,Mccartney Kessler,Emiliana Arango,6-3 6-2,36,50,1335,1149
Australian Open,Grand Slam,2026/01/18,Hard,R128,3,Oksana Selekhmeteva,Ella Seidel,6-3 3-6 6-0,98,78,766,850
Australian Open,Grand Slam,2026/01/18,Hard,R128,3,Paula Badosa,Zarina Diyas,6-2 6-4,26,285,1675,232
Australian Open,Grand Slam,2026/01/18,Hard,R128,3,Janice Tjen,Leylah Fernandez,6-2 7-6(1),56,22,1075,1821
Australian Open,Grand Slam,2026/01/18,Hard,R128,3,Karolina Pliskova,Sloane Stephens,7-6(7) 6-2,1052,1097,16,14
Australian Open,Grand Slam,2026/01/18,Hard,R128,3,Ashlyn Krueger,Sara Bejlek,6-3 6-3,61,88,1026,821
Australian Open,Grand Slam,2026/01/18,Hard,R128,3,Madison Keys,Oleksandra Oliynykova,7-6(6) 6-1,9,90,4003,804
Australian Open,Grand Slam,2026/01/18,Hard,R64,3,Anastasia Potapova,Emma Raducanu,7-6(3) 6-2,54,29,1103,1563
Australian Open,Grand Slam,2026/01/18,Hard,R64,3,Aryna Sabalenka,Zhuoxuan Bai,6-3 6-1,1,697,10990,55
Australian Open,Grand Slam,2026/01/18,Hard,R64,3,Clara Tauson,Polina Kudermetova,6-3 3-6 7-5,14,150,2530,490
Australian Open,Grand Slam,2026/01/18,Hard,R64,3,Victoria Mboko,Caty Mcnally,6-4 6-3,17,83,2157,836
Australian Open,Grand Slam,2026/01/18,Hard,R64,3,Iva Jovic,Priscilla Hon,6-1 6-2,30,121,1520,620
Australian Open,Grand Slam,2026/01/18,Hard,R64,3,Jasmine Paolini,Magdalena Frech,6-2 6-3,7,57,4267,1073
Australian Open,Grand Slam,2026/01/18,Hard,R64,3,Yulia Putintseva,Elsa Jacquemot,6-1 6-2,105,58,741,1070
Australian Open,Grand Slam,2026/01/18,Hard,R64,3,Zeynep Sonmez,Anna Bondar,6-2 6-4,112,75,694,877
Australian Open,Grand Slam,2026/01/18,Hard,R64,3,Coco Gauff,Olga Danilovic,6-2 6-2,3,68,6423,957
Australian Open,Grand Slam,2026/01/18,Hard,R64,3,Hailey Baptiste,Storm Hunter,6-2 6-1,66,363,979,169
Australian Open,Grand Slam,2026/01/18,Hard,R64,3,Karolina Muchova,Alycia Parks,4-6 6-4 6-4,19,100,2083,760
Australian Open,Grand Slam,2026/01/18,Hard,R64,3,Magda Linette,Ann Li,6-3 6-3,53,38,1113,1316
Australian Open,Grand Slam,2026/01/18,Hard,R64,3,Diana Shnaider,Talia Gibson,3-6 7-5 6-3,23,119,1818,634
Australian Open,Grand Slam,2026/01/18,Hard,R64,3,Elina Svitolina,Linda Klimovicova,7-5 6-1,12,134,2856,538
Australian Open,Grand Slam,2026/01/18,Hard,R64,3,Elena Gabriela Ruse,Ajla Tomljanovic,6-4 6-4,79,76,849,851
Australian Open,Grand Slam,2026/01/18,Hard,R64,3,Mirra Andreeva,Maria Sakkari,6-0 6-4,8,52,4232,1133
Australian Open,Grand Slam,2026/01/18,Hard,R64,3,Elena Rybakina,Varvara Gracheva,7-5 6-2,5,74,5850,887
Australian Open,Grand Slam,2026/01/18,Hard,R64,3,Tereza Valentova,Linda Fruhvirtova,7-5 2-6 6-3,60,132,1036,548
Australian Open,Grand Slam,2026/01/18,Hard,R64,3,Elise Mertens,Moyuka Uchijima,6-3 6-1,21,87,1956,822
Australian Open,Grand Slam,2026/01/18,Hard,R64,3,Nikola Bartunkova,Belinda Bencic,6-3 0-6 6-4,126,10,582,3512
Australian Open,Grand Slam,2026/01/18,Hard,R64,3,Anna Kalinskaya,Julia Grabher,6-3 6-3,33,92,1483,799
Australian Open,Grand Slam,2026/01/18,Hard,R64,3,Iga Swiatek,Marie Bouzkova,6-2 6-3,2,45,8328,1184
Australian Open,Grand Slam,2026/01/18,Hard,R64,3,Maddison Inglis,Laura Siegemund,6-4 6-7(3) 7-6(7),167,47,418,1171
Australian Open,Grand Slam,2026/01/18,Hard,R64,3,Naomi Osaka,Sorana Cirstea,6-3 4-6 6-2,16,41,2366,1249
Australian Open,Grand Slam,2026/01/18,Hard,R64,3,Amanda Anisimova,Katerina Siniakova,6-1 6-4,4,46,6320,1172
Australian Open,Grand Slam,2026/01/18,Hard,R64,3,Peyton Stearns,Petra Marcinko,6-2 7-5,67,77,958,851
Australian Open,Grand Slam,2026/01/18,Hard,R64,3,Linda Noskova,Taylah Preston,6-2 4-6 6-2,13,204,2641,354
Australian Open,Grand Slam,2026/01/18,Hard,R64,3,Xinyu Wang,Jelena Ostapenko,4-6 6-4 6-4,43,24,1194,1741
Australian Open,Grand Slam,2026/01/18,Hard,R64,3,Jessica Pegula,Mccartney Kessler,6-0 6-2,6,36,5453,1335
Australian Open,Grand Slam,2026/01/18,Hard,R64,3,Oksana Selekhmeteva,Paula Badosa,6-4 6-4,98,26,766,1675
Australian Open,Grand Slam,2026/01/18,Hard,R64,3,Karolina Pliskova,Janice Tjen,6-4 6-4,1052,56,16,1075
Australian Open,Grand Slam,2026/01/18,Hard,R64,3,Madison Keys,Ashlyn Krueger,6-1 7-5,9,61,4003,1026
Australian Open,Grand Slam,2026/01/18,Hard,R32,3,Aryna Sabalenka,Anastasia Potapova,7-6(4) 7-6(7),1,54,10990,1103
Australian Open,Grand Slam,2026/01/18,Hard,R32,3,Victoria Mboko,Clara Tauson,7-6(5) 5-7 6-3,17,14,2157,2530
Australian Open,Grand Slam,2026/01/18,Hard,R32,3,Iva Jovic,Jasmine Paolini,6-2 7-6(3),30,7,1520,4267
Australian Open,Grand Slam,2026/01/18,Hard,R32,3,Yulia Putintseva,Zeynep Sonmez,6-3 6-7(3) 6-3,105,112,741,694
Australian Open,Grand Slam,2026/01/18,Hard,R32,3,Coco Gauff,Hailey Baptiste,3-6 6-0 6-3,3,66,6423,979
Australian Open,Grand Slam,2026/01/18,Hard,R32,3,Karolina Muchova,Magda Linette,6-1 6-1,19,53,2083,1113
Australian Open,Grand Slam,2026/01/18,Hard,R32,3,Elina Svitolina,Diana Shnaider,7-6(4) 6-3,12,23,2856,1818
Australian Open,Grand Slam,2026/01/18,Hard,R32,3,Mirra Andreeva,Elena Gabriela Ruse,6-3 6-4,8,79,4232,849
Australian Open,Grand Slam,2026/01/18,Hard,R32,3,Elena Rybakina,Tereza Valentova,6-2 6-3,5,60,5850,1036
Australian Open,Grand Slam,2026/01/18,Hard,R32,3,Elise Mertens,Nikola Bartunkova,6-0 6-4,21,126,1956,582
Australian Open,Grand Slam,2026/01/18,Hard,R32,3,Iga Swiatek,Anna Kalinskaya,6-1 1-6 6-1,2,33,8328,1483
Australian Open,Grand Slam,2026/01/18,Hard,R32,3,Maddison Inglis,Naomi Osaka,W/O,167,16,418,2366
Australian Open,Grand Slam,2026/01/18,Hard,R32,3,Amanda Anisimova,Peyton Stearns,6-1 6-4,4,67,6320,958
Australian Open,Grand Slam,2026/01/18,Hard,R32,3,Xinyu Wang,Linda Noskova,7-5 6-4,43,13,1194,2641
Australian Open,Grand Slam,2026/01/18,Hard,R32,3,Jessica Pegula,Oksana Selekhmeteva,6-3 6-2,6,98,5453,766
Australian Open,Grand Slam,2026/01/18,Hard,R32,3,Madison Keys,Karolina Pliskova,6-3 6-3,9,1052,4003,16
Australian Open,Grand Slam,2026/01/18,Hard,R16,3,Aryna Sabalenka,Victoria Mboko,6-1 7-6(1),1,17,10990,2157
Australian Open,Grand Slam,2026/01/18,Hard,R16,3,Iva Jovic,Yulia Putintseva,6-0 6-1,30,105,1520,741
Australian Open,Grand Slam,2026/01/18,Hard,R16,3,Coco Gauff,Karolina Muchova,6-1 3-6 6-3,3,19,6423,2083
Australian Open,Grand Slam,2026/01/18,Hard,R16,3,Elina Svitolina,Mirra Andreeva,6-2 6-4,12,8,2856,4232
Australian Open,Grand Slam,2026/01/18,Hard,R16,3,Elena Rybakina,Elise Mertens,6-1 6-3,5,21,5850,1956
Australian Open,Grand Slam,2026/01/18,Hard,R16,3,Iga Swiatek,Maddison Inglis,6-0 6-3,2,167,8328,418
Australian Open,Grand Slam,2026/01/18,Hard,R16,3,Amanda Anisimova,Xinyu Wang,7-6(4) 6-4,4,43,6320,1194
Australian Open,Grand Slam,2026/01/18,Hard,R16,3,Jessica Pegula,Madison Keys,6-3 6-4,6,9,5453,4003
Australian Open,Grand Slam,2026/01/18,Hard,QF,3,Aryna Sabalenka,Iva Jovic,6-3 6-0,1,30,10990,1520
Australian Open,Grand Slam,2026/01/18,Hard,QF,3,Elina Svitolina,Coco Gauff,6-1 6-2,12,3,2856,6423
Australian Open,Grand Slam,2026/01/18,Hard,QF,3,Elena Rybakina,Iga Swiatek,7-5 6-1,5,2,5850,8328
Australian Open,Grand Slam,2026/01/18,Hard,QF,3,Jessica Pegula,Amanda Anisimova,6-2 7-6(1),6,4,5453,6320
Australian Open,Grand Slam,2026/01/18,Hard,SF,3,Aryna Sabalenka,Elina Svitolina,6-2 6-3,1,12,10990,2856
Australian Open,Grand Slam,2026/01/18,Hard,SF,3,Elena Rybakina,Jessica Pegula,6-3 7-6(7),5,6,5850,5453
Australian Open,Grand Slam,2026/01/18,Hard,F,3,Elena Rybakina,Aryna Sabalenka,6-4 4-6 6-4,5,1,5850,10990
Ostrava,WTA 250,2026/02/01,Hard,R32,3,Katie Volynets,Linda Klimovicova,6-2 6-1,96,134,783,538
Ostrava,WTA 250,2026/02/01,Hard,R32,3,Alycia Parks,Julia Grabher,7-6(3) 6-2,99,95,770,799
Ostrava,WTA 250,2026/02/01,Hard,R32,3,Elina Avanesyan,Moyuka Uchijima,6-3 2-6 6-3,149,88,491,822
Ostrava,WTA 250,2026/02/01,Hard,R32,3,Rebecca Sramkova,Vendula Valdmannova,6-2 6-3,73,321,914,201
Ostrava,WTA 250,2026/02/01,Hard,R32,3,Linda Fruhvirtova,Mona Barthel,7-6(4) 6-4,132,229,548,319
Ostrava,WTA 250,2026/02/01,Hard,R32,3,Katie Boulter,Lucie Havlickova,6-4 3-6 6-1,113,281,684,243
Ostrava,WTA 250,2026/02/01,Hard,R32,3,Viktorija Golubic,Sinja Kraus,6-4 6-0,83,106,841,742
Ostrava,WTA 250,2026/02/01,Hard,R32,3,Panna Udvardy,Darja Vidmanova,7-5 6-3,90,142,819,509
Ostrava,WTA 250,2026/02/01,Hard,R32,3,Diane Parry,Oceane Dodin,6-1 6-4,122,682,615,59
Ostrava,WTA 250,2026/02/01,Hard,R32,3,Fiona Ferro,Brenda Fruhvirtova,6-1 6-1,369,819,168,38
Ostrava,WTA 250,2026/02/01,Hard,R32,3,Nikola Bartunkova,Anna Blinkova,6-4 6-4,126,64,582,1016
Ostrava,WTA 250,2026/02/01,Hard,R32,3,Caty Mcnally,Suzan Lamens,6-3 7-5,85,97,836,780
Ostrava,WTA 250,2026/02/01,Hard,R32,3,Tereza Martincova,Dalma Galfi,2-6 6-3 7-5,469,91,117,805
Ostrava,WTA 250,2026/02/01,Hard,R32,3,Tamara Korpatsch,Anna Siskova,6-4 6-4,124,260,590,274
Ostrava,WTA 250,2026/02/01,Hard,R16,3,Katie Volynets,Tatjana Maria,7-5 6-1,96,42,783,1232
Ostrava,WTA 250,2026/02/01,Hard,R16,3,Alycia Parks,Elina Avanesyan,6-4 6-2,99,149,770,491
Ostrava,WTA 250,2026/02/01,Hard,R16,3,Linda Fruhvirtova,Rebecca Sramkova,6-3 6-1,132,73,548,914
Ostrava,WTA 250,2026/02/01,Hard,R16,3,Katie Boulter,Viktorija Golubic,6-2 6-2,113,83,684,841
Ostrava,WTA 250,2026/02/01,Hard,R16,3,Diane Parry,Panna Udvardy,6-1 6-2,122,90,615,819
Ostrava,WTA 250,2026/02/01,Hard,R16,3,Nikola Bartunkova,Fiona Ferro,6-4 3-6 6-1,126,369,582,168
Ostrava,WTA 250,2026/02/01,Hard,R16,3,Caty Mcnally,Tereza Martincova,6-4 6-4,85,469,836,117
Ostrava,WTA 250,2026/02/01,Hard,R16,3,Tamara Korpatsch,Emiliana Arango,6-3 6-4,124,51,590,1149
Ostrava,WTA 250,2026/02/01,Hard,QF,3,Katie Volynets,Alycia Parks,5-7 6-4 6-2,96,99,783,770
Ostrava,WTA 250,2026/02/01,Hard,QF,3,Katie Boulter,Linda Fruhvirtova,6-3 6-2,113,132,684,548
Ostrava,WTA 250,2026/02/01,Hard,QF,3,Diane Parry,Nikola Bartunkova,6-1 6-3,122,126,615,582
Ostrava,WTA 250,2026/02/01,Hard,QF,3,Tamara Korpatsch,Caty Mcnally,6-4 6-2,124,85,590,836
Ostrava,WTA 250,2026/02/01,Hard,SF,3,Katie Boulter,Katie Volynets,6-1 6-3,113,96,684,783
Ostrava,WTA 250,2026/02/01,Hard,SF,3,Tamara Korpatsch,Diane Parry,6-4 6-4,124,122,590,615
Ostrava,WTA 250,2026/02/01,Hard,F,3,Katie Boulter,Tamara Korpatsch,5-7 6-2 6-1,113,124,684,590
Cluj-Napoca,WTA 250,2026/02/01,Hard,R32,3,Emma Raducanu,Greet Minnen,6-0 6-4,29,123,1607,591
Cluj-Napoca,WTA 250,2026/02/01,Hard,R32,3,Kaja Juvan,Elena Ruxandra Bertea,6-3 6-4,100,303,770,215
Cluj-Napoca,WTA 250,2026/02/01,Hard,R32,3,Maja Chwalinska,Ana Bogdan,6-3 6-2,145,517,503,99
Cluj-Napoca,WTA 250,2026/02/01,Hard,R32,3,Olga Danilovic,Miriam Bianca Bulgaru,6-4 6-3,69,199,981,364
Cluj-Napoca,WTA 250,2026/02/01,Hard,R32,3,Xinyu Wang,Kaitlin Quevedo,6-3 6-0,46,129,1197,553
Cluj-Napoca,WTA 250,2026/02/01,Hard,R32,3,Rebeka Masarova,Elena Gabriela Ruse,6-1 4-6 6-2,115,79,659,872
Cluj-Napoca,WTA 250,2026/02/01,Hard,R32,3,Oleksandra Oliynykova,Mayar Sherif,6-7(6) 6-4 6-4,92,109,804,715
Cluj-Napoca,WTA 250,2026/02/01,Hard,R32,3,Anna Bondar,Ella Seidel,4-6 7-6(6) 6-0,74,82,913,850
Cluj-Napoca,WTA 250,2026/02/01,Hard,R32,3,Anastasia Potapova,Lucia Bronzetti,5-7 6-4 7-5,55,107,1106,728
Cluj-Napoca,WTA 250,2026/02/01,Hard,R32,3,Anastasia Zakharova,Karolina Pliskova,4-6 6-2 6-2,105,1057,742,16
Cluj-Napoca,WTA 250,2026/02/01,Hard,R32,3,Tamara Zidansek,Veronika Erjavec,6-1 6-4,151,102,477,765
Cluj-Napoca,WTA 250,2026/02/01,Hard,R32,3,Sorana Cirstea,Kamilla Rakhimova,6-4 6-4,41,93,1249,802
Cluj-Napoca,WTA 250,2026/02/01,Hard,R32,3,Yue Yuan,Antonia Ruzic,6-4 5-7 6-2,130,65,552,1008
Cluj-Napoca,WTA 250,2026/02/01,Hard,R32,3,Sara Sorribes Tormo,Viktoriya Tomova,6-2 7-5,297,128,217,557
Cluj-Napoca,WTA 250,2026/02/01,Hard,R32,3,Daria Snigur,Tiantsoa Rakotomanga Rajaonah,6-3 6-3,136,118,526,640
Cluj-Napoca,WTA 250,2026/02/01,Hard,R32,3,Jaqueline Cristian,Lucrezia Stefanini,6-2 2-6 7-5,35,139,1427,518
Cluj-Napoca,WTA 250,2026/02/01,Hard,R16,3,Emma Raducanu,Kaja Juvan,7-5 6-1,29,100,1607,770
Cluj-Napoca,WTA 250,2026/02/01,Hard,R16,3,Maja Chwalinska,Olga Danilovic,6-1 1-6 6-2,145,69,503,981
Cluj-Napoca,WTA 250,2026/02/01,Hard,R16,3,Xinyu Wang,Rebeka Masarova,6-4 6-2,46,115,1197,659
Cluj-Napoca,WTA 250,2026/02/01,Hard,R16,3,Oleksandra Oliynykova,Anna Bondar,6-4 6-4,92,74,804,913
Cluj-Napoca,WTA 250,2026/02/01,Hard,R16,3,Anastasia Potapova,Anastasia Zakharova,1-6 6-4 6-3,55,105,1106,742
Cluj-Napoca,WTA 250,2026/02/01,Hard,R16,3,Sorana Cirstea,Tamara Zidansek,6-1 6-0,41,151,1249,477
Cluj-Napoca,WTA 250,2026/02/01,Hard,R16,3,Yue Yuan,Sara Sorribes Tormo,4-6 6-2 7-6(5),130,297,552,217
Cluj-Napoca,WTA 250,2026/02/01,Hard,R16,3,Daria Snigur,Jaqueline Cristian,6-1 6-0,136,35,526,1427
Cluj-Napoca,WTA 250,2026/02/01,Hard,QF,3,Emma Raducanu,Maja Chwalinska,6-0 6-4,29,145,1607,503
Cluj-Napoca,WTA 250,2026/02/01,Hard,QF,3,Oleksandra Oliynykova,Xinyu Wang,6-4 6-4,92,46,804,1197
Cluj-Napoca,WTA 250,2026/02/01,Hard,QF,3,Sorana Cirstea,Anastasia Potapova,7-5 6-4,41,55,1249,1106
Cluj-Napoca,WTA 250,2026/02/01,Hard,QF,3,Daria Snigur,Yue Yuan,4-6 6-0 7-5,136,130,526,552
Cluj-Napoca,WTA 250,2026/02/01,Hard,SF,3,Emma Raducanu,Oleksandra Oliynykova,7-5 3-6 6-3,29,92,1607,804
Cluj-Napoca,WTA 250,2026/02/01,Hard,SF,3,Sorana Cirstea,Daria Snigur,6-0 6-3,41,136,1249,526
Cluj-Napoca,WTA 250,2026/02/01,Hard,F,3,Sorana Cirstea,Emma Raducanu,6-0 6-2,41,29,1249,1607
Abu Dhabi,WTA 500,2026/02/01,Hard,R32,3,Sonay Kartal,Cristina Bucsa,6-3 7-6(8),66,52,1004,1134
Abu Dhabi,WTA 500,2026/02/01,Hard,R32,3,Sara Bejlek,Ashlyn Krueger,6-3 6-0,89,62,821,1026
Abu Dhabi,WTA 500,2026/02/01,Hard,R32,3,Jelena Ostapenko,Oksana Selekhmeteva,5-7 7-6(4) 6-2,24,101,1741,769
Abu Dhabi,WTA 500,2026/02/01,Hard,R32,3,Simona Waltert,Daria Kasatkina,7-6(5) 3-6 6-4,87,43,824,1227
Abu Dhabi,WTA 500,2026/02/01,Hard,R32,3,Mccartney Kessler,Anastasia Pavlyuchenkova,6-3 6-3,37,47,1335,1185
Abu Dhabi,WTA 500,2026/02/01,Hard,R32,3,Leylah Fernandez,Chloe Paquet,6-0 6-3,23,240,1821,303
Abu Dhabi,WTA 500,2026/02/01,Hard,R32,3,Liudmila Samsonova,Sofia Kenin,6-4 6-0,18,30,2122,1567
Abu Dhabi,WTA 500,2026/02/01,Hard,R32,3,Janice Tjen,Maya Joint,7-6(6) 3-6 6-3,59,31,1075,1549
Abu Dhabi,WTA 500,2026/02/01,Hard,R32,3,Hailey Baptiste,Teodora Kostovic,4-6 6-3 6-4,70,177,979,397
Abu Dhabi,WTA 500,2026/02/01,Hard,R32,3,Aliaksandra Sasnovich,Paula Badosa,6-4 3-6 6-1,104,26,755,1676
Abu Dhabi,WTA 500,2026/02/01,Hard,R32,3,Alexandra Eala,Zeynep Sonmez,6-4 6-3,49,112,1159,694
Abu Dhabi,WTA 500,2026/02/01,Hard,R32,3,Dayana Yastremska,Beatriz Haddad Maia,6-2 7-5,28,61,1610,1052
Abu Dhabi,WTA 500,2026/02/01,Hard,R16,3,Sonay Kartal,Renata Zarazua,6-0 6-3,66,80,1004,855
Abu Dhabi,WTA 500,2026/02/01,Hard,R16,3,Sara Bejlek,Jelena Ostapenko,6-4 6-3,89,24,821,1741
Abu Dhabi,WTA 500,2026/02/01,Hard,R16,3,Clara Tauson,Simona Waltert,6-3 6-1,14,87,2530,824
Abu Dhabi,WTA 500,2026/02/01,Hard,R16,3,Mccartney Kessler,Leylah Fernandez,6-3 6-2,37,23,1335,1821
Abu Dhabi,WTA 500,2026/02/01,Hard,R16,3,Liudmila Samsonova,Janice Tjen,6-2 6-2,18,59,2122,1075
Abu Dhabi,WTA 500,2026/02/01,Hard,R16,3,Hailey Baptiste,Emma Navarro,7-6(6) 0-6 6-3,70,15,979,2515
Abu Dhabi,WTA 500,2026/02/01,Hard,R16,3,Alexandra Eala,Aliaksandra Sasnovich,2-6 6-4 7-6(5),49,104,1159,755
Abu Dhabi,WTA 500,2026/02/01,Hard,R16,3,Ekaterina Alexandrova,Dayana Yastremska,6-3 6-0,11,28,3375,1610
Abu Dhabi,WTA 500,2026/02/01,Hard,QF,3,Sara Bejlek,Sonay Kartal,6-0 6-2,89,66,821,1004
Abu Dhabi,WTA 500,2026/02/01,Hard,QF,3,Clara Tauson,Mccartney Kessler,6-3 6-4,14,37,2530,1335
Abu Dhabi,WTA 500,2026/02/01,Hard,QF,3,Hailey Baptiste,Liudmila Samsonova,6-2 4-6 6-4,70,18,979,2122
Abu Dhabi,WTA 500,2026/02/01,Hard,QF,3,Ekaterina Alexandrova,Alexandra Eala,6-3 6-3,11,49,3375,1159
Abu Dhabi,WTA 500,2026/02/01,Hard,SF,3,Sara Bejlek,Clara Tauson,7-5 3-6 7-5,89,14,821,2530
Abu Dhabi,WTA 500,2026/02/01,Hard,SF,3,Ekaterina Alexandrova,Hailey Baptiste,3-6 7-6(5) 6-3,11,70,3375,979
Abu Dhabi,WTA 500,2026/02/01,Hard,F,3,Sara Bejlek,Ekaterina Alexandrova,7-6(5) 6-1,89,11,821,3375
Doha,WTA 1000,2026/02/08,Hard,R64,3,Xinyu Wang,Emiliana Arango,6-1 7-5,33,46,1356,1142
Doha,WTA 1000,2026/02/08,Hard,R64,3,Qinwen Zheng,Sofia Kenin,4-6 6-1 6-2,26,28,1658,1567
Doha,WTA 1000,2026/02/08,Hard,R64,3,Alycia Parks,Diana Shnaider,1-6 6-4 7-6(5),85,21,830,1953
Doha,WTA 1000,2026/02/08,Hard,R64,3,Victoria Mboko,Marie Bouzkova,7-5 6-2,13,37,2606,1285
Doha,WTA 1000,2026/02/08,Hard,R64,3,Vera Zvonareva,Peyton Stearns,2-6 6-2 6-3,584,50,82,1107
Doha,WTA 1000,2026/02/08,Hard,R64,3,Magda Linette,Sonay Kartal,6-4 3-6 6-3,39,61,1277,1004
Doha,WTA 1000,2026/02/08,Hard,R64,3,Elisabetta Cocciaretto,Elsa Jacquemot,7-6(4) 6-2,51,53,1099,1091
Doha,WTA 1000,2026/02/08,Hard,R64,3,Ann Li,Leylah Fernandez,6-4 6-3,41,25,1243,1701
Doha,WTA 1000,2026/02/08,Hard,R64,3,Magdalena Frech,Liudmila Samsonova,6-3 4-6 7-6(7),60,18,1033,2062
Doha,WTA 1000,2026/02/08,Hard,R64,3,Katerina Siniakova,Clara Tauson,6-4 6-1,40,16,1275,2345
Doha,WTA 1000,2026/02/08,Hard,R64,3,Camila Osorio,Emma Raducanu,2-6 6-4 2-0 RET,80,30,851,1547
Doha,WTA 1000,2026/02/08,Hard,R64,3,Jelena Ostapenko,Anastasia Zakharova,6-7(5) 6-3 6-4,24,107,1801,719
Doha,WTA 1000,2026/02/08,Hard,R64,3,Dayana Yastremska,Cristina Bucsa,6-4 4-6 7-6(5),43,57,1175,1069
Doha,WTA 1000,2026/02/08,Hard,R64,3,Anna Kalinskaya,Jessica Bouzas Maneiro,6-2 6-1,27,42,1575,1202
Doha,WTA 1000,2026/02/08,Hard,R64,3,Emma Navarro,Tatjana Maria,7-5 6-1,17,54,2095,1089
Doha,WTA 1000,2026/02/08,Hard,R64,3,Karolina Muchova,Jaqueline Cristian,6-2 6-3,19,35,2058,1307
Doha,WTA 1000,2026/02/08,Hard,R64,3,Tereza Valentova,Alexandra Eala,7-6(6) 6-1,44,45,1175,1163
Doha,WTA 1000,2026/02/08,Hard,R64,3,Karolina Pliskova,Solana Sierra,6-1 6-2,416,63,146,987
Doha,WTA 1000,2026/02/08,Hard,R64,3,Maria Sakkari,Zeynep Sonmez,6-1 6-3,49,79,1110,854
Doha,WTA 1000,2026/02/08,Hard,R64,3,Varvara Gracheva,Laura Siegemund,7-6(3) 6-4,73,48,887,1111
Doha,WTA 1000,2026/02/08,Hard,R64,3,Linda Noskova,Maya Joint,6-4 6-0,12,29,2761,1549
Doha,WTA 1000,2026/02/08,Hard,R64,3,Elise Mertens,Anastasia Pavlyuchenkova,6-2 6-1,22,100,1936,765
Doha,WTA 1000,2026/02/08,Hard,R64,3,Daria Kasatkina,Moyuka Uchijima,4-6 6-3 6-0,62,87,997,822
Doha,WTA 1000,2026/02/08,Hard,R64,3,Janice Tjen,Beatriz Haddad Maia,6-0 6-1,47,68,1139,932
Doha,WTA 1000,2026/02/08,Hard,R32,3,Elena Rybakina,Xinyu Wang,6-2 6-4,3,33,7610,1356
Doha,WTA 1000,2026/02/08,Hard,R32,3,Qinwen Zheng,Alycia Parks,7-6(4) 3-6 6-2,26,85,1658,830
Doha,WTA 1000,2026/02/08,Hard,R32,3,Victoria Mboko,Vera Zvonareva,6-4 6-4,13,584,2606,82
Doha,WTA 1000,2026/02/08,Hard,R32,3,Mirra Andreeva,Magda Linette,7-6(0) 6-1,7,39,4731,1277
Doha,WTA 1000,2026/02/08,Hard,R32,3,Elisabetta Cocciaretto,Coco Gauff,6-4 6-2,51,5,1099,6423
Doha,WTA 1000,2026/02/08,Hard,R32,3,Ann Li,Magdalena Frech,6-3 6-4,41,60,1243,1033
Doha,WTA 1000,2026/02/08,Hard,R32,3,Camila Osorio,Katerina Siniakova,6-2 5-7 6-3,80,40,851,1275
Doha,WTA 1000,2026/02/08,Hard,R32,3,Jelena Ostapenko,Ekaterina Alexandrova,6-4 6-2,24,11,1801,2983
Doha,WTA 1000,2026/02/08,Hard,R32,3,Elina Svitolina,Dayana Yastremska,6-1 6-4,10,43,3205,1175
Doha,WTA 1000,2026/02/08,Hard,R32,3,Anna Kalinskaya,Emma Navarro,7-5 2-6 6-2,27,17,1575,2095
Doha,WTA 1000,2026/02/08,Hard,R32,3,Karolina Muchova,Tereza Valentova,6-1 6-4,19,44,2058,1175
Doha,WTA 1000,2026/02/08,Hard,R32,3,Karolina Pliskova,Amanda Anisimova,5-7 7-6(3) 4-1 RET,416,4,146,6680
Doha,WTA 1000,2026/02/08,Hard,R32,3,Maria Sakkari,Jasmine Paolini,6-4 6-2,49,8,1110,4267
Doha,WTA 1000,2026/02/08,Hard,R32,3,Varvara Gracheva,Linda Noskova,6-2 2-6 7-5,73,12,887,2761
Doha,WTA 1000,2026/02/08,Hard,R32,3,Daria Kasatkina,Elise Mertens,6-4 6-0,62,22,997,1936
Doha,WTA 1000,2026/02/08,Hard,R32,3,Iga Swiatek,Janice Tjen,6-0 6-3,2,47,7978,1139
Doha,WTA 1000,2026/02/08,Hard,R16,3,Elena Rybakina,Qinwen Zheng,4-6 6-2 7-5,3,26,7610,1658
Doha,WTA 1000,2026/02/08,Hard,R16,3,Victoria Mboko,Mirra Andreeva,6-3 3-6 7-6(5),13,7,2606,4731
Doha,WTA 1000,2026/02/08,Hard,R16,3,Elisabetta Cocciaretto,Ann Li,7-6(5) 5-7 6-4,51,41,1099,1243
Doha,WTA 1000,2026/02/08,Hard,R16,3,Jelena Ostapenko,Camila Osorio,6-3 6-1,24,80,1801,851
Doha,WTA 1000,2026/02/08,Hard,R16,3,Anna Kalinskaya,Elina Svitolina,6-4 6-3,27,10,1575,3205
Doha,WTA 1000,2026/02/08,Hard,R16,3,Karolina Muchova,Karolina Pliskova,5-2 RET,19,416,2058,146
Doha,WTA 1000,2026/02/08,Hard,R16,3,Maria Sakkari,Varvara Gracheva,7-6(3) 6-0,49,73,1110,887
Doha,WTA 1000,2026/02/08,Hard,R16,3,Iga Swiatek,Daria Kasatkina,5-7 6-1 6-1,2,62,7978,997
Doha,WTA 1000,2026/02/08,Hard,QF,3,Victoria Mboko,Elena Rybakina,7-5 4-6 6-4,13,3,2606,7610
Doha,WTA 1000,2026/02/08,Hard,QF,3,Jelena Ostapenko,Elisabetta Cocciaretto,7-5 6-4,24,51,1801,1099
Doha,WTA 1000,2026/02/08,Hard,QF,3,Karolina Muchova,Anna Kalinskaya,6-3 6-4,19,27,2058,1575
Doha,WTA 1000,2026/02/08,Hard,QF,3,Maria Sakkari,Iga Swiatek,2-6 6-4 7-5,49,2,1110,7978
Doha,WTA 1000,2026/02/08,Hard,SF,3,Victoria Mboko,Jelena Ostapenko,6-3 6-2,13,24,2606,1801
Doha,WTA 1000,2026/02/08,Hard,SF,3,Karolina Muchova,Maria Sakkari,3-6 6-4 6-1,19,49,2058,1110
Doha,WTA 1000,2026/02/08,Hard,F,3,Karolina Muchova,Victoria Mboko,6-4 7-5,19,13,2058,2606
Dubai,WTA 1000,2026/02/15,Hard,R64,3,Barbora Krejcikova,Anastasia Pavlyuchenkova,6-4 6-4,53,110,1091,706
Dubai,WTA 1000,2026/02/15,Hard,R64,3,Janice Tjen,Dayana Yastremska,6-4 6-1,46,42,1185,1225
Dubai,WTA 1000,2026/02/15,Hard,R64,3,Leylah Fernandez,Liudmila Samsonova,5-7 7-5 6-3,27,17,1653,2116
Dubai,WTA 1000,2026/02/15,Hard,R64,3,Jaqueline Cristian,Petra Marcinko,6-1 6-1,36,69,1307,912
Dubai,WTA 1000,2026/02/15,Hard,R64,3,Ella Seidel,Cristina Bucsa,6-1 6-4,100,56,777,1069
Dubai,WTA 1000,2026/02/15,Hard,R64,3,Daria Kasatkina,Laura Siegemund,6-2 6-3,61,51,997,1111
Dubai,WTA 1000,2026/02/15,Hard,R64,3,Varvara Gracheva,Rebecca Sramkova,7-5 1-6 6-4,73,82,887,848
Dubai,WTA 1000,2026/02/15,Hard,R64,3,Diana Shnaider,Maya Joint,6-4 6-1,21,30,1953,1549
Dubai,WTA 1000,2026/02/15,Hard,R64,3,Iva Jovic,Kamilla Rakhimova,6-1 1-6 6-1,20,92,2031,802
Dubai,WTA 1000,2026/02/15,Hard,R64,3,Clara Tauson,Sofia Kenin,7-6(4) 6-2,14,29,2530,1567
Dubai,WTA 1000,2026/02/15,Hard,R64,3,Peyton Stearns,Magdalena Frech,6-4 6-2,55,59,1078,1033
Dubai,WTA 1000,2026/02/15,Hard,R64,3,Magda Linette,Lulu Sun,4-6 6-4 6-1,47,99,1179,780
Dubai,WTA 1000,2026/02/15,Hard,R64,3,Alexandra Eala,Hailey Baptiste,6-4 0-1 RET,40,39,1244,1264
Dubai,WTA 1000,2026/02/15,Hard,R64,3,Sorana Cirstea,Aliaksandra Sasnovich,6-3 7-6(6),31,114,1499,673
Dubai,WTA 1000,2026/02/15,Hard,R64,3,Linda Noskova,Ann Li,6-3 5-7 6-4,12,41,2626,1243
Dubai,WTA 1000,2026/02/15,Hard,R64,3,Emma Navarro,Elena Gabriela Ruse,6-4 7-5,18,72,2095,892
Dubai,WTA 1000,2026/02/15,Hard,R64,3,Elise Mertens,Marie Bouzkova,6-2 6-2,22,37,1936,1285
Dubai,WTA 1000,2026/02/15,Hard,R64,3,Anna Kalinskaya,Jelena Ostapenko,2-6 6-1 6-4,28,24,1575,1860
Dubai,WTA 1000,2026/02/15,Hard,R64,3,Paula Badosa,Katerina Siniakova,6-3 7-5,64,44,966,1207
Dubai,WTA 1000,2026/02/15,Hard,R64,3,Sara Bejlek,Zeynep Sonmez,6-2 6-2,38,85,1277,843
Dubai,WTA 1000,2026/02/15,Hard,R64,3,Belinda Bencic,Jessica Bouzas Maneiro,2-6 6-1 6-2,11,45,2843,1202
Dubai,WTA 1000,2026/02/15,Hard,R64,3,Anastasia Zakharova,Moyuka Uchijima,6-2 6-4,105,88,737,810
Dubai,WTA 1000,2026/02/15,Hard,R64,3,Antonia Ruzic,Emma Raducanu,6-1 5-7 6-2,66,25,933,1700
Dubai,WTA 1000,2026/02/15,Hard,R64,3,Kimberly Birrell,Tatjana Maria,6-4 3-6 7-5,96,54,789,1089
Dubai,WTA 1000,2026/02/15,Hard,R32,3,Amanda Anisimova,Barbora Krejcikova,W/O,4,53,6680,1091
Dubai,WTA 1000,2026/02/15,Hard,R32,3,Janice Tjen,Leylah Fernandez,7-6(5) 6-4,46,27,1185,1653
Dubai,WTA 1000,2026/02/15,Hard,R32,3,Jaqueline Cristian,Ella Seidel,6-0 RET,36,100,1307,777
Dubai,WTA 1000,2026/02/15,Hard,R32,3,Mirra Andreeva,Daria Kasatkina,W/O,7,61,4731,997
Dubai,WTA 1000,2026/02/15,Hard,R32,3,Jessica Pegula,Varvara Gracheva,6-4 6-0,6,73,6103,887
Dubai,WTA 1000,2026/02/15,Hard,R32,3,Iva Jovic,Diana Shnaider,6-4 1-6 6-0,20,21,2031,1953
Dubai,WTA 1000,2026/02/15,Hard,R32,3,Clara Tauson,Peyton Stearns,6-2 6-4,14,55,2530,1078
Dubai,WTA 1000,2026/02/15,Hard,R32,3,Magda Linette,Ekaterina Alexandrova,6-2 4-6 6-1,47,10,1179,3200
Dubai,WTA 1000,2026/02/15,Hard,R32,3,Alexandra Eala,Jasmine Paolini,6-1 7-6(5),40,8,1244,4267
Dubai,WTA 1000,2026/02/15,Hard,R32,3,Sorana Cirstea,Linda Noskova,6-1 6-4,31,12,1499,2626
Dubai,WTA 1000,2026/02/15,Hard,R32,3,Elise Mertens,Emma Navarro,6-2 6-2,22,18,1936,2095
Dubai,WTA 1000,2026/02/15,Hard,R32,3,Coco Gauff,Anna Kalinskaya,6-4 6-4,5,28,6423,1575
Dubai,WTA 1000,2026/02/15,Hard,R32,3,Elina Svitolina,Paula Badosa,6-4 RET,9,64,3205,966
Dubai,WTA 1000,2026/02/15,Hard,R32,3,Belinda Bencic,Sara Bejlek,W/O,11,38,2843,1277
Dubai,WTA 1000,2026/02/15,Hard,R32,3,Antonia Ruzic,Anastasia Zakharova,6-1 6-7(2) 6-1,66,105,933,737
Dubai,WTA 1000,2026/02/15,Hard,R32,3,Elena Rybakina,Kimberly Birrell,6-1 6-2,3,96,7523,789
Dubai,WTA 1000,2026/02/15,Hard,R16,3,Amanda Anisimova,Janice Tjen,6-1 6-3,4,46,6680,1185
Dubai,WTA 1000,2026/02/15,Hard,R16,3,Mirra Andreeva,Jaqueline Cristian,7-5 6-3,7,36,4731,1307
Dubai,WTA 1000,2026/02/15,Hard,R16,3,Jessica Pegula,Iva Jovic,6-4 6-2,6,20,6103,2031
Dubai,WTA 1000,2026/02/15,Hard,R16,3,Clara Tauson,Magda Linette,6-4 6-2,14,47,2530,1179
Dubai,WTA 1000,2026/02/15,Hard,R16,3,Sorana Cirstea,Alexandra Eala,6-1 6-4,31,40,1499,1244
Dubai,WTA 1000,2026/02/15,Hard,R16,3,Coco Gauff,Elise Mertens,2-6 7-6(9) 6-3,5,22,6423,1936
Dubai,WTA 1000,2026/02/15,Hard,R16,3,Elina Svitolina,Belinda Bencic,4-6 6-1 6-3,9,11,3205,2843
Dubai,WTA 1000,2026/02/15,Hard,R16,3,Antonia Ruzic,Elena Rybakina,5-7 6-4 1-0 RET,66,3,933,7523
Dubai,WTA 1000,2026/02/15,Hard,QF,3,Amanda Anisimova,Mirra Andreeva,2-6 7-5 7-6(4),4,7,6680,4731
Dubai,WTA 1000,2026/02/15,Hard,QF,3,Jessica Pegula,Clara Tauson,6-3 2-6 6-4,6,14,6103,2530
Dubai,WTA 1000,2026/02/15,Hard,QF,3,Coco Gauff,Sorana Cirstea,6-0 6-2,5,31,6423,1499
Dubai,WTA 1000,2026/02/15,Hard,QF,3,Elina Svitolina,Antonia Ruzic,3-6 6-2 6-3,9,66,3205,933
Dubai,WTA 1000,2026/02/15,Hard,SF,3,Jessica Pegula,Amanda Anisimova,1-6 6-4 6-3,6,4,6103,6680
Dubai,WTA 1000,2026/02/15,Hard,SF,3,Elina Svitolina,Coco Gauff,6-4 6-7(13) 6-4,9,5,3205,6423
Dubai,WTA 1000,2026/02/15,Hard,F,3,Jessica Pegula,Elina Svitolina,6-2 6-4,6,9,6103,3205
Austin,WTA 250,2026/02/23,Hard,R32,3,Yue Yuan,Rebecca Sramkova,4-6 7-5 6-1,128,102,607,758
Austin,WTA 250,2026/02/23,Hard,R32,3,Dalma Galfi,Bianca Andreescu,6-3 5-7 6-4,87,164,821,443
Austin,WTA 250,2026/02/23,Hard,R32,3,Anastasia Zakharova,Mary Stoiana,3-6 6-2 6-4,88,176,819,399
Austin,WTA 250,2026/02/23,Hard,R32,3,Ashlyn Krueger,Caty Mcnally,6-1 7-6(5),103,67,752,928
Austin,WTA 250,2026/02/23,Hard,R32,3,Rebeka Masarova,Xinyu Wang,6-3 6-2,120,30,660,1438
Austin,WTA 250,2026/02/23,Hard,R32,3,Whitney Osuigwe,Elizabeth Mandlik,2-6 6-3 6-1,163,174,444,408
Austin,WTA 250,2026/02/23,Hard,R32,3,Nikola Bartunkova,Katie Volynets,6-4 7-5,107,96,728,786
Austin,WTA 250,2026/02/23,Hard,R32,3,Taylor Townsend,Linda Fruhvirtova,4-6 7-6(3) 7-5,119,121,666,657
Austin,WTA 250,2026/02/23,Hard,R32,3,Kamilla Rakhimova,Anna Bondar,6-3 7-5,92,65,802,978
Austin,WTA 250,2026/02/23,Hard,R32,3,Oksana Selekhmeteva,Alycia Parks,6-4 3-6 6-3,76,95,878,789
Austin,WTA 250,2026/02/23,Hard,R32,3,Kaja Juvan,Claire Liu,6-4 7-6(1),93,214,796,338
Austin,WTA 250,2026/02/23,Hard,R32,3,Peyton Stearns,Francesca Jones,3-6 6-3 6-2,62,73,988,890
Austin,WTA 250,2026/02/23,Hard,R32,3,Kimberly Birrell,Petra Marcinko,0-6 6-3 6-4,80,70,857,902
Austin,WTA 250,2026/02/23,Hard,R32,3,Caroline Dolehide,Lulu Sun,6-2 6-3,126,98,627,780
Austin,WTA 250,2026/02/23,Hard,R32,3,Ajla Tomljanovic,Venus Williams,6-4 6-1,74,560,881,92
Austin,WTA 250,2026/02/23,Hard,R32,3,Iva Jovic,Anna Blinkova,6-3 6-4,18,84,2095,848
Austin,WTA 250,2026/02/23,Hard,R16,3,Yue Yuan,Dalma Galfi,6-3 6-2,128,87,607,821
Austin,WTA 250,2026/02/23,Hard,R16,3,Ashlyn Krueger,Anastasia Zakharova,7-5 6-3,103,88,752,819
Austin,WTA 250,2026/02/23,Hard,R16,3,Rebeka Masarova,Whitney Osuigwe,7-6(2) 6-3,120,163,660,444
Austin,WTA 250,2026/02/23,Hard,R16,3,Taylor Townsend,Nikola Bartunkova,6-1 6-4,119,107,666,728
Austin,WTA 250,2026/02/23,Hard,R16,3,Oksana Selekhmeteva,Kamilla Rakhimova,6-2 7-5,76,92,878,802
Austin,WTA 250,2026/02/23,Hard,R16,3,Peyton Stearns,Kaja Juvan,6-0 6-2,62,93,988,796
Austin,WTA 250,2026/02/23,Hard,R16,3,Kimberly Birrell,Caroline Dolehide,6-4 6-2,80,126,857,627
Austin,WTA 250,2026/02/23,Hard,R16,3,Ajla Tomljanovic,Iva Jovic,4-6 6-4 6-4,74,18,881,2095
Austin,WTA 250,2026/02/23,Hard,QF,3,Ashlyn Krueger,Yue Yuan,7-6(5) 6-4,103,128,752,607
Austin,WTA 250,2026/02/23,Hard,QF,3,Taylor Townsend,Rebeka Masarova,5-7 6-2 6-2,119,120,666,660
Austin,WTA 250,2026/02/23,Hard,QF,3,Peyton Stearns,Oksana Selekhmeteva,6-1 5-7 7-5,62,76,988,878
Austin,WTA 250,2026/02/23,Hard,QF,3,Kimberly Birrell,Ajla Tomljanovic,6-3 6-3,80,74,857,881
Austin,WTA 250,2026/02/23,Hard,SF,3,Taylor Townsend,Ashlyn Krueger,7-6(6) 6-3,119,103,666,752
Austin,WTA 250,2026/02/23,Hard,SF,3,Peyton Stearns,Kimberly Birrell,6-3 3-6 6-2,62,80,988,857
Austin,WTA 250,2026/02/23,Hard,F,3,Peyton Stearns,Taylor Townsend,7-6(8) 7-5,62,119,988,666
Merida,WTA 500,2026/02/23,Hard,F,3,Cristina Bucsa,Magdalena Frech,6-1 4-6 6-4,63,57,984,1053
Merida,WTA 500,2026/02/23,Hard,SF,3,Cristina Bucsa,Jasmine Paolini,7-5 6-4,63,7,984,4047
Merida,WTA 500,2026/02/23,Hard,SF,3,Magdalena Frech,Shuai Zhang,6-2 6-7(6) 6-3,57,86,1053,821
Merida,WTA 500,2026/02/23,Hard,QF,3,Jasmine Paolini,Katie Boulter,0-6 6-3 6-3,7,69,4047,904
Merida,WTA 500,2026/02/23,Hard,QF,3,Cristina Bucsa,Zeynep Sonmez,6-3 6-4,63,81,984,851
Merida,WTA 500,2026/02/23,Hard,QF,3,Magdalena Frech,Marie Bouzkova,6-3 4-6 6-3,57,34,1053,1347
Merida,WTA 500,2026/02/23,Hard,QF,3,Shuai Zhang,Victoria Jimenez Kasintseva,6-1 6-3,86,122,821,657
Merida,WTA 500,2026/02/23,Hard,R16,3,Jasmine Paolini,Priscilla Hon,6-0 6-2,7,136,4047,555
Merida,WTA 500,2026/02/23,Hard,R16,3,Katie Boulter,Camila Osorio,6-3 RET,69,61,904,991
Merida,WTA 500,2026/02/23,Hard,R16,3,Zeynep Sonmez,Ann Li,3-6 7-6(7) 6-4,81,39,851,1333
Merida,WTA 500,2026/02/23,Hard,R16,3,Cristina Bucsa,Marina Stakusic,7-6(1) 6-3,63,142,984,542
Merida,WTA 500,2026/02/23,Hard,R16,3,Magdalena Frech,Jessica Bouzas Maneiro,6-0 6-3,57,48,1053,1202
Merida,WTA 500,2026/02/23,Hard,R16,3,Marie Bouzkova,Emiliana Arango,2-6 6-1 2-0 RET,34,59,1347,1027
Merida,WTA 500,2026/02/23,Hard,R16,3,Victoria Jimenez Kasintseva,Magda Linette,5-7 7-6(5) 7-5,122,47,657,1234
Merida,WTA 500,2026/02/23,Hard,R16,3,Emma Navarro,Shuai Zhang,6-4 6-4,20,86,2045,821
Merida,WTA 500,2026/02/23,Hard,R32,3,Priscilla Hon,Renata Zarazua,6-2 2-6 6-4,136,89,555,814
Merida,WTA 500,2026/02/23,Hard,R32,3,Katie Boulter,Beatriz Haddad Maia,6-4 6-4,69,66,904,942
Merida,WTA 500,2026/02/23,Hard,R32,3,Camila Osorio,Janice Tjen,6-4 6-3,61,36,991,1341
Merida,WTA 500,2026/02/23,Hard,R32,3,Zeynep Sonmez,Cadence Brace,6-2 6-0,81,204,851,359
Merida,WTA 500,2026/02/23,Hard,R32,3,Cristina Bucsa,Donna Vekic,6-3 6-2,63,100,984,768
Merida,WTA 500,2026/02/23,Hard,R32,3,Marina Stakusic,Dayana Yastremska,6-4 6-3,142,49,542,1170
Merida,WTA 500,2026/02/23,Hard,R32,3,Jessica Bouzas Maneiro,Heather Watson,6-3 6-1,48,281,1202,241
Merida,WTA 500,2026/02/23,Hard,R32,3,Magdalena Frech,Maria Timofeeva,6-4 7-6(6),57,155,1053,463
Merida,WTA 500,2026/02/23,Hard,R32,3,Emiliana Arango,Anastasia Potapova,7-6(0) 6-2,59,91,1027,810
Merida,WTA 500,2026/02/23,Hard,R32,3,Magda Linette,Tatjana Maria,7-6(3) 6-3,47,55,1234,1079
Merida,WTA 500,2026/02/23,Hard,R32,3,Victoria Jimenez Kasintseva,Yulia Putintseva,6-4 1-6 6-4,122,77,657,871
Merida,WTA 500,2026/02/23,Hard,R32,3,Shuai Zhang,Varvara Lepchenko,6-2 6-1,86,152,821,483
Indian Wells,WTA 1000,2026/03/04,Hard,R128,3,Himeno Sakatsume,Alycia Parks,6-4 6-3,136,96,556,789
Indian Wells,WTA 1000,2026/03/04,Hard,R128,3,Jaqueline Cristian,Janice Tjen,4-6 6-4 7-6(6),35,39,1367,1341
Indian Wells,WTA 1000,2026/03/04,Hard,R128,3,Camila Osorio,Sloane Stephens,6-4 6-1,61,780,1041,43
Indian Wells,WTA 1000,2026/03/04,Hard,R128,3,Victoria Jimenez Kasintseva,Caty Mcnally,6-2 6-7(4) 6-4,97,68,788,928
Indian Wells,WTA 1000,2026/03/04,Hard,R128,3,Kimberly Birrell,Oksana Selekhmeteva,6-1 6-4,69,71,925,917
Indian Wells,WTA 1000,2026/03/04,Hard,R128,3,Zeynep Sonmez,Mccartney Kessler,7-6(7) 6-0,80,51,851,1193
Indian Wells,WTA 1000,2026/03/04,Hard,R128,3,Anastasia Zakharova,Ella Seidel,6-2 6-2,86,83,831,847
Indian Wells,WTA 1000,2026/03/04,Hard,R128,3,Anna Blinkova,Dalma Galfi,6-4 7-5,94,84,795,838
Indian Wells,WTA 1000,2026/03/04,Hard,R128,3,Kamilla Rakhimova,Bianca Andreescu,6-7(6) 6-0 6-1,88,165,814,444
Indian Wells,WTA 1000,2026/03/04,Hard,R128,3,Dayana Yastremska,Shuai Zhang,6-3 6-2,52,62,1170,1039
Indian Wells,WTA 1000,2026/03/04,Hard,R128,3,Sorana Cirstea,Tatjana Maria,6-4 4-6 6-3,38,59,1344,1069
Indian Wells,WTA 1000,2026/03/04,Hard,R128,3,Jessica Bouzas Maneiro,Beatriz Haddad Maia,6-1 6-7(1) 6-1,50,67,1202,942
Indian Wells,WTA 1000,2026/03/04,Hard,R128,3,Talia Gibson,Ann Li,6-3 7-5,112,41,721,1333
Indian Wells,WTA 1000,2026/03/04,Hard,R128,3,Yulia Putintseva,Paula Badosa,6-4 6-2,76,106,871,738
Indian Wells,WTA 1000,2026/03/04,Hard,R128,3,Ajla Tomljanovic,Elena Gabriela Ruse,7-5 6-2,85,74,837,892
Indian Wells,WTA 1000,2026/03/04,Hard,R128,3,Anastasia Potapova,Marina Stakusic,4-6 6-1 7-5,91,130,810,601
Indian Wells,WTA 1000,2026/03/04,Hard,R128,3,Donna Vekic,Tereza Valentova,7-6(4) 7-6(4),103,47,768,1256
Indian Wells,WTA 1000,2026/03/04,Hard,R128,3,Katie Volynets,Rebecca Sramkova,6-1 0-0 RET,98,118,786,680
Indian Wells,WTA 1000,2026/03/04,Hard,R128,3,Cristina Bucsa,Darja Vidmanova,6-4 6-0,31,122,1436,667
Indian Wells,WTA 1000,2026/03/04,Hard,R128,3,Storm Hunter,Magdalena Frech,3-6 7-5 6-3,234,36,301,1348
Indian Wells,WTA 1000,2026/03/04,Hard,R128,3,Diane Parry,Venus Williams,6-3 6-7(1) 6-1,111,554,724,93
Indian Wells,WTA 1000,2026/03/04,Hard,R128,3,Sonay Kartal,Lanlana Tararudee,6-4 6-4,54,124,1127,632
Indian Wells,WTA 1000,2026/03/04,Hard,R128,3,Taylor Townsend,Marie Bouzkova,6-2 6-1,87,33,829,1425
Indian Wells,WTA 1000,2026/03/04,Hard,R128,3,Hailey Baptiste,Emiliana Arango,2-6 6-2 6-3,43,108,1274,737
Indian Wells,WTA 1000,2026/03/04,Hard,R128,3,Solana Sierra,Peyton Stearns,7-5 7-5,65,48,980,1237
Indian Wells,WTA 1000,2026/03/04,Hard,R128,3,Katerina Siniakova,Sofia Kenin,1-6 6-4 6-1,44,45,1269,1267
Indian Wells,WTA 1000,2026/03/04,Hard,R128,3,Ashlyn Krueger,Magda Linette,6-1 6-4,82,49,849,1234
Indian Wells,WTA 1000,2026/03/04,Hard,R128,3,Laura Siegemund,Petra Marcinko,3-6 6-3 6-4,55,72,1110,902
Indian Wells,WTA 1000,2026/03/04,Hard,R128,3,Anna Bondar,Elsa Jacquemot,7-6(5) 7-5,66,63,978,1026
Indian Wells,WTA 1000,2026/03/04,Hard,R128,3,Antonia Ruzic,Jennifer Brady,3-6 6-4 6-2,57,801,1075,40
Indian Wells,WTA 1000,2026/03/04,Hard,R128,3,Lilli Tagger,Varvara Gracheva,6-2 6-4,119,58,673,1072
Indian Wells,WTA 1000,2026/03/04,Hard,R128,3,Kayla Day,Francesca Jones,6-3 6-1,187,93,386,806
Indian Wells,WTA 1000,2026/03/04,Hard,R64,3,Aryna Sabalenka,Himeno Sakatsume,6-4 6-2,1,136,10675,556
Indian Wells,WTA 1000,2026/03/04,Hard,R64,3,Jaqueline Cristian,Maya Joint,0-6 6-2 7-5,35,29,1367,1465
Indian Wells,WTA 1000,2026/03/04,Hard,R64,3,Camila Osorio,Iva Jovic,4-6 7-6(4) 6-3,61,18,1041,2095
Indian Wells,WTA 1000,2026/03/04,Hard,R64,3,Naomi Osaka,Victoria Jimenez Kasintseva,7-5 6-2,16,97,2324,788
Indian Wells,WTA 1000,2026/03/04,Hard,R64,3,Victoria Mboko,Kimberly Birrell,6-4 7-6(5),10,69,3211,925
Indian Wells,WTA 1000,2026/03/04,Hard,R64,3,Anna Kalinskaya,Zeynep Sonmez,6-4 7-6(4),22,80,1813,851
Indian Wells,WTA 1000,2026/03/04,Hard,R64,3,Emma Raducanu,Anastasia Zakharova,6-1 6-3,24,86,1645,831
Indian Wells,WTA 1000,2026/03/04,Hard,R64,3,Amanda Anisimova,Anna Blinkova,5-7 6-1 6-0,6,94,6070,795
Indian Wells,WTA 1000,2026/03/04,Hard,R64,3,Coco Gauff,Kamilla Rakhimova,6-3 7-6(5),4,88,6803,814
Indian Wells,WTA 1000,2026/03/04,Hard,R64,3,Alexandra Eala,Dayana Yastremska,7-5 4-6 7-5,32,52,1432,1170
Indian Wells,WTA 1000,2026/03/04,Hard,R64,3,Sorana Cirstea,Diana Shnaider,6-2 7-6(0),38,20,1344,1953
Indian Wells,WTA 1000,2026/03/04,Hard,R64,3,Linda Noskova,Jessica Bouzas Maneiro,6-3 6-3,14,50,2421,1202
Indian Wells,WTA 1000,2026/03/04,Hard,R64,3,Talia Gibson,Ekaterina Alexandrova,6-3 7-5,112,11,721,2918
Indian Wells,WTA 1000,2026/03/04,Hard,R64,3,Clara Tauson,Yulia Putintseva,7-6(9) 6-2,17,76,2095,871
Indian Wells,WTA 1000,2026/03/04,Hard,R64,3,Ajla Tomljanovic,Xinyu Wang,6-3 6-1,85,30,837,1438
Indian Wells,WTA 1000,2026/03/04,Hard,R64,3,Jasmine Paolini,Anastasia Potapova,6-7(5) 6-2 6-3,7,91,4232,810
Indian Wells,WTA 1000,2026/03/04,Hard,R64,3,Jessica Pegula,Donna Vekic,4-6 6-2 6-3,5,103,6583,768
Indian Wells,WTA 1000,2026/03/04,Hard,R64,3,Jelena Ostapenko,Katie Volynets,6-4 7-6(5),26,98,1600,786
Indian Wells,WTA 1000,2026/03/04,Hard,R64,3,Elise Mertens,Cristina Bucsa,6-2 6-1,21,31,1936,1436
Indian Wells,WTA 1000,2026/03/04,Hard,R64,3,Belinda Bencic,Storm Hunter,6-3 6-2,12,234,2898,301
Indian Wells,WTA 1000,2026/03/04,Hard,R64,3,Madison Keys,Diane Parry,6-4 6-3,15,111,2351,724
Indian Wells,WTA 1000,2026/03/04,Hard,R64,3,Sonay Kartal,Emma Navarro,6-1 3-6 7-6(2),54,25,1127,1605
Indian Wells,WTA 1000,2026/03/04,Hard,R64,3,Marta Kostyuk,Taylor Townsend,6-3 6-2,28,87,1583,829
Indian Wells,WTA 1000,2026/03/04,Hard,R64,3,Elena Rybakina,Hailey Baptiste,7-6(5) 2-6 6-2,3,43,7253,1274
Indian Wells,WTA 1000,2026/03/04,Hard,R64,3,Mirra Andreeva,Solana Sierra,6-0 6-0,8,65,4001,980
Indian Wells,WTA 1000,2026/03/04,Hard,R64,3,Katerina Siniakova,Leylah Fernandez,5-7 6-4 7-6(1),44,27,1269,1598
Indian Wells,WTA 1000,2026/03/04,Hard,R64,3,Ashlyn Krueger,Liudmila Samsonova,3-6 7-5 6-2,82,19,849,2050
Indian Wells,WTA 1000,2026/03/04,Hard,R64,3,Elina Svitolina,Laura Siegemund,7-6(5) 4-6 6-3,9,55,3845,1110
Indian Wells,WTA 1000,2026/03/04,Hard,R64,3,Karolina Muchova,Anna Bondar,7-5 6-2,13,66,2668,978
Indian Wells,WTA 1000,2026/03/04,Hard,R64,3,Antonia Ruzic,Qinwen Zheng,6-4 7-5,57,23,1075,1758
Indian Wells,WTA 1000,2026/03/04,Hard,R64,3,Maria Sakkari,Lilli Tagger,7-5 6-0,34,119,1410,673
Indian Wells,WTA 1000,2026/03/04,Hard,R64,3,Iga Swiatek,Kayla Day,6-0 7-6(2),2,187,7588,386
Indian Wells,WTA 1000,2026/03/04,Hard,R32,3,Aryna Sabalenka,Jaqueline Cristian,6-4 6-1,1,35,10675,1367
Indian Wells,WTA 1000,2026/03/04,Hard,R32,3,Naomi Osaka,Camila Osorio,6-1 3-6 6-1,16,61,2324,1041
Indian Wells,WTA 1000,2026/03/04,Hard,R32,3,Victoria Mboko,Anna Kalinskaya,6-4 6-1,10,22,3211,1813
Indian Wells,WTA 1000,2026/03/04,Hard,R32,3,Amanda Anisimova,Emma Raducanu,6-1 6-1,6,24,6070,1645
Indian Wells,WTA 1000,2026/03/04,Hard,R32,3,Alexandra Eala,Coco Gauff,6-2 2-0 RET,32,4,1432,6803
Indian Wells,WTA 1000,2026/03/04,Hard,R32,3,Linda Noskova,Sorana Cirstea,6-7(5) 6-4 6-4,14,38,2421,1344
Indian Wells,WTA 1000,2026/03/04,Hard,R32,3,Talia Gibson,Clara Tauson,7-6(2) 4-6 6-4,112,17,721,2095
Indian Wells,WTA 1000,2026/03/04,Hard,R32,3,Jasmine Paolini,Ajla Tomljanovic,7-5 5-7 6-1,7,85,4232,837
Indian Wells,WTA 1000,2026/03/04,Hard,R32,3,Jessica Pegula,Jelena Ostapenko,4-6 6-3 6-2,5,26,6583,1600
Indian Wells,WTA 1000,2026/03/04,Hard,R32,3,Belinda Bencic,Elise Mertens,6-2 6-3,12,21,2898,1936
Indian Wells,WTA 1000,2026/03/04,Hard,R32,3,Sonay Kartal,Madison Keys,2-6 6-2 6-3,54,15,1127,2351
Indian Wells,WTA 1000,2026/03/04,Hard,R32,3,Elena Rybakina,Marta Kostyuk,6-4 6-4,3,28,7253,1583
Indian Wells,WTA 1000,2026/03/04,Hard,R32,3,Katerina Siniakova,Mirra Andreeva,4-6 7-6(5) 6-3,44,8,1269,4001
Indian Wells,WTA 1000,2026/03/04,Hard,R32,3,Elina Svitolina,Ashlyn Krueger,6-4 6-2,9,82,3845,849
Indian Wells,WTA 1000,2026/03/04,Hard,R32,3,Karolina Muchova,Antonia Ruzic,6-0 6-3,13,57,2668,1075
Indian Wells,WTA 1000,2026/03/04,Hard,R32,3,Iga Swiatek,Maria Sakkari,6-3 6-2,2,34,7588,1410
Indian Wells,WTA 1000,2026/03/04,Hard,R16,3,Aryna Sabalenka,Naomi Osaka,6-2 6-4,1,16,10675,2324
Indian Wells,WTA 1000,2026/03/04,Hard,R16,3,Victoria Mboko,Amanda Anisimova,6-4 6-1,10,6,3211,6070
Indian Wells,WTA 1000,2026/03/04,Hard,R16,3,Linda Noskova,Alexandra Eala,6-2 6-0,14,32,2421,1432
Indian Wells,WTA 1000,2026/03/04,Hard,R16,3,Talia Gibson,Jasmine Paolini,7-5 2-6 6-1,112,7,721,4232
Indian Wells,WTA 1000,2026/03/04,Hard,R16,3,Jessica Pegula,Belinda Bencic,6-3 7-6(5),5,12,6583,2898
Indian Wells,WTA 1000,2026/03/04,Hard,R16,3,Elena Rybakina,Sonay Kartal,6-4 4-3 RET,3,54,7253,1127
Indian Wells,WTA 1000,2026/03/04,Hard,R16,3,Elina Svitolina,Katerina Siniakova,6-1 1-1 RET,9,44,3845,1269
Indian Wells,WTA 1000,2026/03/04,Hard,R16,3,Iga Swiatek,Karolina Muchova,6-2 6-0,2,13,7588,2668
Indian Wells,WTA 1000,2026/03/04,Hard,QF,3,Aryna Sabalenka,Victoria Mboko,7-6(0) 6-4,1,10,10675,3211
Indian Wells,WTA 1000,2026/03/04,Hard,QF,3,Linda Noskova,Talia Gibson,6-2 4-6 6-2,14,112,2421,721
Indian Wells,WTA 1000,2026/03/04,Hard,QF,3,Elena Rybakina,Jessica Pegula,6-1 7-6(4),3,5,7253,6583
Indian Wells,WTA 1000,2026/03/04,Hard,QF,3,Elina Svitolina,Iga Swiatek,6-2 4-6 6-4,9,2,3845,7588
Indian Wells,WTA 1000,2026/03/04,Hard,SF,3,Aryna Sabalenka,Linda Noskova,6-3 6-4,1,14,10675,2421
Indian Wells,WTA 1000,2026/03/04,Hard,SF,3,Elena Rybakina,Elina Svitolina,7-5 6-4,3,9,7253,3845
Indian Wells,WTA 1000,2026/03/04,Hard,F,3,Aryna Sabalenka,Elena Rybakina,3-6 6-3 7-6(6),1,3,10675,7253
Miami,WTA 1000,2026/03/17,Hard,R128,3,Sloane Stephens,Jennifer Brady,6-4 6-2,717,744,54,50
Miami,WTA 1000,2026/03/17,Hard,R128,3,Emerson Jones,Linda Fruhvirtova,3-6 7-6(3) 7-6(4),147,121,532,685
Miami,WTA 1000,2026/03/17,Hard,R128,3,Elena Gabriela Ruse,Antonia Ruzic,7-5 7-6(3),73,55,900,1111
Miami,WTA 1000,2026/03/17,Hard,R128,3,Taylor Townsend,Lulu Sun,7-6(5) 6-3,80,111,874,735
Miami,WTA 1000,2026/03/17,Hard,R128,3,Dayana Yastremska,Ashlyn Krueger,2-6 6-4 7-5,54,79,1140,879
Miami,WTA 1000,2026/03/17,Hard,R128,3,Kamilla Rakhimova,Solana Sierra,6-1 6-3,82,63,869,1000
Miami,WTA 1000,2026/03/17,Hard,R128,3,Caty Mcnally,Rebeka Masarova,6-2 7-5,72,113,903,730
Miami,WTA 1000,2026/03/17,Hard,R128,3,Yuliia Starodubtseva,Eva Lys,6-1 6-4,108,77,751,893
Miami,WTA 1000,2026/03/17,Hard,R128,3,Anastasia Zakharova,Anna Bondar,5-7 6-3 6-1,74,65,899,986
Miami,WTA 1000,2026/03/17,Hard,R128,3,Elvina Kalieva,Dalma Galfi,6-3 6-7(5) 7-6(5),154,87,484,842
Miami,WTA 1000,2026/03/17,Hard,R128,3,Tereza Valentova,Katie Volynets,6-2 6-4,49,95,1217,811
Miami,WTA 1000,2026/03/17,Hard,R128,3,Alycia Parks,Sinja Kraus,7-5 7-6(4),105,120,764,690
Miami,WTA 1000,2026/03/17,Hard,R128,3,Talia Gibson,Sara Bejlek,6-1 6-0,68,41,950,1326
Miami,WTA 1000,2026/03/17,Hard,R128,3,Paula Badosa,Aliaksandra Sasnovich,7-5 6-3,100,116,797,701
Miami,WTA 1000,2026/03/17,Hard,R128,3,Camila Osorio,Katerina Siniakova,6-1 6-4,58,42,1071,1324
Miami,WTA 1000,2026/03/17,Hard,R128,3,Anna Blinkova,Sofia Kenin,3-6 6-1 6-3,92,46,820,1242
Miami,WTA 1000,2026/03/17,Hard,R128,3,Zeynep Sonmez,Beatriz Haddad Maia,6-3 6-2,83,69,866,942
Miami,WTA 1000,2026/03/17,Hard,R128,3,Sorana Cirstea,Shuai Zhang,6-3 6-4,35,61,1374,1036
Miami,WTA 1000,2026/03/17,Hard,R128,3,Katie Boulter,Jessica Bouzas Maneiro,7-6(9) 6-4,67,48,957,1227
Miami,WTA 1000,2026/03/17,Hard,R128,3,Laura Siegemund,Petra Marcinko,6-4 6-4,53,76,1143,896
Miami,WTA 1000,2026/03/17,Hard,R128,3,Mccartney Kessler,Magdalena Frech,2-6 6-4 6-2,51,37,1168,1348
Miami,WTA 1000,2026/03/17,Hard,R128,3,Magda Linette,Varvara Gracheva,2-6 6-2 6-0,50,60,1209,1047
Miami,WTA 1000,2026/03/17,Hard,R128,3,Ajla Tomljanovic,Simona Waltert,6-3 6-4,81,88,872,842
Miami,WTA 1000,2026/03/17,Hard,R128,3,Elsa Jacquemot,Darja Vidmanova,6-7(5) 7-5 7-5,62,118,1021,697
Miami,WTA 1000,2026/03/17,Hard,R128,3,Hailey Baptiste,Tatjana Maria,7-5 6-2,45,59,1244,1069
Miami,WTA 1000,2026/03/17,Hard,R128,3,Yulia Putintseva,Janice Tjen,3-6 6-3 6-4,75,40,896,1330
Miami,WTA 1000,2026/03/17,Hard,R128,3,Ann Li,Kimberly Birrell,6-2 2-6 6-3,39,70,1333,915
Miami,WTA 1000,2026/03/17,Hard,R128,3,Oksana Selekhmeteva,Emiliana Arango,6-3 4-6 6-3,71,109,912,746
Miami,WTA 1000,2026/03/17,Hard,R128,3,Lilli Tagger,Ella Seidel,6-7(8) 6-4 7-5,115,86,708,845
Miami,WTA 1000,2026/03/17,Hard,R128,3,Peyton Stearns,Viktorija Golubic,7-6(6) 6-4,47,84,1237,864
Miami,WTA 1000,2026/03/17,Hard,R128,3,Francesca Jones,Venus Williams,7-5 7-5,93,517,815,103
Miami,WTA 1000,2026/03/17,Hard,R128,3,Elisabetta Cocciaretto,Darja Semenistaja,6-4 6-1,44,103,1255,786
Miami,WTA 1000,2026/03/17,Hard,R64,3,Leylah Fernandez,Oksana Selekhmeteva,7-6(1) 3-6 6-1,25,71,1598,912
Miami,WTA 1000,2026/03/17,Hard,R64,3,Jaqueline Cristian,Peyton Stearns,6-4 7-5,36,47,1367,1237
Miami,WTA 1000,2026/03/17,Hard,R64,3,Ekaterina Alexandrova,Lilli Tagger,6-3 6-3,11,115,2918,708
Miami,WTA 1000,2026/03/17,Hard,R64,3,Talia Gibson,Naomi Osaka,7-5 6-4,68,15,950,2434
Miami,WTA 1000,2026/03/17,Hard,R64,3,Iva Jovic,Paula Badosa,6-2 6-1,17,100,2070,797
Miami,WTA 1000,2026/03/17,Hard,R64,3,Marta Kostyuk,Kamilla Rakhimova,6-2 6-4,28,82,1528,869
Miami,WTA 1000,2026/03/17,Hard,R64,3,Elena Rybakina,Yulia Putintseva,6-3 6-3,2,75,7783,896
Miami,WTA 1000,2026/03/17,Hard,R64,3,Jasmine Paolini,Taylor Townsend,6-3 1-6 6-2,7,80,4232,874
Miami,WTA 1000,2026/03/17,Hard,R64,3,Sorana Cirstea,Linda Noskova,6-2 3-6 6-4,35,13,1374,2801
Miami,WTA 1000,2026/03/17,Hard,R64,3,Anastasia Zakharova,Anna Kalinskaya,3-6 6-1 7-5,74,21,899,1868
Miami,WTA 1000,2026/03/17,Hard,R64,3,Elise Mertens,Elvina Kalieva,6-2 6-0,19,154,1936,484
Miami,WTA 1000,2026/03/17,Hard,R64,3,Belinda Bencic,Zeynep Sonmez,6-3 6-2,12,83,2803,866
Miami,WTA 1000,2026/03/17,Hard,R64,3,Diana Shnaider,Tereza Valentova,7-6(7) 7-6(3),20,49,1898,1217
Miami,WTA 1000,2026/03/17,Hard,R64,3,Yuliia Starodubtseva,Cristina Bucsa,6-2 3-2 RET,108,30,751,1446
Miami,WTA 1000,2026/03/17,Hard,R64,3,Amanda Anisimova,Ajla Tomljanovic,6-1 5-7 6-4,6,81,6180,872
Miami,WTA 1000,2026/03/17,Hard,R64,3,Jessica Pegula,Francesca Jones,6-1 3-0 RET,5,93,6678,815
Miami,WTA 1000,2026/03/17,Hard,R64,3,Karolina Muchova,Camila Osorio,4-6 6-2 7-5,14,58,2668,1071
Miami,WTA 1000,2026/03/17,Hard,R64,3,Katie Boulter,Clara Tauson,6-7(4) 6-4 1-0 RET,67,16,957,2095
Miami,WTA 1000,2026/03/17,Hard,R64,3,Alexandra Eala,Laura Siegemund,6-7(6) 6-3 6-3,29,53,1525,1143
Miami,WTA 1000,2026/03/17,Hard,R64,3,Victoria Mboko,Anna Blinkova,6-2 6-0,9,92,3351,820
Miami,WTA 1000,2026/03/17,Hard,R64,3,Coco Gauff,Elisabetta Cocciaretto,3-6 6-4 6-3,4,44,6748,1255
Miami,WTA 1000,2026/03/17,Hard,R64,3,Alycia Parks,Maria Sakkari,6-3 6-3,105,33,764,1410
Miami,WTA 1000,2026/03/17,Hard,R64,3,Mirra Andreeva,Mccartney Kessler,6-1 6-7(3) 6-1,10,51,3066,1168
Miami,WTA 1000,2026/03/17,Hard,R64,3,Marie Bouzkova,Elsa Jacquemot,6-2 6-2,32,62,1425,1021
Miami,WTA 1000,2026/03/17,Hard,R64,3,Madison Keys,Elena Gabriela Ruse,6-0 6-3,18,73,2026,900
Miami,WTA 1000,2026/03/17,Hard,R64,3,Jelena Ostapenko,Dayana Yastremska,6-4 6-4,24,54,1655,1140
Miami,WTA 1000,2026/03/17,Hard,R64,3,Hailey Baptiste,Liudmila Samsonova,6-3 7-5,45,22,1244,1845
Miami,WTA 1000,2026/03/17,Hard,R64,3,Elina Svitolina,Emerson Jones,6-2 6-4,8,147,4020,532
Miami,WTA 1000,2026/03/17,Hard,R64,3,Caty Mcnally,Xinyu Wang,6-4 1-6 6-0,72,34,903,1383
Miami,WTA 1000,2026/03/17,Hard,R64,3,Qinwen Zheng,Sloane Stephens,6-3 6-2,26,717,1553,54
Miami,WTA 1000,2026/03/17,Hard,R64,3,Aryna Sabalenka,Ann Li,7-6(5) 6-4,1,39,11025,1333
Miami,WTA 1000,2026/03/17,Hard,R64,3,Magda Linette,Iga Swiatek,1-6 7-5 6-3,50,3,1209,7413
Miami,WTA 1000,2026/03/17,Hard,R32,3,Jaqueline Cristian,Ekaterina Alexandrova,6-3 4-6 7-6(5),36,11,1367,2918
Miami,WTA 1000,2026/03/17,Hard,R32,3,Talia Gibson,Iva Jovic,6-2 6-2,68,17,950,2070
Miami,WTA 1000,2026/03/17,Hard,R32,3,Elena Rybakina,Marta Kostyuk,6-3 6-4,2,28,7783,1528
Miami,WTA 1000,2026/03/17,Hard,R32,3,Jelena Ostapenko,Jasmine Paolini,5-7 6-2 7-5,24,7,1655,4232
Miami,WTA 1000,2026/03/17,Hard,R32,3,Hailey Baptiste,Elina Svitolina,6-3 7-5,45,8,1244,4020
Miami,WTA 1000,2026/03/17,Hard,R32,3,Qinwen Zheng,Madison Keys,4-6 6-2 6-4,26,18,1553,2026
Miami,WTA 1000,2026/03/17,Hard,R32,3,Aryna Sabalenka,Caty Mcnally,6-4 6-2,1,72,11025,903
Miami,WTA 1000,2026/03/17,Hard,R32,3,Jessica Pegula,Leylah Fernandez,6-2 6-2,5,25,6678,1598
Miami,WTA 1000,2026/03/17,Hard,R32,3,Mirra Andreeva,Marie Bouzkova,7-6(4) 6-2,10,32,3066,1425
Miami,WTA 1000,2026/03/17,Hard,R32,3,Coco Gauff,Alycia Parks,3-6 6-0 6-1,4,105,6748,764
Miami,WTA 1000,2026/03/17,Hard,R32,3,Alexandra Eala,Magda Linette,6-3 7-6(2),29,50,1525,1209
Miami,WTA 1000,2026/03/17,Hard,R32,3,Sorana Cirstea,Elise Mertens,6-3 6-2,35,19,1374,1936
Miami,WTA 1000,2026/03/17,Hard,R32,3,Karolina Muchova,Katie Boulter,6-3 7-5,14,67,2668,957
Miami,WTA 1000,2026/03/17,Hard,R32,3,Victoria Mboko,Anastasia Zakharova,6-1 7-5,9,74,3351,899
Miami,WTA 1000,2026/03/17,Hard,R32,3,Amanda Anisimova,Yuliia Starodubtseva,6-4 6-2,6,108,6180,751
Miami,WTA 1000,2026/03/17,Hard,R32,3,Belinda Bencic,Diana Shnaider,6-3 6-3,12,20,2803,1898
Miami,WTA 1000,2026/03/17,Hard,R16,3,Victoria Mboko,Mirra Andreeva,7-6(4) 4-6 6-0,9,10,3351,3066
Miami,WTA 1000,2026/03/17,Hard,R16,3,Coco Gauff,Sorana Cirstea,6-4 3-6 6-2,4,35,6748,1374
Miami,WTA 1000,2026/03/17,Hard,R16,3,Belinda Bencic,Amanda Anisimova,6-2 6-2,12,6,2803,6180
Miami,WTA 1000,2026/03/17,Hard,R16,3,Jessica Pegula,Jaqueline Cristian,6-4 6-1,5,36,6678,1367
Miami,WTA 1000,2026/03/17,Hard,R16,3,Elena Rybakina,Talia Gibson,6-2 6-2,2,68,7783,950
Miami,WTA 1000,2026/03/17,Hard,R16,3,Hailey Baptiste,Jelena Ostapenko,6-3 6-4,45,24,1244,1655
Miami,WTA 1000,2026/03/17,Hard,R16,3,Aryna Sabalenka,Qinwen Zheng,6-3 6-4,1,26,11025,1553
Miami,WTA 1000,2026/03/17,Hard,R16,3,Karolina Muchova,Alexandra Eala,6-0 6-2,14,29,2668,1525
Miami,WTA 1000,2026/03/17,Hard,QF,3,Aryna Sabalenka,Hailey Baptiste,6-4 6-4,1,45,11025,1244
Miami,WTA 1000,2026/03/17,Hard,QF,3,Coco Gauff,Belinda Bencic,6-3 1-6 6-3,4,12,6748,2803
Miami,WTA 1000,2026/03/17,Hard,QF,3,Elena Rybakina,Jessica Pegula,2-6 6-3 6-4,2,5,7783,6678
Miami,WTA 1000,2026/03/17,Hard,QF,3,Karolina Muchova,Victoria Mboko,7-5 7-6(5),14,9,2668,3351
Miami,WTA 1000,2026/03/17,Hard,SF,3,Aryna Sabalenka,Elena Rybakina,6-4 6-3,1,2,11025,7783
Miami,WTA 1000,2026/03/17,Hard,SF,3,Coco Gauff,Karolina Muchova,6-1 6-1,4,14,6748,2668
Miami,WTA 1000,2026/03/17,Hard,F,3,Aryna Sabalenka,Coco Gauff,6-2 4-6 6-3,1,4,11025,6748
Charleston,WTA 500,2026/03/30,Clay,R64,3,Yulia Putintseva,Lulu Sun,7-6(6) 6-2,77,109,893,755
Charleston,WTA 500,2026/03/30,Clay,R64,3,Yue Yuan,Mayar Sherif,2-6 7-6(4) 7-6(5),114,105,731,773
Charleston,WTA 500,2026/03/30,Clay,R64,3,Polina Kudermetova,Oleksandra Oliynykova,3-6 7-6(1) 6-4,139,70,554,931
Charleston,WTA 500,2026/03/30,Clay,R64,3,Katie Volynets,Eva Lys,5-7 6-2 6-0,89,78,836,891
Charleston,WTA 500,2026/03/30,Clay,R64,3,Alycia Parks,Mary Stoiana,2-6 6-4 6-1,95,168,814,443
Charleston,WTA 500,2026/03/30,Clay,R64,3,Bianca Andreescu,Dalma Galfi,1-6 6-4 6-1,128,93,584,816
Charleston,WTA 500,2026/03/30,Clay,R64,3,Paula Badosa,Kayla Day,6-4 6-3,106,158,771,469
Charleston,WTA 500,2026/03/30,Clay,R64,3,Viktoriya Tomova,Jennifer Brady,6-4 6-3,169,689,424,60
Charleston,WTA 500,2026/03/30,Clay,R64,3,Donna Vekic,Ajla Tomljanovic,3-6 6-1 6-4,67,85,967,867
Charleston,WTA 500,2026/03/30,Clay,R64,3,Anna Bondar,Darja Vidmanova,7-5 7-5,65,117,999,718
Charleston,WTA 500,2026/03/30,Clay,R64,3,Akasha Urhobo,Solana Sierra,7-5 3-0,235,90,301,825
Charleston,WTA 500,2026/03/30,Clay,R64,3,Dayana Yastremska,Anastasia Zakharova,7-5 6-2,49,76,1200,894
Charleston,WTA 500,2026/03/30,Clay,R64,3,Ashlyn Krueger,Caty Mcnally,6-4 1-6 6-3,110,71,741,919
Charleston,WTA 500,2026/03/30,Clay,R64,3,Mccartney Kessler,Elvina Kalieva,4-6 6-3 6-3,48,137,1214,564
Charleston,WTA 500,2026/03/30,Clay,R64,3,Renata Zarazua,Sloane Stephens,6-2 6-0,85,554,835,89
Charleston,WTA 500,2026/03/30,Clay,R64,3,Yuliia Starodubtseva,Shuai Zhang,6-3 6-0,53,66,1139,989
Bogota,WTA 250,2026/03/30,Clay,R32,3,Marie Bouzkova,Ana Sofia Sanchez,6-0 6-2,26,231,1480,304
Bogota,WTA 250,2026/03/30,Clay,R32,3,Hanne Vandewinkel,Sofia Costoulas,6-3 2-6 6-3,96,134,795,580
Bogota,WTA 250,2026/03/30,Clay,R32,3,Despina Papamichail,Anastasia Tikhonova,6-3 6-1,163,251,448,274
Bogota,WTA 250,2026/03/30,Clay,R32,3,Darja Semenistaja,Ella Seidel,6-2 6-2,98,82,791,850
Bogota,WTA 250,2026/03/30,Clay,R32,3,Camila Osorio,Caroline Dolehide,6-7(5) 6-2 6-1,54,135,1096,571
Bogota,WTA 250,2026/03/30,Clay,R32,3,Jazmin Ortenzi,Irene Burillo,6-1 6-4,206,211,339,329
Bogota,WTA 250,2026/03/30,Clay,R32,3,Julia Riera,Selena Janicijevic,7-6(5) 6-1,186,245,387,287
Bogota,WTA 250,2026/03/30,Clay,R32,3,Anna Blinkova,Robin Montgomery,6-2 6-3,99,368,790,169
Bogota,WTA 250,2026/03/30,Clay,R32,3,Panna Udvardy,Maria Camila Torres Murcia,6-1 1-6 6-0,92,880,804,30
Bogota,WTA 250,2026/03/30,Clay,R32,3,Julieta Pareja,Elizabeth Mandlik,6-3 6-3,269,174,254,416
Bogota,WTA 250,2026/03/30,Clay,R32,3,Katarzyna Kawa,Carole Monnet,6-1 6-0,132,171,588,420
Bogota,WTA 250,2026/03/30,Clay,R32,3,Tatjana Maria,Valentina Mediorreal Arias,6-2 6-1,60,760,1047,48
Bogota,WTA 250,2026/03/30,Clay,R32,3,Guiomar Maristany Zuleta De Reales,Francesca Jones,6-1 6-1,178,101,401,775
Bogota,WTA 250,2026/03/30,Clay,R32,3,Emiliana Arango,Maria Lourdes Carle,1-6 6-2 6-0,106,177,755,402
Bogota,WTA 250,2026/03/30,Clay,R32,3,Varvara Lepchenko,Lia Karatancheva,3-6 6-3 6-2,155,288,483,231
Bogota,WTA 250,2026/03/30,Clay,R32,3,Jessica Bouzas Maneiro,Tiantsoa Rakotomanga Rajaonah,6-2 6-2,48,131,1210,597
Bogota,WTA 250,2026/03/30,Clay,R16,3,Marie Bouzkova,Hanne Vandewinkel,6-4 RET,26,96,1480,795
Bogota,WTA 250,2026/03/30,Clay,R16,3,Darja Semenistaja,Despina Papamichail,6-1 1-6 6-2,98,163,791,448
Bogota,WTA 250,2026/03/30,Clay,R16,3,Jazmin Ortenzi,Camila Osorio,7-6(4) 7-6(5),206,54,339,1096
Bogota,WTA 250,2026/03/30,Clay,R16,3,Julia Riera,Anna Blinkova,0-6 6-2 6-1,186,99,387,790
Bogota,WTA 250,2026/03/30,Clay,R16,3,Panna Udvardy,Julieta Pareja,6-0 2-6 6-1,92,269,804,254
Bogota,WTA 250,2026/03/30,Clay,R16,3,Katarzyna Kawa,Tatjana Maria,6-3 6-3,132,60,588,1047
Bogota,WTA 250,2026/03/30,Clay,R16,3,Emiliana Arango,Guiomar Maristany Zuleta De Reales,7-5 6-2,106,178,755,401
Bogota,WTA 250,2026/03/30,Clay,R16,3,Varvara Lepchenko,Jessica Bouzas Maneiro,6-0 2-6 7-5,155,48,483,1210
Bogota,WTA 250,2026/03/30,Clay,QF,3,Marie Bouzkova,Darja Semenistaja,6-1 7-5,26,98,1480,791
Bogota,WTA 250,2026/03/30,Clay,QF,3,Jazmin Ortenzi,Julia Riera,6-7(5) 6-3 6-2,206,186,339,387
Bogota,WTA 250,2026/03/30,Clay,QF,3,Panna Udvardy,Katarzyna Kawa,7-6(2) 6-1,92,132,804,588
Bogota,WTA 250,2026/03/30,Clay,QF,3,Emiliana Arango,Varvara Lepchenko,6-4 6-3,106,155,755,483
Bogota,WTA 250,2026/03/30,Clay,SF,3,Marie Bouzkova,Jazmin Ortenzi,7-6(5) 6-2,26,206,1480,339
Bogota,WTA 250,2026/03/30,Clay,SF,3,Panna Udvardy,Emiliana Arango,6-7(6) 6-3 7-6(5),92,106,804,755
Bogota,WTA 250,2026/03/30,Clay,F,3,Marie Bouzkova,Panna Udvardy,6-7(7) 6-2 6-2,26,92,1480,804
Charleston,WTA 500,2026/03/31,Clay,R32,3,Jessica Pegula,Yulia Putintseva,4-6 6-4 7-5,5,77,6243,893
Charleston,WTA 500,2026/03/31,Clay,R32,3,Elisabetta Cocciaretto,Yue Yuan,6-0 7-5,41,114,1310,731
Charleston,WTA 500,2026/03/31,Clay,R32,3,Leylah Fernandez,Polina Kudermetova,6-2 6-1,25,139,1598,554
Charleston,WTA 500,2026/03/31,Clay,R32,3,Diana Shnaider,Katie Volynets,7-5 7-5,19,89,2001,836
Charleston,WTA 500,2026/03/31,Clay,R32,3,Iva Jovic,Alycia Parks,6-3 6-2,16,95,2270,814
Charleston,WTA 500,2026/03/31,Clay,R32,3,Sofia Kenin,Bianca Andreescu,6-4 6-4,68,128,952,584
Charleston,WTA 500,2026/03/31,Clay,R32,3,Paula Badosa,Maria Sakkari,6-3 6-4,106,38,771,1348
Charleston,WTA 500,2026/03/31,Clay,R32,3,Anna Kalinskaya,Viktoriya Tomova,6-2 6-4,23,156,1813,480
Charleston,WTA 500,2026/03/31,Clay,R32,3,Madison Keys,Donna Vekic,6-2 6-3,17,67,2161,967
Charleston,WTA 500,2026/03/31,Clay,R32,3,Anna Bondar,Magdalena Frech,7-5 6-3,65,39,999,1348
Charleston,WTA 500,2026/03/31,Clay,R32,3,Sara Bejlek,Akasha Urhobo,6-1 6-1,34,235,1380,301
Charleston,WTA 500,2026/03/31,Clay,R32,3,Belinda Bencic,Dayana Yastremska,6-2 6-7(5) 6-3,11,49,3090,1200
Charleston,WTA 500,2026/03/31,Clay,R32,3,Peyton Stearns,Ashlyn Krueger,7-6(8) 7-5,43,110,1296,741
Charleston,WTA 500,2026/03/31,Clay,R32,3,Mccartney Kessler,Janice Tjen,6-2 6-1,48,40,1214,1317
Charleston,WTA 500,2026/03/31,Clay,R32,3,Renata Zarazua,Hailey Baptiste,3-6 6-3 6-4,84,35,875,1372
Charleston,WTA 500,2026/03/31,Clay,R32,3,Yuliia Starodubtseva,Ekaterine Gorgodze,3-6 6-1 6-2,53,166,1139,449
Charleston,WTA 500,2026/04/01,Clay,R16,3,Jessica Pegula,Elisabetta Cocciaretto,1-6 6-1 7-6(1),5,41,6243,1310
Charleston,WTA 500,2026/04/01,Clay,R16,3,Diana Shnaider,Leylah Fernandez,6-3 6-0,19,25,2001,1598
Charleston,WTA 500,2026/04/01,Clay,R16,3,Iva Jovic,Sofia Kenin,7-5 7-5,16,68,2270,952
Charleston,WTA 500,2026/04/01,Clay,R16,3,Anna Kalinskaya,Paula Badosa,6-4 6-2,23,106,1813,771
Charleston,WTA 500,2026/04/01,Clay,R16,3,Madison Keys,Anna Bondar,6-2 7-5,17,65,2161,999
Charleston,WTA 500,2026/04/01,Clay,R16,3,Belinda Bencic,Sara Bejlek,7-6(4) 6-2,11,34,3090,1380
Charleston,WTA 500,2026/04/01,Clay,R16,3,Mccartney Kessler,Peyton Stearns,6-0 3-6 6-4,48,43,1214,1296
Charleston,WTA 500,2026/04/01,Clay,R16,3,Yuliia Starodubtseva,Renata Zarazua,6-1 6-0,53,84,1139,875
Charleston,WTA 500,2026/04/03,Clay,QF,3,Jessica Pegula,Diana Shnaider,3-6 6-3 6-2,5,19,6243,2001
Charleston,WTA 500,2026/04/03,Clay,QF,3,Iva Jovic,Anna Kalinskaya,6-3 6-4,16,23,2270,1813
Charleston,WTA 500,2026/04/03,Clay,QF,3,Madison Keys,Belinda Bencic,4-6 6-3 6-2,17,11,2161,3090
Charleston,WTA 500,2026/04/03,Clay,QF,3,Yuliia Starodubtseva,Mccartney Kessler,6-4 6-4,53,48,1139,1214
Charleston,WTA 500,2026/04/04,Clay,SF,3,Jessica Pegula,Iva Jovic,6-4 5-7 6-3,5,16,6243,2270
Charleston,WTA 500,2026/04/04,Clay,SF,3,Yuliia Starodubtseva,Madison Keys,6-1 6-4,53,17,1139,2161
Charleston,WTA 500,2026/04/05,Clay,F,3,Jessica Pegula,Yuliia Starodubtseva,6-2 6-2,5,53,6243,1139
Linz,WTA 500,2026/04/06,Clay,R32,3,Sloane Stephens,Tatjana Maria,7-6(5) 6-4,552,61,90,1023
Linz,WTA 500,2026/04/06,Clay,R32,3,Dalma Galfi,Alycia Parks,6-3 6-3,103,93,769,814
Linz,WTA 500,2026/04/06,Clay,R32,3,Sorana Cirstea,Sinja Kraus,6-3 6-3,29,119,1459,699
Linz,WTA 500,2026/04/06,Clay,R32,3,Alexandra Eala,Julia Grabher,6-4 6-3,46,89,1255,829
Linz,WTA 500,2026/04/06,Clay,R32,3,Elena Gabriela Ruse,Katie Boulter,7-6(3) 7-6(2),87,62,840,1012
Linz,WTA 500,2026/04/06,Clay,R32,3,Dayana Yastremska,Ann Li,7-5 4-6 6-3,49,36,1172,1356
Linz,WTA 500,2026/04/07,Clay,R32,3,Tamara Korpatsch,Jaqueline Cristian,4-6 6-1 6-4,109,33,737,1382
Linz,WTA 500,2026/04/07,Clay,R32,3,Anastasia Potapova,Shuai Zhang,6-4 6-4,97,64,800,989
Linz,WTA 500,2026/04/07,Clay,R32,3,Lilli Tagger,Paula Badosa,6-4 7-6(5),117,102,705,771
Linz,WTA 500,2026/04/07,Clay,R32,3,Anhelina Kalinina,Panna Udvardy,5-7 6-1 6-0,120,71,695,918
Linz,WTA 500,2026/04/07,Clay,R32,3,Donna Vekic,Katie Volynets,6-3 3-6 6-4,104,88,762,831
Linz,WTA 500,2026/04/07,Clay,R32,3,Karolina Pliskova,Aliaksandra Sasnovich,6-4 6-4,258,115,267,716
Linz,WTA 500,2026/04/08,Clay,R16,3,Mirra Andreeva,Sloane Stephens,6-4 6-2,10,120,3121,520
Linz,WTA 500,2026/04/08,Clay,R16,3,Sorana Cirstea,Dalma Galfi,5-0 ret.,29,103,1459,769
Linz,WTA 500,2026/04/08,Clay,R16,3,Jelena Ostapenko,Alexandra Eala,6-4 7-5,23,85,2100,880
Linz,WTA 500,2026/04/09,Clay,R16,3,Elena Gabriela Ruse,Dayana Yastremska,4-6 6-4 6-4,87,62,920,1120
Linz,WTA 500,2026/04/09,Clay,R16,3,Anastasia Potapova,Tamara Korpatsch,6-2 6-1,97,109,780,620
Linz,WTA 500,2026/04/09,Clay,R16,3,Lilli Tagger,Liudmila Samsonova,6-2 7-6(11),117,21,705,1845
Linz,WTA 500,2026/04/09,Clay,R16,3,Donna Vekic,Anhelina Kalinina,W/O,104,120,762,695
Linz,WTA 500,2026/04/09,Clay,R16,3,Karolina Pliskova,Ekaterina Alexandrova,6-1 6-3,258,13,267,2886
Linz,WTA 500,2026/04/10,Clay,QF,3,Mirra Andreeva,Sorana Cirstea,7-6(4) 4-6 6-2,10,29,3121,1850
Linz,WTA 500,2026/04/10,Clay,QF,3,Elena Gabriela Ruse,Jelena Ostapenko,4-6 6-4 6-1,87,23,920,2100
Linz,WTA 500,2026/04/10,Clay,QF,3,Anastasia Potapova,Lilli Tagger,7-6(7) 6-0,97,117,800,705
Linz,WTA 500,2026/04/10,Clay,QF,3,Donna Vekic,Karolina Pliskova,7-5 6-4,104,258,762,267
Billie Jean King Cup Qualifying Round: Australia Vs. Great Britain,D,2026/04/10,Hard,RR,3,Mika Stojsavljevic,Talia Gibson,7-6(4) 7-5,275,56,243,1050
Billie Jean King Cup Qualifying Round: Australia Vs. Great Britain,D,2026/04/10,Hard,RR,3,Harriet Dart,Kimberly Birrell,4-6 6-3 6-3,173,80,420,880
Billie Jean King Cup Qualifying Round: Australia Vs. Great Britain,D,2026/04/10,Hard,RR,3,Emerson Jones,Katie Swan,7-5 6-3,134,262,566,260
Billie Jean King Cup Qualifying Round: Belgium Vs. United States,D,2026/04/10,Clay,RR,3,Hanne Vandewinkel,Iva Jovic,7-6(3) 6-3,94,16,813,2270
Billie Jean King Cup Qualifying Round: Belgium Vs. United States,D,2026/04/10,Clay,RR,3,Elise Mertens,Mccartney Kessler,7-6(3) 2-6 3-3 RET,20,48,1906,1214
Billie Jean King Cup Qualifying Round: Belgium Vs. United States,D,2026/04/10,Clay,RR,3,Greet Minnen,Iva Jovic,7-5 6-3,149,16,510,2270
Billie Jean King Cup Qualifying Round: Italy Vs. Japan,D,2026/04/10,Clay,RR,3,Elisabetta Cocciaretto,Moyuka Uchijima,7-5 6-2,42,84,1310,863
Billie Jean King Cup Qualifying Round: Italy Vs. Japan,D,2026/04/10,Clay,RR,3,Jasmine Paolini,Himeno Sakatsume,6-3 6-1,8,133,3907,567
Billie Jean King Cup Qualifying Round: Italy Vs. Japan,D,2026/04/10,Clay,RR,3,Himeno Sakatsume,Lucia Bronzetti,7-6(4) 6-2,133,163,567,456
Billie Jean King Cup Qualifying Round: Kazakhstan Vs. Canada,D,2026/04/10,Clay,RR,3,Yulia Putintseva,Kayla Cross,6-3 7-5,74,198,893,365
Billie Jean King Cup Qualifying Round: Kazakhstan Vs. Canada,D,2026/04/10,Clay,RR,3,Bianca Andreescu,Sonja Zhiyenbayeva,6-4 7-6(4),130,1023,584,18
Billie Jean King Cup Qualifying Round: Kazakhstan Vs. Canada,D,2026/04/10,Clay,RR,3,Yulia Putintseva,Bianca Andreescu,7-6(5) 3-6 7-6(4),74,130,893,584
Billie Jean King Cup Qualifying Round: Slovenia Vs. Spain,D,2026/04/10,Clay,RR,3,Kaitlin Quevedo,Tamara Zidansek,6-4 2-6 0-0 RET,127,128,600,597
Billie Jean King Cup Qualifying Round: Slovenia Vs. Spain,D,2026/04/10,Clay,RR,3,Veronika Erjavec,Leyre Romero Gormaz,6-4 6-3,99,175,786,419
Billie Jean King Cup Qualifying Round: Slovenia Vs. Spain,D,2026/04/10,Clay,RR,3,Kaitlin Quevedo,Veronika Erjavec,7-6(4) 6-2,127,99,600,786
Billie Jean King Cup Qualifying Round: Switzerland Vs. Czechia,D,2026/04/10,Hard,RR,3,Belinda Bencic,Marie Bouzkova,6-3 6-7(7) 6-4,11,24,3090,1676
Billie Jean King Cup Qualifying Round: Switzerland Vs. Czechia,D,2026/04/10,Hard,RR,3,Linda Noskova,Viktorija Golubic,6-1 6-4,14,79,2801,881
Billie Jean King Cup Qualifying Round: Switzerland Vs. Czechia,D,2026/04/10,Hard,RR,3,Linda Noskova,Belinda Bencic,6-3 3-6 7-6(9),14,11,2801,3090
Billie Jean King Cup Qualifying Round: Switzerland Vs. Czechia,D,2026/04/10,Hard,RR,3,Marie Bouzkova,Viktorija Golubic,7-6(4) 6-3,24,79,1676,881
Billie Jean King Cup Qualifying Round: Poland Vs. Ukraine,D,2026/04/10,Clay,RR,3,Marta Kostyuk,Magda Linette,6-4 6-0,27,55,1473,1059
Billie Jean King Cup Qualifying Round: Poland Vs. Ukraine,D,2026/04/10,Clay,RR,3,Elina Svitolina,Katarzyna Kawa,6-2 6-1,7,160,3965,461
Billie Jean King Cup Qualifying Round: Poland Vs. Ukraine,D,2026/04/10,Clay,RR,3,Oleksandra Oliynykova,Linda Klimovicova,6-4 6-1,68,154,931,490
Linz,WTA 500,2026/04/11,Clay,SF,3,Mirra Andreeva,Elena Gabriela Ruse,6-4 6-1,10,87,3121,840
Linz,WTA 500,2026/04/11,Clay,SF,3,Anastasia Potapova,Donna Vekic,6-4 6-2,97,104,800,762
Linz,WTA 500,2026/04/12,Clay,F,3,Mirra Andreeva,Anastasia Potapova,1-6 6-4 6-3,10,97,3121,800
Stuttgart,WTA 500,2026/04/13,Clay,R32,3,Diana Shnaider,Tamara Korpatsch,6-3 6-1,19,102,2001,801
Stuttgart,WTA 500,2026/04/13,Clay,R32,3,Leylah Fernandez,Anouk Koevermans,6-1 6-4,25,45,1598,1285
Stuttgart,WTA 500,2026/04/13,Clay,R32,3,Zeynep Sonmez,Jasmine Paolini,6-2 6-2,79,8,891,3907
Stuttgart,WTA 500,2026/04/13,Clay,R32,3,Laura Siegemund,Viktoriya Tomova,4-6 7-6(4) 6-1,51,156,1120,480
Stuttgart,WTA 500,2026/04/13,Clay,R32,3,Alycia Parks,Noma Noha Akugue,6-4 6-2,95,195,712,312
Stuttgart,WTA 500,2026/04/13,Clay,R32,3,Mirra Andreeva,Jelena Ostapenko,5-7 6-2 6-4,9,22,3250,1850
Stuttgart,WTA 500,2026/04/13,Clay,R32,3,Ekaterina Alexandrova,Gabriela Andrea Knutson,6-2 6-2,13,224,2450,280
Stuttgart,WTA 500,2026/04/13,Clay,R32,3,Linda Noskova,Shuai Zhang,5-7 6-1 6-4,14,66,2801,989
Stuttgart,WTA 500,2026/04/13,Clay,R32,3,Eva Lys,Paula Badosa,2-6 7-5 6-4,78,106,920,680
Stuttgart,WTA 500,2026/04/13,Clay,R32,3,Karolina Muchova,Aliaksandra Sasnovich,6-2 6-4,12,111,2980,620
Stuttgart,WTA 500,2026/04/13,Clay,R32,3,Elise Mertens,Ella Seidel,6-3 6-4,20,87,2150,780
Stuttgart,WTA 500,2026/04/13,Clay,R32,3,Liudmila Samsonova,Antonia Ruzic,6-0 6-4,21,58,1980,1050
Stuttgart,WTA 500,2026/04/13,Clay,R16,3,Elena Rybakina,Diana Shnaider,6-3 6-4,2,19,6500,2001
Stuttgart,WTA 500,2026/04/13,Clay,R16,3,Leylah Fernandez,Zeynep Sonmez,6-7(2) 6-1 7-6(5),25,79,1598,891
Stuttgart,WTA 500,2026/04/13,Clay,R16,3,Iga Swiatek,Laura Siegemund,6-2 6-3,4,51,6200,1120
Stuttgart,WTA 500,2026/04/13,Clay,R16,3,Mirra Andreeva,Alycia Parks,7-6(3) 6-3,9,95,3250,712
Stuttgart,WTA 500,2026/04/13,Clay,R16,3,Linda Noskova,Ekaterina Alexandrova,6-1 6-1,14,13,2801,2450
Stuttgart,WTA 500,2026/04/13,Clay,R16,3,Elina Svitolina,Eva Lys,6-1 6-0,27,78,1850,920
Stuttgart,WTA 500,2026/04/13,Clay,R16,3,Karolina Muchova,Elise Mertens,1-6 6-3 6-0,12,20,2993,1906
Stuttgart,WTA 500,2026/04/13,Clay,R16,3,Coco Gauff,Liudmila Samsonova,7-5 6-1,3,21,7250,2130
Stuttgart,WTA 500,2026/04/13,Clay,QF,3,Elena Rybakina,Leylah Fernandez,6-7(5) 6-4 7-6(6),2,25,8108,1598
Stuttgart,WTA 500,2026/04/13,Clay,QF,3,Mirra Andreeva,Iga Swiatek,3-6 6-4 6-3,9,4,3611,7263
Stuttgart,WTA 500,2026/04/13,Clay,QF,3,Elina Svitolina,Linda Noskova,7-6(5) 7-5,7,14,3965,2801
Stuttgart,WTA 500,2026/04/13,Clay,QF,3,Karolina Muchova,Coco Gauff,6-3 5-7 6-3,12,3,2993,7278
Stuttgart,WTA 500,2026/04/13,Clay,SF,3,Elena Rybakina,Mirra Andreeva,7-5 6-1,2,9,8108,3611
Stuttgart,WTA 500,2026/04/13,Clay,SF,3,Karolina Muchova,Elina Svitolina,6-4 2-6 6-4,12,7,2993,3965
Stuttgart,WTA 500,2026/04/13,Clay,F,3,Elena Rybakina,Karolina Muchova,7-5 6-1,2,12,8108,2993
Rouen,WTA 250,2026/04/13,Clay,R32,3,Marta Kostyuk,Diane Parry,6-1 6-4,28,100,1473,806
Rouen,WTA 250,2026/04/13,Clay,R32,3,Caty Mcnally,Katie Volynets,1-6 6-1 6-1,71,89,919,836
Rouen,WTA 250,2026/04/13,Clay,R32,3,Kamilla Rakhimova,Elvina Kalieva,6-3 7-6(1),74,137,914,564
Rouen,WTA 250,2026/04/13,Clay,R32,3,Daria Kasatkina,Ann Li,"6-7(6),6-2 6-4",10,918,72,36
Rouen,WTA 250,2026/04/13,Clay,R32,3,Hailey Baptiste,Jessika Ponchet,3-6 7-6(6) 6-2,35,170,1372,440
Rouen,WTA 250,2026/04/13,Clay,R32,3,Iryna Shymanovich,Linda Fruhvirtova,6-3 7-5,184,143,398,541
Rouen,WTA 250,2026/04/13,Clay,R32,3,Anna Blinkova,Dominika Salkova,7-5 6-1,91,123,819,625
Rouen,WTA 250,2026/04/13,Clay,R32,3,Tatjana Maria,Elsa Jacquemot,6-4 6-3,63,60,1023,1029
Rouen,WTA 250,2026/04/13,Clay,R32,3,Elisabetta Cocciaretto,Alina Charaeva,6-3 4-6 6-2,41,130,1310,576
Rouen,WTA 250,2026/04/13,Clay,R32,3,Sloane Stephens,Veronika Podrez, 6-2 6-1,401,209,150,335
Rouen,WTA 250,2026/04/13,Clay,R32,3,Maria Timofeeva,Katie Boulter,6-2 6-2,153,64,504,1012
Rouen,WTA 250,2026/04/13,Clay,R32,3,Tiantsoa Rakotomanga Rajaonah,Jaqueline Cristian,2-6 7-6(6) 7-5,135,33,565,1382
Rouen,WTA 250,2026/04/13,Clay,R32,3,Anna Bondar,Harmony Tan, 6-2 4-6 6-0,65,205,999,352
Rouen,WTA 250,2026/04/13,Clay,R32,3,Oleksandra Oliynykova,Lilli Tagger, 6-3 4-6 6-4,70,97,931,813
Rouen,WTA 250,2026/04/13,Clay,R32,3,Chloe Paquet,Xiyu Wang, 3-6 6-4 6-3,241,171,284,439
Rouen,WTA 250,2026/04/13,Clay,R32,3,Fiona Ferro,Sorana Cirstea, 6-3 6-7(5) 7-6(2),218,26,323,1507
Rouen,WTA 250,2026/04/13,Clay,R16,3,Marta Kostyuk,Caty Mcnally, 2-6 6-2 6-1,28,71,1473,919
Rouen,WTA 250,2026/04/13,Clay,R16,3,Kamilla Rakhimova,Ann Li, 4-6 6-2 6-3,74,36,914,1356
Rouen,WTA 250,2026/04/13,Clay,R16,3,Hailey Baptiste,Iryna Shymanovich, 6-3 5-7 6-3,35,184,1372,398
Rouen,WTA 250,2026/04/13,Clay,R16,3,Dominika Salkova,Tatjana Maria, 6-3 6-2,123,63,625,1023
Rouen,WTA 250,2026/04/13,Clay,R16,3,Elisabetta Cocciaretto,Veronika Podrez, 7-6(5) 4-6 6-4,41,209,1310,335
Rouen,WTA 250,2026/04/13,Clay,R16,3,Katie Boulter,Jaqueline Cristian, 7-6(5) 4-6 6-1,64,33,1012,1382
Rouen,WTA 250,2026/04/13,Clay,R16,3,Anna Bondar,Oleksandra Oliynykova, 6-0 4-6 6-0,65,70,999,931
Rouen,WTA 250,2026/04/13,Clay,QF,3,Anna Bondar,Sorana Cirstea, 7-6(2) 6-2,65,26,999,1507
Rouen,WTA 250,2026/04/13,Clay,SF,3,Marta Kostyuk,Tatjana Maria, 6-3 6-0,28,63,1473,1023
Rouen,WTA 250,2026/04/13,Clay,QF,3,Iryna Shymanovich,Tatjana Maria, 7-6(5) 6-2,184,63,398,1023
Rouen,WTA 250,2026/04/13,Clay,QF,3,Veronika Podrez,Katie Boulter, 6-4 6-1,209,64,335,1012
Rouen,WTA 250,2026/04/13,Clay,QF,3,Marta Kostyuk,Ann Li, 6-0 6-7(4) 6-3,28,36,1473,1356
Rouen,WTA 250,2026/04/13,Clay,SF,3,Veronika Podrez,Sorana Cirstea,W/O,209,26,335,1507
Rouen,WTA 250,2026/04/13,Clay,F,3,Marta Kostyuk,Veronika Podrez, 6-3 6-4,28,209,1473,335
Madrid,WTA 1000,2026/04/20,Clay,R128,3,Laura Samson,Tatjana Maria,6-4 6-2,171,54,428,1106
Madrid,WTA 1000,2026/04/20,Clay,R128,3,Petra Marcinko,Victoria Jimenez Kasintseva,6-0 7-5,74,115,919,711
Madrid,WTA 1000,2026/04/20,Clay,R128,3,Laura Siegemund,Irina Camelia Begu,6-4 6-0,47,182,1217,399
Madrid,WTA 1000,2026/04/20,Clay,R128,3,Jessica Bouzas Maneiro,Beatriz Haddad Maia,6-1 6-1,50,69,1186,947
Madrid,WTA 1000,2026/04/20,Clay,R128,3,Julia Grabher,Paula Badosa,7-6(3) 4-6 6-0,107,103,746,771
Madrid,WTA 1000,2026/04/20,Clay,R128,3,Anna Bondar,Viktorija Golubic,6-2 6-3,63,81,1023,881
Madrid,WTA 1000,2026/04/20,Clay,R128,3,Magda Linette,Robin Montgomery,6-4 6-3,57,339,1059,188
Madrid,WTA 1000,2026/04/20,Clay,R128,3,Kaitlin Quevedo,Venus Williams,6-2 6-4,140,479,541,113
Madrid,WTA 1000,2026/04/20,Clay,R128,3,Camila Osorio,Anastasia Zakharova,6-0 6-3,83,79,876,894
Madrid,WTA 1000,2026/04/20,Clay,R128,3,Peyton Stearns,Lois Boisson,6-1 6-3,43,46,1296,1259
Madrid,WTA 1000,2026/04/20,Clay,R128,3,Elena Gabriela Ruse,Antonia Ruzic,6-3 4-6 6-0,71,59,937,1046
Madrid,WTA 1000,2026/04/20,Clay,R128,3,Shuai Zhang,Eva Lys,6-4 6-3,65,72,989,926
Madrid,WTA 1000,2026/04/20,Clay,R128,3,Zeynep Sonmez,Carlota Martinez Cirez,7-5 6-2,67,352,963,180
Madrid,WTA 1000,2026/04/20,Clay,R128,3,Panna Udvardy,Kimberly Birrell,6-4 1-6 6-1,78,82,906,880
Madrid,WTA 1000,2026/04/20,Clay,R128,3,Daria Snigur,Daria Kasatkina,6-3 3-6 7-6(13),98,75,796,918
Madrid,WTA 1000,2026/04/20,Clay,R128,3,Dalma Galfi,Ajla Tomljanovic,7-6(7) 6-4,117,85,704,867
Madrid,WTA 1000,2026/04/20,Clay,R128,3,Yuliia Starodubtseva,Moyuka Uchijima,6-3 1-6 6-3,53,94,1139,810
Madrid,WTA 1000,2026/04/20,Clay,R128,3,Alycia Parks,Elisabetta Cocciaretto,6-3 6-2,84,41,872,1310
Madrid,WTA 1000,2026/04/20,Clay,R128,3,Alexandra Eala,Anastasia Pavlyuchenkova,6-3 6-3,44,116,1285,707
Madrid,WTA 1000,2026/04/20,Clay,R128,3,Anhelina Kalinina,Kamilla Rakhimova,6-2 5-7 6-2,110,73,738,919
Madrid,WTA 1000,2026/04/20,Clay,R128,3,Emiliana Arango,Talia Gibson,6-3 6-2,86,58,843,1050
Madrid,WTA 1000,2026/04/20,Clay,R128,3,Yulia Putintseva,Tereza Valentova,6-4 4-6 6-3,80,51,893,1161
Madrid,WTA 1000,2026/04/20,Clay,R128,3,Janice Tjen,Alina Charaeva,6-4 6-2,39,129,1317,573
Madrid,WTA 1000,2026/04/20,Clay,R128,3,Solana Sierra,Dayana Yastremska,7-6(10) 7-6(8),88,49,825,1200
Madrid,WTA 1000,2026/04/20,Clay,R128,3,Simona Waltert,Oleksandra Oliynykova,7-5 6-0,97,70,796,945
Madrid,WTA 1000,2026/04/20,Clay,R128,3,Karolina Pliskova,Sinja Kraus,2-6 6-1 6-4,197,104,375,765
Madrid,WTA 1000,2026/04/20,Clay,R128,3,Leolia Jeanjean,Oksana Selekhmeteva,6-4 6-1,126,77,586,910
Madrid,WTA 1000,2026/04/20,Clay,R128,3,Sofia Kenin,Ashlyn Krueger,7-6(2) 6-4,68,108,952,741
Madrid,WTA 1000,2026/04/20,Clay,R128,3,Katie Boulter,Taylor Townsend,6-4 6-2,61,90,1036,814
Madrid,WTA 1000,2026/04/20,Clay,R128,3,Katerina Siniakova,Elvina Kalieva,6-3 6-4,42,134,1299,562
Madrid,WTA 1000,2026/04/20,Clay,R128,3,Caty Mcnally,Katie Volynets,6-1 6-2,76,101,916,775
Madrid,WTA 1000,2026/04/20,Clay,R128,3,Tyra Caterina Grant,Elsa Jacquemot,6-1 6-2,262,62,260,1029
Madrid,WTA 1000,2026/04/20,Clay,R64,3,Jaqueline Cristian,Yuliia Starodubtseva,3-6 7-6(5) 6-4,33,53,1382,1139
Madrid,WTA 1000,2026/04/20,Clay,R64,3,Belinda Bencic,Petra Marcinko,6-4 6-2,12,74,3090,919
Madrid,WTA 1000,2026/04/20,Clay,R64,3,Anna Bondar,Elina Svitolina,6-3 6-4,63,7,1023,3910
Madrid,WTA 1000,2026/04/20,Clay,R64,3,Laura Samson,Xinyu Wang,2-6 6-3 6-0,171,31,428,1401
Madrid,WTA 1000,2026/04/20,Clay,R64,3,Diana Shnaider,Jessica Bouzas Maneiro,3-6 7-5 6-1,19,50,2001,1186
Madrid,WTA 1000,2026/04/20,Clay,R64,3,Iga Swiatek,Daria Snigur,6-1 6-2,4,98,7273,796
Madrid,WTA 1000,2026/04/20,Clay,R64,3,Dalma Galfi,Anna Kalinskaya,6-3 6-3,117,22,704,1813
Madrid,WTA 1000,2026/04/20,Clay,R64,3,Anhelina Kalinina,Marie Bouzkova,6-4 6-3,110,24,738,1676
Madrid,WTA 1000,2026/04/20,Clay,R64,3,Jasmine Paolini,Laura Siegemund,3-6 6-2 6-4,9,47,3722,1217
Madrid,WTA 1000,2026/04/20,Clay,R64,3,Aryna Sabalenka,Peyton Stearns,7-5 6-3,1,43,10895,1296
Madrid,WTA 1000,2026/04/20,Clay,R64,3,Ann Li,Alycia Parks,6-2 6-7(5) 6-3,34,84,1380,872
Madrid,WTA 1000,2026/04/20,Clay,R64,3,Naomi Osaka,Camila Osorio,6-2 7-5,15,83,2324,876
Madrid,WTA 1000,2026/04/20,Clay,R64,3,Iva Jovic,Magda Linette,6-4 6-1,16,57,2270,1059
Madrid,WTA 1000,2026/04/20,Clay,R64,3,Leylah Fernandez,Julia Grabher,6-2 6-3,25,107,1646,746
Madrid,WTA 1000,2026/04/20,Clay,R64,3,Mirra Andreeva,Panna Udvardy,7-5 6-2,8,78,3746,906
Madrid,WTA 1000,2026/04/20,Clay,R64,3,Hailey Baptiste,Kaitlin Quevedo,6-1 6-4,32,140,1392,541
Madrid,WTA 1000,2026/04/20,Clay,R64,3,Qinwen Zheng,Sofia Kenin,1-6 6-3 6-3,36,68,1350,952
Madrid,WTA 1000,2026/04/20,Clay,R64,3,Karolina Pliskova,Maria Sakkari,6-4 7-6(6),197,37,375,1348
Madrid,WTA 1000,2026/04/20,Clay,R64,3,Solana Sierra,Magdalena Frech,6-2 6-4,88,38,825,1318
Madrid,WTA 1000,2026/04/20,Clay,R64,3,Anastasia Potapova,Shuai Zhang,6-3 6-1,56,65,1065,989
Madrid,WTA 1000,2026/04/20,Clay,R64,3,Zeynep Sonmez,Cristina Bucsa,6-1 6-7(4) 6-2,67,30,963,1426
Madrid,WTA 1000,2026/04/20,Clay,R64,3,Liudmila Samsonova,Janice Tjen,6-2 6-1,20,39,1895,1317
Madrid,WTA 1000,2026/04/20,Clay,R64,3,Elise Mertens,Alexandra Eala,6-2 6-1,21,44,1858,1285
Madrid,WTA 1000,2026/04/20,Clay,R64,3,Elena Rybakina,Elena Gabriela Ruse,4-6 6-3 7-5,2,71,8500,937
Madrid,WTA 1000,2026/04/20,Clay,R64,3,Jelena Ostapenko,Simona Waltert,6-2 7-5,40,97,1314,796
Madrid,WTA 1000,2026/04/20,Clay,R64,3,Sorana Cirstea,Tyra Caterina Grant,6-2 7-6(5),26,262,1540,260
Madrid,WTA 1000,2026/04/20,Clay,R64,3,Linda Noskova,Emiliana Arango,6-3 6-2,13,86,2849,843
Madrid,WTA 1000,2026/04/20,Clay,R64,3,Marta Kostyuk,Yulia Putintseva,6-1 6-3,23,80,1722,893
Madrid,WTA 1000,2026/04/20,Clay,R64,3,Katerina Siniakova,Anna Blinkova,6-2 6-2,42,89,1299,819
Madrid,WTA 1000,2026/04/20,Clay,R64,3,Coco Gauff,Leolia Jeanjean,6-3 6-0,3,126,7279,586
Madrid,WTA 1000,2026/04/20,Clay,R64,3,Caty Mcnally,Victoria Mboko,6-4 6-1,76,10,916,3531
Madrid,WTA 1000,2026/04/20,Clay,R32,3,Jessica Pegula,Katie Boulter,6-4 6-4,5,61,6136,1036
Madrid,WTA 1000,2026/04/20,Clay,R32,3,Belinda Bencic,Diana Shnaider,6-2 7-6(6),12,19,3090,2001
Madrid,WTA 1000,2026/04/20,Clay,R32,3,Anna Bondar,Laura Samson,7-6(3) 6-1,63,171,1023,428
Madrid,WTA 1000,2026/04/20,Clay,R32,3,Leylah Fernandez,Iva Jovic,3-6 6-3 6-2,25,16,1646,2270
Madrid,WTA 1000,2026/04/20,Clay,R32,3,Mirra Andreeva,Dalma Galfi,6-3 6-2,8,117,3746,704
Madrid,WTA 1000,2026/04/20,Clay,R32,3,Ann Li,Iga Swiatek,7-6(4) 2-6 3-0,34,4,1380,7273
Madrid,WTA 1000,2026/04/20,Clay,R32,3,Hailey Baptiste,Jasmine Paolini,7-5 6-3,32,9,1392,3722
Madrid,WTA 1000,2026/04/20,Clay,R32,3,Aryna Sabalenka,Jaqueline Cristian,6-1 6-4,1,33,10895,1382
Madrid,WTA 1000,2026/04/20,Clay,R32,3,Naomi Osaka,Anhelina Kalinina,6-1 6-3,15,110,2324,738
Madrid,WTA 1000,2026/04/20,Clay,R32,3,Linda Noskova,Liudmila Samsonova,W/O,13,20,2849,1895
Madrid,WTA 1000,2026/04/20,Clay,R32,3,Solana Sierra,Zeynep Sonmez,0-6 6-2 6-3,88,67,825,963
Madrid,WTA 1000,2026/04/20,Clay,R32,3,Coco Gauff,Sorana Cirstea,4-6 7-5 6-1,3,26,7279,1540
Madrid,WTA 1000,2026/04/20,Clay,R32,3,Caty Mcnally,Katerina Siniakova,6-3 2-6 7-6(2),76,42,916,1299
Madrid,WTA 1000,2026/04/20,Clay,R32,3,Karolina Pliskova,Elise Mertens,7-5 2-6 7-6(3),197,21,375,1858
Madrid,WTA 1000,2026/04/20,Clay,R32,3,Marta Kostyuk,Jessica Pegula,6-1 6-4,23,5,1722,6136
Madrid,WTA 1000,2026/04/20,Clay,R32,3,Elena Rybakina,Qinwen Zheng,4-6 6-4 6-3,2,36,8500,1350
Madrid,WTA 1000,2026/04/20,Clay,R32,3,Anastasia Potapova,Jelena Ostapenko,4-6 6-4 6-4,56,40,1065,1314
Madrid,WTA 1000,2026/04/20,Clay,R16,3,Hailey Baptiste,Belinda Bencic,6-1 6-7(14) 6-3,32,12,1392,3090
Madrid,WTA 1000,2026/04/20,Clay,R16,3,Leylah Fernandez,Ann Li,6-3 6-2,25,34,1646,1380
Madrid,WTA 1000,2026/04/20,Clay,R16,3,Karolina Pliskova,Solana Sierra,6-4 6-3,197,88,375,825
Madrid,WTA 1000,2026/04/20,Clay,R16,3,Aryna Sabalenka,Naomi Osaka,6-7(1) 6-3 6-2,1,15,10895,2324
Madrid,WTA 1000,2026/04/20,Clay,R16,3,Mirra Andreeva,Anna Bondar,6-7(5) 6-3 7-6(5),8,63,3746,1023
Madrid,WTA 1000,2026/04/20,Clay,R16,3,Linda Noskova,Coco Gauff,6-4 1-6 7-6(5),13,3,2849,7279
Madrid,WTA 1000,2026/04/20,Clay,R16,3,Marta Kostyuk,Caty Mcnally,6-2 6-3,23,76,1722,916
Madrid,WTA 1000,2026/04/20,Clay,R16,3,Anastasia Potapova,Elena Rybakina,7-6(8) 6-4,56,2,1065,8500
Madrid,WTA 1000,2026/04/20,Clay,QF,3,Mirra Andreeva,Leylah Fernandez,7-6(1) 6-3,8,25,3746,1646
Madrid,WTA 1000,2026/04/20,Clay,QF,3,Hailey Baptiste,Aryna Sabalenka,2-6 6-2 7-6(6),32,1,1392,10895
Madrid,WTA 1000,2026/04/20,Clay,QF,3,Anastasia Potapova,Karolina Pliskova,6-1 6-7(4) 6-3,56,197,1065,375
Madrid,WTA 1000,2026/04/20,Clay,QF,3,Marta Kostyuk,Linda Noskova,7-6(1) 6-0,23,13,1722,2849
Madrid,WTA 1000,2026/04/20,Clay,SF,3,Mirra Andreeva,Hailey Baptiste,6-4 7-6(8),8,32,3746,1392
Madrid,WTA 1000,2026/04/20,Clay,SF,3,Marta Kostyuk,Anastasia Potapova,6-2 1-6 6-1,23,56,1722,1065
Madrid,WTA 1000,2026/04/20,Clay,F,3,Marta Kostyuk,Mirra Andreeva,6-3 7-5,23,8,1722,3746
Rome,WTA 1000,2026/05/05,Clay,R128,3,Barbora Krejcikova,Elsa Jacquemot,6-2 6-4,53,64,1156,1007
Rome,WTA 1000,2026/05/05,Clay,R128,3,Qinwen Zheng,Anna Bondar,6-3 3-6 4-6,32,58,1405,1043
Rome,WTA 1000,2026/05/05,Clay,R128,3,Oleksandra Oliynykova,Petra Marcinko,1-6 3-6,68,69,940,934
Rome,WTA 1000,2026/05/05,Clay,R128,3,Bianca Andreescu,Sofia Kenin,4-6 5-7,137,74,564,922
Rome,WTA 1000,2026/05/05,Clay,R128,3,Antonia Ruzic,Kamilla Rakhimova,6-4 1-6 6-3,59,76,1041,919
Rome,WTA 1000,2026/05/05,Clay,R128,3,Mccartney Kessler,Lucia Bronzetti,6-3 5-7 6-4,50,173,1204,459
Rome,WTA 1000,2026/05/05,Clay,R128,3,Anastasia Zakharova,Dayana Yastremska,4-6 7-5 7-6(6),81,52,888,1175
Rome,WTA 1000,2026/05/05,Clay,R128,3,Zeynep Sonmez,Jennifer Ruggeri,4-6 6-2 6-2,65,265,998,260
Rome,WTA 1000,2026/05/05,Clay,R128,3,Talia Gibson,Martina Trevisan,4-6 6-0 3-6,62,516,1021,100
Rome,WTA 1000,2026/05/05,Clay,R128,3,Ann Li,Shuai Zhang,1-6 6-4 6-2,29,73,1435,924
Rome,WTA 1000,2026/05/05,Clay,R128,3,Alexandra Eala,Magdalena Frech,6-0 3-6 6-4,42,45,1285,1263
Rome,WTA 1000,2026/05/05,Clay,R128,3,Panna Udvardy,Alina Korneeva,6-2 7-6(2),71,122,931,657
Rome,WTA 1000,2026/05/05,Clay,R128,3,Tatjana Maria,Magda Linette,0-6 3-6,54,55,1086,1084
Rome,WTA 1000,2026/05/05,Clay,R128,3,Jelena Ostapenko,Lucrezia Stefanini,0-6 1-6,36,154,1369,495
Rome,WTA 1000,2026/05/05,Clay,R128,3,Leolia Jeanjean,Beatriz Haddad Maia,7-6(6) 6-4,127,78,608,904
Rome,WTA 1000,2026/05/05,Clay,R128,3,Katerina Siniakova,Lois Boisson,6-2 6-3,39,43,1342,1268
Rome,WTA 1000,2026/05/05,Clay,R128,3,Tyra Caterina Grant,Lisa Pigato,6-1 2-6 4-6,234,141,305,547
Rome,WTA 1000,2026/05/05,Clay,R128,3,Viktorija Golubic,Federica Urgesi,6-1 6-1,90,410,854,145
Rome,WTA 1000,2026/05/05,Clay,R128,3,Laura Siegemund,Sara Bejlek,6-4 6-4,46,37,1250,1360
Rome,WTA 1000,2026/05/05,Clay,R128,3,Solana Sierra,Tamara Korpatsch,6-3 6-1,72,87,924,868
Rome,WTA 1000,2026/05/05,Clay,R128,3,Taylor Townsend,Nuria Brancaccio,6-3 6-2,96,171,824,463
Rome,WTA 1000,2026/05/05,Clay,R128,3,Peyton Stearns,Janice Tjen,6-4 6-4,49,40,1211,1317
Rome,WTA 1000,2026/05/05,Clay,R128,3,Maria Sakkari,Lilli Tagger,7-5 3-6 0-6,47,92,1238,836
Rome,WTA 1000,2026/05/05,Clay,R128,3,Tereza Valentova,Yulia Putintseva,3-6 2-6,48,77,1231,918
Rome,WTA 1000,2026/05/05,Clay,R128,3,Rebeka Masarova,Oksana Selekhmeteva,5-7 7-5 1-6,160,84,479,871
Rome,WTA 1000,2026/05/05,Clay,R128,3,Anastasia Potapova,Dalma Galfi,7-5 2-6 4-6,38,119,1355,674
Rome,WTA 1000,2026/05/05,Clay,R128,3,Eva Lys,Katie Boulter,4-6 6-3 4-6,80,60,901,1036
Rome,WTA 1000,2026/05/05,Clay,R128,3,Simona Waltert,Yuliia Starodubtseva,5-7 6-4 1-6,91,57,840,1044
Rome,WTA 1000,2026/05/05,Clay,R128,3,Karolina Pliskova,Jessica Bouzas Maneiro,4-6 6-3 7-5,130,51,590,1186
Rome,WTA 1000,2026/05/05,Clay,R128,3,Elisabetta Cocciaretto,Sinja Kraus,6-2 6-4,41,103,1290,780
Rome,WTA 1000,2026/05/05,Clay,R128,3,Caty Mcnally,Daria Kasatkina,6-2 6-3,63,66,1018,987
Rome,WTA 1000,2026/05/05,Clay,R128,3,Noemi Basiletti,Ajla Tomljanovic,7-5 6-4,427,88,137,867
Rome,WTA 1000,2026/05/05,Clay,R64,3,Elise Mertens,Panna Udvardy,4-6 2-6,22,71,1858,931
Rome,WTA 1000,2026/05/05,Clay,R64,3,Mirra Andreeva,Antonia Ruzic,1-6 0-6,7,59,4181,1041
Rome,WTA 1000,2026/05/05,Clay,R64,3,Qinwen Zheng,Cristina Bucsa,6-7(6) 2-6,32,31,1405,1406
Rome,WTA 1000,2026/05/05,Clay,R64,3,Jasmine Paolini,Leolia Jeanjean,6-7(4) 6-2 6-4,8,127,3722,608
Rome,WTA 1000,2026/05/05,Clay,R64,3,Linda Noskova,Anastasia Zakharova,4-6 1-6,13,81,2999,888
Rome,WTA 1000,2026/05/05,Clay,R64,3,Sorana Cirstea,Tatjana Maria,2-6 0-6,27,54,1595,1086
Rome,WTA 1000,2026/05/05,Clay,R64,3,Viktorija Golubic,Maya Joint,5-7 2-6,90,34,854,1380
Rome,WTA 1000,2026/05/05,Clay,R64,3,Oleksandra Oliynykova,Clara Tauson,1-6 1-3 RET,68,18,940,2030
Rome,WTA 1000,2026/05/05,Clay,R64,3,Anna Kalinskaya,Katerina Siniakova,6-4 6-7(4) 5-7,24,39,1758,1342
Rome,WTA 1000,2026/05/05,Clay,R64,3,Coco Gauff,Tereza Valentova,6-3 6-4,4,48,6749,1231
Rome,WTA 1000,2026/05/05,Clay,R64,3,Jelena Ostapenko,Elena Gabriela Ruse,2-6 6-2 6-3,36,67,1369,963
Rome,WTA 1000,2026/05/05,Clay,R64,3,Belinda Bencic,Bianca Andreescu,6-4 6-1,12,137,3090,564
Rome,WTA 1000,2026/05/05,Clay,R64,3,Taylor Townsend,Marie Bouzkova,3-6 5-7,96,26,824,1651
Rome,WTA 1000,2026/05/05,Clay,R64,3,Solana Sierra,Anhelina Kalinina,6-2 6-3,72,93,924,833
Rome,WTA 1000,2026/05/05,Clay,R64,3,Aryna Sabalenka,Barbora Krejcikova,6-2 6-3,1,53,10110,1156
Rome,WTA 1000,2026/05/05,Clay,R64,3,Iva Jovic,Mccartney Kessler,6-7(5) 6-7(4),17,50,2235,1204
Rome,WTA 1000,2026/05/05,Clay,R64,3,Liudmila Samsonova,Ann Li,6-4 6-3,21,29,1895,1435
Rome,WTA 1000,2026/05/05,Clay,R64,3,Diana Shnaider,Talia Gibson,7-5 1-6 1-6,20,62,1946,1021
Rome,WTA 1000,2026/05/05,Clay,R64,3,Alexandra Eala,Xinyu Wang,4-6 3-6,42,33,1285,1401
Rome,WTA 1000,2026/05/05,Clay,R64,3,Iga Swiatek,Caty Mcnally,1-6 7-6(5) 3-6,3,63,6948,1018
Rome,WTA 1000,2026/05/05,Clay,R64,3,Anastasia Potapova,Karolina Muchova,6-3 6-2,38,11,1355,3318
Rome,WTA 1000,2026/05/05,Clay,R64,3,Madison Keys,Peyton Stearns,4-6 6-4 6-2,19,49,1946,1211
Rome,WTA 1000,2026/05/05,Clay,R64,3,Naomi Osaka,Eva Lys,6-4 4-6 6-3,16,80,2341,901
Rome,WTA 1000,2026/05/05,Clay,R64,3,Jessica Pegula,Zeynep Sonmez,6-4 6-0,5,65,6136,998
Rome,WTA 1000,2026/05/05,Clay,R64,3,Laura Siegemund,Ekaterina Alexandrova,4-6 7-6(4) 1-6,46,14,1250,2669
Rome,WTA 1000,2026/05/05,Clay,R64,3,Hailey Baptiste,Simona Waltert,7-6(9) 4-6 4-6,25,91,1747,840
Rome,WTA 1000,2026/05/05,Clay,R64,3,Nikola Bartunkova,Tyra Caterina Grant,6-4 3-6 4-6,94,234,831,305
Rome,WTA 1000,2026/05/05,Clay,R64,3,Elina Svitolina,Noemi Basiletti,6-1 6-3,10,427,3530,137
Rome,WTA 1000,2026/05/05,Clay,R64,3,Karolina Pliskova,Jaqueline Cristian,6-7(5) 7-6(2) 6-4,130,28,590,1437
Rome,WTA 1000,2026/05/05,Clay,R64,3,Rebeka Masarova,Leylah Fernandez,4-6 6-4 6-4,160,23,479,1851
Rome,WTA 1000,2026/05/05,Clay,R64,3,Elisabetta Cocciaretto,Emma Navarro,3-6 3-6,41,35,1290,1377
Rome,WTA 1000,2026/05/05,Clay,R64,3,Elena Rybakina,Maria Sakkari,4-6 1-6,2,47,8555,1238
Rome,WTA 1000,2026/05/05,Clay,R32,3,Coco Gauff,Solana Sierra,5-7 6-0 6-4,4,72,6749,924
Rome,WTA 1000,2026/05/05,Clay,R32,3,Linda Noskova,Oleksandra Oliynykova,1-6 3-6,13,68,2999,940
Rome,WTA 1000,2026/05/05,Clay,R32,3,Elise Mertens,Jasmine Paolini,6-4 6-7(5) 3-6,22,8,1858,3722
Rome,WTA 1000,2026/05/05,Clay,R32,3,Jelena Ostapenko,Qinwen Zheng,6-4 4-6 4-6,36,32,1369,1405
Rome,WTA 1000,2026/05/05,Clay,R32,3,Sorana Cirstea,Aryna Sabalenka,6-2 3-6 5-7,27,1,1595,10110
Rome,WTA 1000,2026/05/05,Clay,R32,3,Mirra Andreeva,Viktorija Golubic,1-6 6-4 0-6,7,90,4181,854
Rome,WTA 1000,2026/05/05,Clay,R32,3,Anna Kalinskaya,Belinda Bencic,4-6 3-6,24,12,1758,3090
Rome,WTA 1000,2026/05/05,Clay,R32,3,Iva Jovic,Taylor Townsend,5-7 2-6,17,96,2235,824
Rome,WTA 1000,2026/05/05,Clay,R32,3,Nikola Bartunkova,Madison Keys,3-6 6-1 4-6,94,19,831,1946
Rome,WTA 1000,2026/05/05,Clay,R32,3,Elina Svitolina,Hailey Baptiste,6-1 6-2,10,25,3530,1747
Rome,WTA 1000,2026/05/05,Clay,R32,3,Jessica Pegula,Rebeka Masarova,6-0 6-0,5,160,6136,479
Rome,WTA 1000,2026/05/05,Clay,R32,3,Anastasia Potapova,Liudmila Samsonova,3-6 2-6,38,21,1355,1895
Rome,WTA 1000,2026/05/05,Clay,R32,3,Naomi Osaka,Diana Shnaider,6-1 6-2,16,20,2341,1946
Rome,WTA 1000,2026/05/05,Clay,R32,3,Elena Rybakina,Alexandra Eala,4-6 3-6,2,42,8555,1285
Rome,WTA 1000,2026/05/05,Clay,R32,3,Iga Swiatek,Elisabetta Cocciaretto,1-6 0-6,3,41,6948,1290
Rome,WTA 1000,2026/05/05,Clay,R32,3,Karolina Pliskova,Laura Siegemund,1-6 4-6,130,46,590,1250
Rome,WTA 1000,2026/05/05,Clay,R16,3,Sorana Cirstea,Linda Noskova,6-2 6-4,27,13,1595,2999
Rome,WTA 1000,2026/05/05,Clay,R16,3,Coco Gauff,Iva Jovic,5-7 7-5 6-2,4,17,6749,2235
Rome,WTA 1000,2026/05/05,Clay,R16,3,Jelena Ostapenko,Anna Kalinskaya,1-6 2-6,36,24,1369,1758
Rome,WTA 1000,2026/05/05,Clay,R16,3,Mirra Andreeva,Elise Mertens,3-6 3-6,7,22,4181,1858
Rome,WTA 1000,2026/05/05,Clay,R16,3,Elina Svitolina,Nikola Bartunkova,6-2 6-3,10,94,3530,831
Rome,WTA 1000,2026/05/05,Clay,R16,3,Jessica Pegula,Anastasia Potapova,7-6(6) 6-2,5,38,6136,1355
Rome,WTA 1000,2026/05/05,Clay,R16,3,Iga Swiatek,Naomi Osaka,2-6 1-6,3,16,6948,2341
Rome,WTA 1000,2026/05/05,Clay,R16,3,Elena Rybakina,Karolina Pliskova,0-6 2-6,2,130,8555,590
Rome,WTA 1000,2026/05/05,Clay,QF,3,Sorana Cirstea,Jelena Ostapenko,6-1 7-6(0),27,36,1595,1369
Rome,WTA 1000,2026/05/05,Clay,QF,3,Coco Gauff,Mirra Andreeva,4-6 6-2 6-4,4,7,6749,4181
Rome,WTA 1000,2026/05/05,Clay,QF,3,Iga Swiatek,Jessica Pegula,1-6 2-6,3,5,6948,6136
Rome,WTA 1000,2026/05/05,Clay,QF,3,Elina Svitolina,Elena Rybakina,2-6 6-4 6-4,10,2,3530,8555
Rome,WTA 1000,2026/05/05,Clay,SF,3,Coco Gauff,Sorana Cirstea,4-6 3-6,4,27,6749,1595
Rome,WTA 1000,2026/05/05,Clay,SF,3,Elina Svitolina,Iga Swiatek,4-6 6-2 2-6,10,3,3530,6948
Rome,WTA 1000,2026/05/05,Clay,F,3,Elina Svitolina,Coco Gauff,4-6 7-6(3) 2-6,10,4,3530,6749
Strasbourg,WTA 500,2026/05/17,Clay,R32,3,Ann Li,Maya Joint,6-1 6-2,30,34,1460,1370
Strasbourg,WTA 500,2026/05/17,Clay,R32,3,Oleksandra Oliynykova,Alexandra Eala,3-6 7-5 6-3,66,38,970,1340
Strasbourg,WTA 500,2026/05/17,Clay,R32,3,Marie Bouzkova,Katerina Siniakova,7-6(3) 6-3,27,36,1596,1362
Strasbourg,WTA 500,2026/05/17,Clay,R32,3,Emma Navarro,Sara Bejlek,6-1 6-4,39,35,1327,1369
Strasbourg,WTA 500,2026/05/17,Clay,R32,3,Diane Parry,Emma Raducanu,6-4 7-6(4),94,37,853,1360
Strasbourg,WTA 500,2026/05/17,Clay,R32,3,Shuai Zhang,Cristina Bucsa,2-6 7-6(7) 7-5,74,31,919,1406
Strasbourg,WTA 500,2026/05/17,Clay,R32,3,Daria Kasatkina,Liudmila Samsonova,7-5 6-3,62,20,987,1950
Strasbourg,WTA 500,2026/05/17,Clay,R32,3,Peyton Stearns,Maria Sakkari,6-3 6-1,92,48,856,1208
Strasbourg,WTA 500,2026/05/17,Clay,R32,3,Jaqueline Cristian,Mccartney Kessler,6-1 6-1,33,47,1382,1229
Strasbourg,WTA 500,2026/05/17,Clay,R32,3,Leylah Fernandez,Leolia Jeanjean,6-1 7-5,24,124,1796,653
Strasbourg,WTA 500,2026/05/17,Clay,R32,3,Magdalena Frech,Talia Gibson,7-6(0) 6-3,49,55,1208,1036
Strasbourg,WTA 500,2026/05/17,Clay,R32,3,Lois Boisson,Xin Yu Wang,6-3 7-6(4),50,32,1204,1401
Strasbourg,WTA 500,2026/05/17,Clay,R16,3,Ann Li,Ekaterina Alexandrova,4-6 6-4 6-3,30,14,1460,2679
Strasbourg,WTA 500,2026/05/17,Clay,R16,3,Marie Bouzkova,Oleksandra Oliynykova,3-1 RET,27,66,1596,970
Strasbourg,WTA 500,2026/05/17,Clay,R16,3,Emma Navarro,Iva Jovic,6-4 4-6 6-1,39,17,1327,2306
Strasbourg,WTA 500,2026/05/17,Clay,R16,3,Shuai Zhang,Diane Parry,6-2 7-5,74,94,919,853
Strasbourg,WTA 500,2026/05/17,Clay,R16,3,Daria Kasatkina,Peyton Stearns,6-1 6-3,62,92,987,856
Strasbourg,WTA 500,2026/05/17,Clay,R16,3,Jaqueline Cristian,Clara Tauson,6-1 7-5,33,21,1382,1920
Strasbourg,WTA 500,2026/05/17,Clay,R16,3,Leylah Fernandez,Magdalena Frech,6-4 3-6 6-4,24,49,1796,1208
Strasbourg,WTA 500,2026/05/17,Clay,R16,3,Victoria Mboko,Lois Boisson,6-4 6-3,9,50,3395,1204
Strasbourg,WTA 500,2026/05/17,Clay,QF,3,Ann Li,Marie Bouzkova,6-3 7-5,30,27,1460,1596
Strasbourg,WTA 500,2026/05/17,Clay,QF,3,Emma Navarro,Shuai Zhang,2-6 7-6(5) 6-2,39,74,1327,919
Strasbourg,WTA 500,2026/05/17,Clay,QF,3,Jaqueline Cristian,Daria Kasatkina,7-6(3) 3-6 6-2,33,62,1382,987
Strasbourg,WTA 500,2026/05/17,Clay,QF,3,Victoria Mboko,Leylah Fernandez,6-4 6-4,9,24,3395,1796
Strasbourg,WTA 500,2026/05/17,Clay,SF,3,Emma Navarro,Ann Li,6-1 6-3,39,30,1327,1460
Strasbourg,WTA 500,2026/05/17,Clay,SF,3,Victoria Mboko,Jaqueline Cristian,7-6(3) 3-6 6-2,9,33,3395,1382
Strasbourg,WTA 500,2026/05/17,Clay,F,3,Emma Navarro,Victoria Mboko,6-0 5-7 6-2,39,9,1327,3395
Rabat,WTA 250,2026/05/18,Clay,R32,3,Jessica Bouzas Maneiro,Lisa Zaar,6-0 7-5,51,335,1200,195
Rabat,WTA 250,2026/05/18,Clay,R32,3,Fiona Ferro,Danka Kovinic,6-2 6-3,200,,370,
Rabat,WTA 250,2026/05/18,Clay,R32,3,Yelyzaveta Kotliar,Francesca Jones,2-6 6-3 6-4,528,105,100,736
Rabat,WTA 250,2026/05/18,Clay,R32,3,Petra Marcinko,Vera Zvonareva,6-2 6-4,76,326,917,201
Rabat,WTA 250,2026/05/18,Clay,R32,3,Tatjana Maria,Diae El Jardi,6-2 6-4,52,1023,1111,19
Rabat,WTA 250,2026/05/18,Clay,R32,3,Yasmine Kabbaj,Berfu Cengiz,7-6(4) 6-3,334,429,195,136
Rabat,WTA 250,2026/05/18,Clay,R32,3,Jil Teichmann,Julia Grabher,6-4 7-6(5),207,123,352,661
Rabat,WTA 250,2026/05/18,Clay,R32,3,Alycia Parks,Moyuka Uchijima,6-2 6-4,80,110,902,707
Rabat,WTA 250,2026/05/18,Clay,R32,3,Anna Bondar,Polona Hercog,1-1 RET,58,217,1023,333
Rabat,WTA 250,2026/05/18,Clay,R32,3,Emiliana Arango,Ella Seidel,6-3 4-6 6-1,98,97,813,818
Rabat,WTA 250,2026/05/18,Clay,R32,3,Anhelina Kalinina,Simona Waltert,6-3 6-4,84,93,873,856
Rabat,WTA 250,2026/05/18,Clay,R32,3,Yuliia Starodubtseva,Angela Fita Boluda,6-4 6-2,54,192,1078,383
Rabat,WTA 250,2026/05/18,Clay,R32,3,Panna Udvardy,Hanne Vandewinkel,6-4 6-2,68,102,951,790
Rabat,WTA 250,2026/05/18,Clay,R32,3,Sada Nahimana,Ajla Tomljanovic,6-3 7-5,231,90,309,857
Rabat,WTA 250,2026/05/18,Clay,R32,3,Camila Osorio,Tereza Martincova,6-0 6-4,77,250,912,287
Rabat,WTA 250,2026/05/18,Clay,R32,3,Janice Tjen,Caijsa Wilda Hennemann,6-1 7-5,41,292,1292,234
Rabat,WTA 250,2026/05/18,Clay,R16,3,Jessica Bouzas Maneiro,Fiona Ferro,2-6 7-6(2) 6-3,51,200,1200,370
Rabat,WTA 250,2026/05/18,Clay,R16,3,Petra Marcinko,Yelyzaveta Kotliar,5-7 6-2 7-6(1),76,528,917,100
Rabat,WTA 250,2026/05/18,Clay,R16,3,Yasmine Kabbaj,Tatjana Maria,6-2 6-4,334,52,195,1111
Rabat,WTA 250,2026/05/18,Clay,R16,3,Jil Teichmann,Alycia Parks,6-3 6-4,207,80,352,902
Rabat,WTA 250,2026/05/18,Clay,R16,3,Anna Bondar,Emiliana Arango,7-6(6) 1-6 6-0,58,98,1023,813
Rabat,WTA 250,2026/05/18,Clay,R16,3,Anhelina Kalinina,Yuliia Starodubtseva,6-3 7-6(3),84,54,873,1078
Rabat,WTA 250,2026/05/18,Clay,R16,3,Panna Udvardy,Sada Nahimana,6-4 6-1,68,231,951,309
Rabat,WTA 250,2026/05/18,Clay,R16,3,Camila Osorio,Janice Tjen,6-3 3-6 6-0,77,41,912,1292
Rabat,WTA 250,2026/05/18,Clay,QF,3,Petra Marcinko,Jessica Bouzas Maneiro,6-3 6-4,76,51,917,1200
Rabat,WTA 250,2026/05/18,Clay,QF,3,Jil Teichmann,Yasmine Kabbaj,6-1 5-7 7-6(6),207,334,352,195
Rabat,WTA 250,2026/05/18,Clay,QF,3,Anhelina Kalinina,Anna Bondar,6-4 7-5,84,58,873,1023
Rabat,WTA 250,2026/05/18,Clay,QF,3,Panna Udvardy,Camila Osorio,7-5 6-3,68,77,951,912
Rabat,WTA 250,2026/05/18,Clay,SF,3,Petra Marcinko,Jil Teichmann,7-6(2) 6-3,76,207,917,352
Rabat,WTA 250,2026/05/18,Clay,SF,3,Anhelina Kalinina,Panna Udvardy,6-0 6-3,84,68,873,951
Rabat,WTA 250,2026/05/18,Clay,F,3,Petra Marcinko,Anhelina Kalinina,6-2 3-0 RET,76,84,917,873
Roland Garros,Grand Slam,2026/05/24,Clay,R128,3,Marta Kostyuk,Oksana Selekhmeteva,6-2 6-3,11,97,3925,786
Roland Garros,Grand Slam,2026/05/24,Clay,R128,3,Caty Mcnally,Ajla Tomljanovic,3-6 7-6(5) 6-3,73,92,954,815
Roland Garros,Grand Slam,2026/05/24,Clay,R128,3,Xinyu Wang,Lilli Tagger,6-3 3-6 6-4,42,45,1193,1160
Roland Garros,Grand Slam,2026/05/24,Clay,R128,3,Marie Bouzkova,Lucia Bronzetti,6-3 6-1,24,118,1829,660
Roland Garros,Grand Slam,2026/05/24,Clay,R128,3,Belinda Bencic,Sinja Kraus,6-2 6-3,14,80,2845,907
Roland Garros,Grand Slam,2026/05/24,Clay,R128,3,Katie Volynets,Clara Burel,6-3 6-1,93,413,814,153
Roland Garros,Grand Slam,2026/05/24,Clay,R128,3,Yuliia Starodubtseva,Anna Blinkova,6-3 6-1,62,104,1008,749
Roland Garros,Grand Slam,2026/05/24,Clay,R128,3,Xiyu Wang,Danka Kovinic,6-3 6-1,94,906,808,30
Roland Garros,Grand Slam,2026/05/24,Clay,R128,3,Magda Linette,Tereza Valentova,5-7 6-4 7-6(9),65,64,1001,1003
Roland Garros,Grand Slam,2026/05/24,Clay,R128,3,Hailey Baptiste,Barbora Krejcikova,6-7(7) 7-6(6) 6-2,32,25,1372,1776
Roland Garros,Grand Slam,2026/05/24,Clay,R128,3,Tamara Korpatsch,Sara Sorribes Tormo,6-4 6-2,46,214,1134,357
Roland Garros,Grand Slam,2026/05/24,Clay,R128,3,Francesca Jones,Beatriz Haddad Maia,1-6 7-6(4) 6-2,110,152,703,507
Roland Garros,Grand Slam,2026/05/24,Clay,R128,3,Magdalena Frech,Elena Gabriela Ruse,7-6(5) 2-1,48,75,1120,941
Roland Garros,Grand Slam,2026/05/24,Clay,R128,3,Mirra Andreeva,Fiona Ferro,6-3 6-3,5,159,5293,485
Roland Garros,Grand Slam,2026/05/24,Clay,R128,3,Solana Sierra,Emma Raducanu,6-0 7-6(4),86,49,867,1105
Roland Garros,Grand Slam,2026/05/24,Clay,R128,3,Daria Snigur,Clara Tauson,3-6 7-5 6-2,43,30,1172,1564
Roland Garros,Grand Slam,2026/05/24,Clay,R128,3,Sara Bejlek,Sloane Stephens,6-3 6-2,38,307,1269,225
Roland Garros,Grand Slam,2026/05/24,Clay,R128,3,Peyton Stearns,Sofia Kenin,6-3 6-3,58,116,1017,684
Roland Garros,Grand Slam,2026/05/24,Clay,R128,3,Marina Bassols Ribera,Emiliana Arango,6-3 6-4,130,95,579,808
Roland Garros,Grand Slam,2026/05/24,Clay,R128,3,Sorana Cirstea,Ksenia Efremova,6-3 6-1,17,590,2502,81
Roland Garros,Grand Slam,2026/05/24,Clay,R128,3,Jasmine Paolini,Dayana Yastremska,7-5 6-3,15,87,2783,867
Roland Garros,Grand Slam,2026/05/24,Clay,R128,3,Jil Teichmann,Liudmila Samsonova,6-4 6-4,163,70,466,970
Roland Garros,Grand Slam,2026/05/24,Clay,R128,3,Daria Kasatkina,Zeynep Sonmez,6-4 6-4,61,52,1009,1074
Roland Garros,Grand Slam,2026/05/24,Clay,R128,3,Maja Chwalinska,Qinwen Zheng,6-4 6-0,21,123,1975,610
Roland Garros,Grand Slam,2026/05/24,Clay,R128,3,Susan Bandecchi,Cristina Bucsa,6-4 2-6 6-4,164,40,464,1244
Roland Garros,Grand Slam,2026/05/24,Clay,R128,3,Iga Swiatek,Emerson Jones,6-1 6-2,8,139,4539,557
Roland Garros,Grand Slam,2026/05/24,Clay,R128,3,Julia Grabher,Rebecca Sramkova,6-2 6-2,109,141,708,549
Roland Garros,Grand Slam,2026/05/24,Clay,R128,3,Eva Lys,Petra Marcinko,6-3 6-0,85,53,871,1074
Roland Garros,Grand Slam,2026/05/24,Clay,R128,3,Elise Mertens,Tatjana Maria,7-5 6-0,23,79,1948,913
Roland Garros,Grand Slam,2026/05/24,Clay,R128,3,Elena Rybakina,Veronika Erjavec,6-2 6-2,2,100,8056,775
Roland Garros,Grand Slam,2026/05/24,Clay,R128,3,Elina Svitolina,Anna Bondar,3-6 6-1 7-6(3),10,77,4351,936
Roland Garros,Grand Slam,2026/05/24,Clay,R128,3,Anastasia Potapova,Maya Joint,6-1 6-2,27,76,1667,936
Roland Garros,Grand Slam,2026/05/24,Clay,R128,3,Yulia Putintseva,Talia Gibson,4-6 6-4 6-1,81,72,904,958
Roland Garros,Grand Slam,2026/05/24,Clay,R128,3,Kaitlin Quevedo,Leolia Jeanjean,7-6(5) 7-6(2),103,117,754,677
Roland Garros,Grand Slam,2026/05/24,Clay,R128,3,Viktorija Golubic,Panna Udvardy,6-0 6-2,51,74,1088,953
Roland Garros,Grand Slam,2026/05/24,Clay,R128,3,Amanda Anisimova,Tiantsoa Sarah Rakotomanga Rajaonah,6-3 6-1,9,,4353,
Roland Garros,Grand Slam,2026/05/24,Clay,R128,3,Kamilla Rakhimova,Jaqueline Cristian,6-3 4-6 6-4,82,39,894,1256
Roland Garros,Grand Slam,2026/05/24,Clay,R128,3,Jelena Ostapenko,Ella Seidel,6-4 6-4,29,102,1592,767
Roland Garros,Grand Slam,2026/05/24,Clay,R128,3,Katie Boulter,Akasha Urhobo,6-4 4-6 6-4,69,179,987,434
Roland Garros,Grand Slam,2026/05/24,Clay,R128,3,Camila Osorio,Ekaterina Alexandrova,6-2 6-4,56,19,1048,2301
Roland Garros,Grand Slam,2026/05/24,Clay,R128,3,Mccartney Kessler,Hanyu Guo,4-6 7-6(1) 7-5,47,168,1125,454
Roland Garros,Grand Slam,2026/05/24,Clay,R128,3,Diana Shnaider,Renata Zarazua,6-4 6-1,18,83,2458,894
Roland Garros,Grand Slam,2026/05/24,Clay,R128,3,Alycia Parks,Leylah Fernandez,6-4 6-4,68,34,989,1344
Roland Garros,Grand Slam,2026/05/24,Clay,R128,3,Karolina Muchova,Anastasia Zakharova,7-5 6-2,6,101,5168,768
Roland Garros,Grand Slam,2026/05/24,Clay,R128,3,Donna Vekic,Alice Tubello,6-3 6-2,35,204,1326,382
Roland Garros,Grand Slam,2026/05/24,Clay,R128,3,Emma Navarro,Janice Tjen,6-4 6-3,26,37,1674,1282
Roland Garros,Grand Slam,2026/05/24,Clay,R128,3,Iva Jovic,Alexandra Eala,6-4 6-2,16,28,2636,1666
Roland Garros,Grand Slam,2026/05/24,Clay,R128,3,Claire Liu,Moyuka Uchijima,3-6 6-0 4-1,113,107,692,713
Roland Garros,Grand Slam,2026/05/24,Clay,R128,3,Aryna Sabalenka,Jessica Bouzas Maneiro,6-4 6-2,1,59,8550,1014
Roland Garros,Grand Slam,2026/05/24,Clay,R128,3,Maria Sakkari,Linda Noskova,7-5 7-6(3),33,7,1355,5016
Roland Garros,Grand Slam,2026/05/24,Clay,R128,3,Ann Li,Shuai Zhang,6-4 6-2,31,57,1541,1020
Roland Garros,Grand Slam,2026/05/24,Clay,R128,3,Mayar Sherif Ahmed Abdelaziz,Dalma Galfi,7-5 6-4,,156,,500
Roland Garros,Grand Slam,2026/05/24,Clay,R128,3,Naomi Osaka,Laura Siegemund,6-3 7-6(3),13,88,3086,852
Roland Garros,Grand Slam,2026/05/24,Clay,R128,3,Coco Gauff,Taylor Townsend,6-4 6-0,4,105,5649,748
Roland Garros,Grand Slam,2026/05/24,Clay,R128,3,Elsa Jacquemot,Linda Fruhvirtova,6-4 6-3,98,176,785,437
Roland Garros,Grand Slam,2026/05/24,Clay,R128,3,Antonia Ruzic,Ashlyn Krueger,3-6 6-2 6-2,55,67,1062,997
Roland Garros,Grand Slam,2026/05/24,Clay,R128,3,Alina Korneeva,Elisabetta Cocciaretto,6-3 6-3,89,71,849,967
Roland Garros,Grand Slam,2026/05/24,Clay,R128,3,Diane Parry,Anhelina Kalinina,0-6 6-2 6-4,60,54,1011,1072
Roland Garros,Grand Slam,2026/05/24,Clay,R128,3,Anna Kalinskaya,Lois Boisson,6-2 6-2,20,292,2007,238
Roland Garros,Grand Slam,2026/05/24,Clay,R128,3,Katerina Siniakova,Simona Waltert,6-4 7-6(4),36,90,1285,846
Roland Garros,Grand Slam,2026/05/24,Clay,R128,3,Oleksandra Oliynykova,Elena Pridankina,6-1 6-2,44,185,1171,425
Roland Garros,Grand Slam,2026/05/24,Clay,R128,3,Madison Keys,Hanne Vandewinkel,6-3 6-0,22,91,1964,833
Roland Garros,Grand Slam,2026/05/24,Clay,R128,3,Victoria Mboko,Nikola Bartunkova,6-1 6-2,12,41,3520,1231
Roland Garros,Grand Slam,2026/05/24,Clay,R128,3,Kimberly Birrell,Jessica Pegula,1-6 6-3 6-3,66,3,999,6300
Roland Garros,Grand Slam,2026/05/24,Clay,R64,3,Belinda Bencic,Caty Mcnally,6-4 6-0,14,73,2845,954
Roland Garros,Grand Slam,2026/05/24,Clay,R64,3,Tamara Korpatsch,Xinyu Wang,6-2 2-6 6-3,46,42,1134,1193
Roland Garros,Grand Slam,2026/05/24,Clay,R64,3,Iga Swiatek,Sara Bejlek,6-2 6-3,8,38,4539,1269
Roland Garros,Grand Slam,2026/05/24,Clay,R64,3,Peyton Stearns,Daria Snigur,6-4 6-0,58,43,1017,1172
Roland Garros,Grand Slam,2026/05/24,Clay,R64,3,Magda Linette,Jelena Ostapenko,6-2 2-6 6-2,65,29,1001,1592
Roland Garros,Grand Slam,2026/05/24,Clay,R64,3,Viktorija Golubic,Alycia Parks,6-2 6-2,51,68,1088,989
Roland Garros,Grand Slam,2026/05/24,Clay,R64,3,Elina Svitolina,Kaitlin Quevedo,6-0 6-4,10,103,4351,754
Roland Garros,Grand Slam,2026/05/24,Clay,R64,3,Marie Bouzkova,Francesca Jones,6-0 7-6(3),24,110,1829,703
Roland Garros,Grand Slam,2026/05/24,Clay,R64,3,Marta Kostyuk,Katie Volynets,6-7(4) 6-3 6-3,11,93,3925,814
Roland Garros,Grand Slam,2026/05/24,Clay,R64,3,Yuliia Starodubtseva,Elena Rybakina,3-6 6-1 7-6(4),62,2,1008,8056
Roland Garros,Grand Slam,2026/05/24,Clay,R64,3,Jil Teichmann,Magdalena Frech,7-5 6-4,163,48,466,1120
Roland Garros,Grand Slam,2026/05/24,Clay,R64,3,Solana Sierra,Jasmine Paolini,3-6 6-4 6-3,86,15,867,2783
Roland Garros,Grand Slam,2026/05/24,Clay,R64,3,Xiyu Wang,Hailey Baptiste,5-4,94,32,808,1372
Roland Garros,Grand Slam,2026/05/24,Clay,R64,3,Sorana Cirstea,Eva Lys,6-3 6-0,17,85,2502,871
Roland Garros,Grand Slam,2026/05/24,Clay,R64,3,Mirra Andreeva,Marina Bassols Ribera,3-6 6-1 6-1,5,130,5293,579
Roland Garros,Grand Slam,2026/05/24,Clay,R64,3,Karolina Muchova,Kamilla Rakhimova,6-2 6-2,6,82,5168,894
Roland Garros,Grand Slam,2026/05/24,Clay,R64,3,Naomi Osaka,Donna Vekic,7-6(1) 6-4,13,35,3086,1326
Roland Garros,Grand Slam,2026/05/24,Clay,R64,3,Iva Jovic,Emma Navarro,6-0 6-3,16,26,2636,1674
Roland Garros,Grand Slam,2026/05/24,Clay,R64,3,Oleksandra Oliynykova,Kimberly Birrell,6-3 0-6 7-6(5),44,66,1171,999
Roland Garros,Grand Slam,2026/05/24,Clay,R64,3,Diana Shnaider,Mccartney Kessler,7-6(3) 6-1,18,47,2458,1125
Roland Garros,Grand Slam,2026/05/24,Clay,R64,3,Maja Chwalinska,Elise Mertens,6-4 6-0,21,23,1975,1948
Roland Garros,Grand Slam,2026/05/24,Clay,R64,3,Camila Osorio,Yulia Putintseva,7-5 6-7(6) 7-5,56,81,1048,904
Roland Garros,Grand Slam,2026/05/24,Clay,R64,3,Anna Kalinskaya,Alina Korneeva,7-6(2) 6-4,20,89,2007,849
Roland Garros,Grand Slam,2026/05/24,Clay,R64,3,Maria Sakkari,Claire Liu,6-7(7) 6-3 6-3,33,113,1355,692
Roland Garros,Grand Slam,2026/05/24,Clay,R64,3,Daria Kasatkina,Susan Bandecchi,7-5 7-6(11),61,164,1009,464
Roland Garros,Grand Slam,2026/05/24,Clay,R64,3,Diane Parry,Ann Li,6-3 6-4,60,31,1011,1541
Roland Garros,Grand Slam,2026/05/24,Clay,R64,3,Amanda Anisimova,Julia Grabher,6-0,9,109,4353,708
Roland Garros,Grand Slam,2026/05/24,Clay,R64,3,Coco Gauff,Mayar Sherif Ahmed Abdelaziz,6-3 6-2,4,,5649,
Roland Garros,Grand Slam,2026/05/24,Clay,R64,3,Madison Keys,Antonia Ruzic,6-4 6-4,22,55,1964,1062
Roland Garros,Grand Slam,2026/05/24,Clay,R64,3,Aryna Sabalenka,Elsa Jacquemot,7-5 6-2,1,98,8550,785
Roland Garros,Grand Slam,2026/05/24,Clay,R64,3,Anastasia Potapova,Katie Boulter,5-7 6-4 6-2,27,69,1667,987
Roland Garros,Grand Slam,2026/05/24,Clay,R64,3,Victoria Mboko,Katerina Siniakova,5-7 6-4 6-2,12,36,3520,1285
Roland Garros,Grand Slam,2026/05/24,Clay,R32,3,Marta Kostyuk,Viktorija Golubic,6-4 6-3,11,51,3925,1088
Roland Garros,Grand Slam,2026/05/24,Clay,R32,3,Xiyu Wang,Yuliia Starodubtseva,6-3 7-5,94,62,808,1008
Roland Garros,Grand Slam,2026/05/24,Clay,R32,3,Iga Swiatek,Magda Linette,6-4 6-4,8,65,4539,1001
Roland Garros,Grand Slam,2026/05/24,Clay,R32,3,Mirra Andreeva,Marie Bouzkova,6-4 6-2,5,24,5293,1829
Roland Garros,Grand Slam,2026/05/24,Clay,R32,3,Jil Teichmann,Karolina Muchova,6-1 7-5,163,6,466,5168
Roland Garros,Grand Slam,2026/05/24,Clay,R32,3,Sorana Cirstea,Solana Sierra,6-0 6-0,17,86,2502,867
Roland Garros,Grand Slam,2026/05/24,Clay,R32,3,Elina Svitolina,Tamara Korpatsch,6-2 6-3,10,46,4351,1134
Roland Garros,Grand Slam,2026/05/24,Clay,R32,3,Belinda Bencic,Peyton Stearns,6-3 6-3,14,58,2845,1017
Roland Garros,Grand Slam,2026/05/24,Clay,R32,3,Naomi Osaka,Iva Jovic,7-6(5) 6-7(3) 6-4,13,16,3086,2636
Roland Garros,Grand Slam,2026/05/24,Clay,R32,3,Maja Chwalinska,Maria Sakkari,1-6 6-3 6-2,21,33,1975,1355
Roland Garros,Grand Slam,2026/05/24,Clay,R32,3,Diana Shnaider,Oleksandra Oliynykova,7-5 6-1,18,44,2458,1171
Roland Garros,Grand Slam,2026/05/24,Clay,R32,3,Diane Parry,Amanda Anisimova,6-3 4-6 7-6(3),60,9,1011,4353
Roland Garros,Grand Slam,2026/05/24,Clay,R32,3,Aryna Sabalenka,Daria Kasatkina,6-0 7-5,1,61,8550,1009
Roland Garros,Grand Slam,2026/05/24,Clay,R32,3,Anna Kalinskaya,Camila Osorio,6-3 0-6 6-2,20,56,2007,1048
Roland Garros,Grand Slam,2026/05/24,Clay,R32,3,Anastasia Potapova,Coco Gauff,4-6 7-6(1) 6-4,27,4,1667,5649
Roland Garros,Grand Slam,2026/05/24,Clay,R32,3,Madison Keys,Victoria Mboko,6-3 5-7 7-5,22,12,1964,3520
Roland Garros,Grand Slam,2026/05/24,Clay,R16,3,Sorana Cirstea,Xiyu Wang,6-3 7-6(4),17,94,2502,808
Roland Garros,Grand Slam,2026/05/24,Clay,R16,3,Marta Kostyuk,Iga Swiatek,7-5 6-1,11,8,3925,4539
Roland Garros,Grand Slam,2026/05/24,Clay,R16,3,Elina Svitolina,Belinda Bencic,4-6 6-4 6-0,10,14,4351,2845
Roland Garros,Grand Slam,2026/05/24,Clay,R16,3,Mirra Andreeva,Jil Teichmann,6-3 6-2,5,163,5293,466
Roland Garros,Grand Slam,2026/05/24,Clay,R16,3,Anna Kalinskaya,Anastasia Potapova,6-4 2-6 7-6(7),20,27,2007,1667
Roland Garros,Grand Slam,2026/05/24,Clay,R16,3,Diana Shnaider,Madison Keys,6-3 3-6 6-0,18,22,2458,1964
Roland Garros,Grand Slam,2026/05/24,Clay,R16,3,Maja Chwalinska,Diane Parry,6-3 6-2,21,60,1975,1011
Roland Garros,Grand Slam,2026/05/24,Clay,R16,3,Aryna Sabalenka,Naomi Osaka,7-5 6-3,1,13,8550,3086
Roland Garros,Grand Slam,2026/05/24,Clay,QF,3,Mirra Andreeva,Sorana Cirstea,6-0 6-3,5,17,5293,2502
Roland Garros,Grand Slam,2026/05/24,Clay,QF,3,Marta Kostyuk,Elina Svitolina,6-3 2-6 6-2,11,10,3925,4351
Roland Garros,Grand Slam,2026/05/24,Clay,QF,3,Maja Chwalinska,Anna Kalinskaya,7-6(3) 6-3,21,20,1975,2007
Roland Garros,Grand Slam,2026/05/24,Clay,QF,3,Diana Shnaider,Aryna Sabalenka,3-6 7-5 6-0,18,1,2458,8550
Roland Garros,Grand Slam,2026/05/24,Clay,SF,3,Mirra Andreeva,Marta Kostyuk,6-1 6-3,5,11,5293,3925
Roland Garros,Grand Slam,2026/05/24,Clay,SF,3,Maja Chwalinska,Diana Shnaider,7-6(4) 6-4,21,18,1975,2458
Roland Garros,Grand Slam,2026/05/24,Clay,F,3,Mirra Andreeva,Maja Chwalinska,6-3 6-2,5,21,5293,1975
Queen's Club,WTA 500,2026/06/08,Grass,R32,3,Jaqueline Cristian,Qinwen Zheng,6-4 7-6(4),40,160,1324,466
Queen's Club,WTA 500,2026/06/08,Grass,R32,3,Katie Boulter,Leylah Fernandez,3-6 7-6(4) 7-5,56,22,1076,1844
Queen's Club,WTA 500,2026/06/08,Grass,R32,3,Karolina Pliskova,Mccartney Kessler,6-7(1) 6-3 6-4,87,44,838,1261
Queen's Club,WTA 500,2026/06/08,Grass,R32,3,Marie Bouzkova,Polina Kudermetova,6-0 6-3,27,115,1659,678
Queen's Club,WTA 500,2026/06/08,Grass,R32,3,Donna Vekic,Mika Stojsavljevic,6-2 6-3,33,263,1431,270
Queen's Club,WTA 500,2026/06/08,Grass,R32,3,Sorana Cirstea,Maddison Inglis,6-4 5-7 6-2,18,148,2415,516
Queen's Club,WTA 500,2026/06/08,Grass,R32,3,Emma Raducanu,Anna Blinkova,6-0 6-3,31,106,1458,728
Queen's Club,WTA 500,2026/06/08,Grass,R32,3,Harriet Dart,Liudmila Samsonova,5-7 6-4 6-3,152,37,512,1405
Queen's Club,WTA 500,2026/06/08,Grass,R32,3,Iva Jovic,Antonia Ruzic,6-3 6-4,17,57,2436,1071
Queen's Club,WTA 500,2026/06/08,Grass,R32,3,Alexandra Eala,Shuai Zhang,6-3 6-2,35,67,1422,1015
Queen's Club,WTA 500,2026/06/08,Grass,R32,3,Laura Siegemund,Francesca Jones,6-2 6-3,42,99,1289,776
Queen's Club,WTA 500,2026/06/08,Grass,R16,3,Elena Rybakina,Tatjana Maria,6-7(4) 7-5 6-0,2,117,8143,671
Queen's Club,WTA 500,2026/06/08,Grass,R16,3,Katie Boulter,Jaqueline Cristian,6-1 6-3,56,40,1076,1324
Queen's Club,WTA 500,2026/06/08,Grass,R16,3,Karolina Pliskova,Victoria Mboko,6-2 3-4 RET,87,9,838,3670
Queen's Club,WTA 500,2026/06/08,Grass,R16,3,Donna Vekic,Marie Bouzkova,7-6(9) 6-3,33,27,1431,1659
Queen's Club,WTA 500,2026/06/08,Grass,R16,3,Emma Raducanu,Sorana Cirstea,6-4 6-2,31,18,1458,2415
Queen's Club,WTA 500,2026/06/08,Grass,R16,3,Kamilla Rakhimova,Harriet Dart,5-7 6-1 7-5,65,152,1023,512
Queen's Club,WTA 500,2026/06/08,Grass,R16,3,Iva Jovic,Alexandra Eala,6-2 6-2,17,35,2436,1422
Queen's Club,WTA 500,2026/06/08,Grass,R16,3,Amanda Anisimova,Laura Siegemund,6-1 6-3,6,42,5631,1289
Queen's Club,WTA 500,2026/06/08,Grass,QF,3,Katie Boulter,Elena Rybakina,7-5 2-6 6-4,56,2,1076,8143
Queen's Club,WTA 500,2026/06/08,Grass,QF,3,Donna Vekic,Karolina Pliskova,6-4 4-6 6-3,33,87,1431,838
Queen's Club,WTA 500,2026/06/08,Grass,QF,3,Emma Raducanu,Kamilla Rakhimova,6-3 7-5,31,65,1458,1023
Queen's Club,WTA 500,2026/06/08,Grass,QF,3,Iva Jovic,Amanda Anisimova,6-2 3-6 6-3,17,6,2436,5631
Queen's Club,WTA 500,2026/06/08,Grass,SF,3,Donna Vekic,Katie Boulter,6-1 6-3,33,56,1431,1076
Queen's Club,WTA 500,2026/06/08,Grass,SF,3,Emma Raducanu,Iva Jovic,6-2 6-2,31,17,1458,2436
Queen's Club,WTA 500,2026/06/08,Grass,F,3,Donna Vekic,Emma Raducanu,6-0 7-6(6),33,31,1431,1458
's-Hertogenbosch,WTA 250,2026/06/08,Grass,R32,3,Panna Udvardy,Ekaterina Alexandrova,6-4 7-6(5),68,19,1015,2411
's-Hertogenbosch,WTA 250,2026/06/08,Grass,R32,3,Daria Snigur,Paula Badosa,6-1 7-6(2),75,142,928,546
's-Hertogenbosch,WTA 250,2026/06/08,Grass,R32,3,Robin Montgomery,Daria Kasatkina,5-7 6-0 6-4,484,69,116,1009
's-Hertogenbosch,WTA 250,2026/06/08,Grass,R32,3,Greet Minnen,Janice Tjen,7-6(4) 6-1,197,43,379,1267
's-Hertogenbosch,WTA 250,2026/06/08,Grass,R32,3,Caty Mcnally,Emma Navarro,4-6 6-0 6-4,54,25,1095,1681
's-Hertogenbosch,WTA 250,2026/06/08,Grass,R32,3,Solana Sierra,Lois Boisson,6-4 5-7 6-3,58,154,1067,495
's-Hertogenbosch,WTA 250,2026/06/08,Grass,R32,3,Ajla Tomljanovic,Jessica Bouzas Maneiro,6-3 6-1,96,55,797,1080
's-Hertogenbosch,WTA 250,2026/06/08,Grass,R32,3,Dayana Yastremska,Sara Bejlek,6-1 6-2,50,47,1126,1179
's-Hertogenbosch,WTA 250,2026/06/08,Grass,R32,3,Barbora Krejcikova,Renata Zarazua,6-1 6-2,39,77,1373,925
's-Hertogenbosch,WTA 250,2026/06/08,Grass,R32,3,Hanne Vandewinkel,Nikola Bartunkova,4-6 7-6(5) 7-5,98,62,784,1041
's-Hertogenbosch,WTA 250,2026/06/08,Grass,R32,3,Elena Gabriela Ruse,Tamara Korpatsch,6-4 7-6(5),105,78,731,919
's-Hertogenbosch,WTA 250,2026/06/08,Grass,R32,3,Elise Mertens,Bianca Andreescu,6-1 6-2,24,178,1698,426
's-Hertogenbosch,WTA 250,2026/06/08,Grass,R32,3,Anastasia Potapova,Suzan Lamens,6-7(5) 6-4 6-4,26,134,1669,572
's-Hertogenbosch,WTA 250,2026/06/08,Grass,R32,3,Zeynep Sonmez,Katie Volynets,6-3 2-6 6-3,61,102,1042,765
's-Hertogenbosch,WTA 250,2026/06/08,Grass,R32,3,Magda Linette,Kimberly Birrell,2-6 6-1 6-2,48,73,1139,939
's-Hertogenbosch,WTA 250,2026/06/08,Grass,R32,3,Mia Pohankova,Clara Tauson,6-4 6-4,253,23,283,1800
's-Hertogenbosch,WTA 250,2026/06/08,Grass,R16,3,Daria Snigur,Panna Udvardy,6-4 3-6 6-4,75,68,928,1015
's-Hertogenbosch,WTA 250,2026/06/08,Grass,R16,3,Robin Montgomery,Greet Minnen,6-4 7-6(4),484,197,116,379
's-Hertogenbosch,WTA 250,2026/06/08,Grass,R16,3,Caty Mcnally,Solana Sierra,6-4 6-3,54,58,1095,1067
's-Hertogenbosch,WTA 250,2026/06/08,Grass,R16,3,Ajla Tomljanovic,Dayana Yastremska,4-6 6-4 7-5,96,50,797,1126
's-Hertogenbosch,WTA 250,2026/06/08,Grass,R16,3,Barbora Krejcikova,Hanne Vandewinkel,6-1 6-4,39,98,1373,784
's-Hertogenbosch,WTA 250,2026/06/08,Grass,R16,3,Elena Gabriela Ruse,Elise Mertens,6-3 6-3,105,24,731,1698
's-Hertogenbosch,WTA 250,2026/06/08,Grass,R16,3,Zeynep Sonmez,Anastasia Potapova,6-1 2-0 RET,61,26,1042,1669
's-Hertogenbosch,WTA 250,2026/06/08,Grass,R16,3,Magda Linette,Mia Pohankova,6-2 6-2,48,253,1139,283
's-Hertogenbosch,WTA 250,2026/06/08,Grass,QF,3,Robin Montgomery,Daria Snigur,6-4 6-4,484,75,116,928
's-Hertogenbosch,WTA 250,2026/06/08,Grass,QF,3,Ajla Tomljanovic,Caty Mcnally,6-4 6-4,96,54,797,1095
's-Hertogenbosch,WTA 250,2026/06/08,Grass,QF,3,Barbora Krejcikova,Elena Gabriela Ruse,6-1 6-2,39,105,1373,731
's-Hertogenbosch,WTA 250,2026/06/08,Grass,QF,3,Magda Linette,Zeynep Sonmez,6-4 6-2,48,61,1139,1042
's-Hertogenbosch,WTA 250,2026/06/08,Grass,SF,3,Robin Montgomery,Ajla Tomljanovic,6-4 6-2,484,96,116,797
's-Hertogenbosch,WTA 250,2026/06/08,Grass,SF,3,Barbora Krejcikova,Magda Linette,6-3 7-6(4),39,48,1373,1139
's-Hertogenbosch,WTA 250,2026/06/08,Grass,F,3,Robin Montgomery,Barbora Krejcikova,W/O,484,39,116,1373
Nottingham,WTA 250,2026/06/15,Grass,R32,3,Tatjana Maria,Janice Tjen,6-3 6-2,117,40,671,1267
Nottingham,WTA 250,2026/06/15,Grass,R32,3,Marie Bouzkova,Tereza Valentova,6-3 6-3,27,63,1659,1040
Nottingham,WTA 250,2026/06/15,Grass,R32,3,Qinwen Zheng,Maria Sakkari,4-6 7-6(1) 6-4,160,41,466,1299
Nottingham,WTA 250,2026/06/15,Grass,R32,3,Emma Navarro,Anna Bondar,7-6(6) 3-6 2-6,25,74,1681,936
Nottingham,WTA 250,2026/06/15,Grass,R32,3,Yuliia Starodubtseva,Maya Joint,7-6(8) 5-7 4-6,59,53,1063,1096
Nottingham,WTA 250,2026/06/15,Grass,R32,3,Talia Gibson,Francesca Jones,6-3 5-7 7-6(4),66,99,1023,776
Nottingham,WTA 250,2026/06/15,Grass,R32,3,Jessica Bouzas Maneiro,Himeno Sakatsume,5-7 2-6,55,125,1080,612
Nottingham,WTA 250,2026/06/15,Grass,R32,3,Taylah Preston,Anna Blinkova,6-4 3-6 3-6,124,106,624,728
Nottingham,WTA 250,2026/06/15,Grass,R32,3,Ann Li,Kimberly Birrell,4-6 7-6(3) 6-4,29,73,1601,939
Nottingham,WTA 250,2026/06/15,Grass,R32,3,Katie Volynets,Mccartney Kessler,3-6 3-6,102,44,765,1261
Nottingham,WTA 250,2026/06/15,Grass,R32,3,Zeynep Sonmez,Leylah Fernandez,6-4 7-6(1),61,22,1042,1844
Nottingham,WTA 250,2026/06/15,Grass,R32,3,Dayana Yastremska,Alicia Dudeney,4-6 6-7(2),50,248,1126,286
Nottingham,WTA 250,2026/06/15,Grass,R32,3,Caty Mcnally,Antonia Ruzic,6-3 6-0,54,57,1095,1071
Nottingham,WTA 250,2026/06/15,Grass,R32,3,Hannah Klugman,Harriet Dart,2-6 4-6,509,152,107,512
Nottingham,WTA 250,2026/06/15,Grass,R32,3,Viktorija Golubic,Sofia Kenin,6-2 4-6 6-3,76,104,927,747
Nottingham,WTA 250,2026/06/15,Grass,R32,3,Karolina Pliskova,Sara Bejlek,6-2 6-7(3) 2-6,87,47,838,1179
Nottingham,WTA 250,2026/06/15,Grass,R16,3,Emma Navarro,Yuliia Starodubtseva,4-6 7-6(3) 4-6,25,59,1681,1063
Nottingham,WTA 250,2026/06/15,Grass,R16,3,Jessica Bouzas Maneiro,Katie Volynets,5-7 0-1 RET,55,102,1080,765
Nottingham,WTA 250,2026/06/15,Grass,R16,3,Tatjana Maria,Dayana Yastremska,1-6 2-6,117,50,671,1126
Nottingham,WTA 250,2026/06/15,Grass,R16,3,Talia Gibson,Qinwen Zheng,6-3 7-6(10),66,160,1023,466
Nottingham,WTA 250,2026/06/15,Grass,R16,3,Viktorija Golubic,Zeynep Sonmez,7-5 4-6 6-4,76,61,927,1042
Nottingham,WTA 250,2026/06/15,Grass,R16,3,Karolina Pliskova,Caty Mcnally,6-4 7-6(3),87,54,838,1095
Nottingham,WTA 250,2026/06/15,Grass,R16,3,Marie Bouzkova,Hannah Klugman,7-5 6-2,27,509,1659,107
Nottingham,WTA 250,2026/06/15,Grass,R16,3,Ann Li,Taylah Preston,5-7 6-2 6-2,29,124,1601,624
Nottingham,WTA 250,2026/06/15,Grass,QF,3,Marie Bouzkova,Tatjana Maria,7-5 6-0,27,117,1659,671
Nottingham,WTA 250,2026/06/15,Grass,QF,3,Karolina Pliskova,Talia Gibson,7-5 6-4,87,66,838,1023
Nottingham,WTA 250,2026/06/15,Grass,QF,3,Emma Navarro,Jessica Bouzas Maneiro,6-7(6) 2-6,25,55,1681,1080
Nottingham,WTA 250,2026/06/15,Grass,QF,3,Viktorija Golubic,Ann Li,3-6 6-2 3-6,76,29,927,1601
Nottingham,WTA 250,2026/06/15,Grass,SF,3,Marie Bouzkova,Karolina Pliskova,4-6 1-6,27,87,1659,838
Nottingham,WTA 250,2026/06/15,Grass,SF,3,Emma Navarro,Viktorija Golubic,7-6(5) 6-2,25,76,1681,927
Nottingham,WTA 250,2026/06/15,Grass,F,3,Marie Bouzkova,Emma Navarro,7-6(5) 4-6 6-2,27,25,1659,1681
Berlin,WTA 500,2026/06/15,Grass,R32,3,Ekaterina Alexandrova,Anastasia Potapova,6-1 0-0 RET,19,26,2411,1669
Berlin,WTA 500,2026/06/15,Grass,R32,3,Nikola Bartunkova,Diana Shnaider,6-2 6-7(2) 6-3,62,16,1041,2458
Berlin,WTA 500,2026/06/15,Grass,R32,3,Elise Mertens,Liudmila Samsonova,1-6 6-3 6-0,24,37,1698,1405
Berlin,WTA 500,2026/06/15,Grass,R32,3,Madison Keys,Xinyu Wang,7-6(3) 6-1,28,32,1642,1431
Berlin,WTA 500,2026/06/15,Grass,R32,3,Eva Lys,Magdalena Frech,6-7(7) 3-6,80,45,901,1238
Berlin,WTA 500,2026/06/15,Grass,R32,3,Linda Noskova,Renata Zarazua,6-1 6-4,13,77,3054,925
Berlin,WTA 500,2026/06/15,Grass,R32,3,Karolina Muchova,Shuai Zhang,1-6 3-6,10,67,3388,1015
Berlin,WTA 500,2026/06/15,Grass,R32,3,Katerina Siniakova,Rebeka Masarova,6-2 6-4,34,141,1422,550
Berlin,WTA 500,2026/06/15,Grass,R32,3,Elina Svitolina,Anna Kalinskaya,6-1 4-1 RET,8,20,4315,2212
Berlin,WTA 500,2026/06/15,Grass,R32,3,Diane Parry,Clara Tauson,3-6 4-6,60,23,1045,1800
Berlin,WTA 500,2026/06/15,Grass,R32,3,Paula Badosa,Suzan Lamens,3-6 2-6,142,134,546,572
Berlin,WTA 500,2026/06/15,Grass,R32,3,Alexandra Eala,Donna Vekic,5-7 4-6,35,33,1422,1431
Berlin,WTA 500,2026/06/15,Grass,R16,3,Nikola Bartunkova,Elise Mertens,1-6 4-6,62,24,1041,1698
Berlin,WTA 500,2026/06/15,Grass,R16,3,Jessica Pegula,Katerina Siniakova,6-2 6-4,4,34,6056,1422
Berlin,WTA 500,2026/06/15,Grass,R16,3,Paula Badosa,Coco Gauff,1-6 6-3 6-2,142,7,546,4879
Berlin,WTA 500,2026/06/15,Grass,R16,3,Aryna Sabalenka,Ekaterina Alexandrova,6-4 6-4,1,19,9090,2411
Berlin,WTA 500,2026/06/15,Grass,R16,3,Linda Noskova,Diane Parry,6-2 6-2,13,60,3054,1045
Berlin,WTA 500,2026/06/15,Grass,R16,3,Elina Svitolina,Eva Lys,6-3 6-2,8,80,4315,901
Berlin,WTA 500,2026/06/15,Grass,R16,3,Madison Keys,Karolina Muchova,6-4 7-5,28,10,1642,3388
Berlin,WTA 500,2026/06/15,Grass,R16,3,Alexandra Eala,Elena Rybakina,7-5 6-4,35,2,1422,8143
Berlin,WTA 500,2026/06/15,Grass,QF,3,Jessica Pegula,Madison Keys,7-6(5) 7-6(8),4,28,6056,1642
Berlin,WTA 500,2026/06/15,Grass,QF,3,Linda Noskova,Paula Badosa,6-1 6-3,13,142,3054,546
Berlin,WTA 500,2026/06/15,Grass,QF,3,Aryna Sabalenka,Nikola Bartunkova,2-6 7-6(2) 6-4,1,62,9090,1041
Berlin,WTA 500,2026/06/15,Grass,QF,3,Alexandra Eala,Elina Svitolina,3-6 4-6,35,8,1422,4315
Berlin,WTA 500,2026/06/15,Grass,SF,3,Jessica Pegula,Aryna Sabalenka,4-6 7-6(4) 0-6,4,1,6056,9090
Berlin,WTA 500,2026/06/15,Grass,SF,3,Linda Noskova,Alexandra Eala,6-2 6-4,13,35,3054,1422
Berlin,WTA 500,2026/06/15,Grass,F,3,Linda Noskova,Jessica Pegula,4-6 6-4 3-6,13,4,3054,6056
Bad Homburg,WTA 500,2026/06/21,Grass,R32,3,Emma Navarro,Eva Lys,7-6(6) 6-3,24,77,1916,1000
Bad Homburg,WTA 500,2026/06/21,Grass,R32,3,Anna Kalinskaya,Sinja Kraus,6-4 6-1,20,93,2250,796
Bad Homburg,WTA 500,2026/06/21,Grass,R32,3,Elena Gabriela Ruse,Linda Noskova,6-1 6-3,105,10,731,3598
Bad Homburg,WTA 500,2026/06/21,Grass,R32,3,Irina Camelia Begu,Venus Williams,6-2 4-6 7-6(6),211,471,422,123
Bad Homburg,WTA 500,2026/06/21,Grass,R32,3,Qinwen Zheng,Solana Sierra,7-5 4-6 6-4,153,56,506,1312
Bad Homburg,WTA 500,2026/06/21,Grass,R32,3,Clara Tauson,Diana Shnaider,6-4 6-4,25,16,1936,2527
Bad Homburg,WTA 500,2026/06/21,Grass,R32,3,Xinyu Wang,Renata Zarazua,6-1 6-2,52,76,1151,992
Bad Homburg,WTA 500,2026/06/21,Grass,R32,3,Leylah Fernandez,Katie Boulter,6-7(5) 6-3 6-3,23,59,1854,1116
Bad Homburg,WTA 500,2026/06/21,Grass,R32,3,Liudmila Samsonova,Katerina Siniakova,6-3 7-5,42,34,1640,1407
Bad Homburg,WTA 500,2026/06/21,Grass,R32,3,Naomi Osaka,Magdalena Frech,6-4 6-1,15,43,2651,1217
Bad Homburg,WTA 500,2026/06/21,Grass,R32,3,Elise Mertens,Alexandra Eala,6-3 6-3,26,30,1938,1445
Bad Homburg,WTA 500,2026/06/21,Grass,R32,3,Ekaterina Alexandrova,Ann Li,6-1 6-7(5) 6-1,19,29,2543,1694
Bad Homburg,WTA 500,2026/06/21,Grass,R16,3,Emma Navarro,Iga Swiatek,7-5 2-6 6-3,24,3,1916,8408
Bad Homburg,WTA 500,2026/06/21,Grass,R16,3,Elena Gabriela Ruse,Anna Kalinskaya,7-5 6-2,105,20,731,2250
Bad Homburg,WTA 500,2026/06/21,Grass,R16,3,Karolina Muchova,Irina Camelia Begu,6-1 6-1,11,211,3388,422
Bad Homburg,WTA 500,2026/06/21,Grass,R16,3,Clara Tauson,Qinwen Zheng,5-7 6-4 6-2,25,153,1936,506
Bad Homburg,WTA 500,2026/06/21,Grass,R16,3,Xinyu Wang,Leylah Fernandez,6-3 6-4,52,23,1151,1854
Bad Homburg,WTA 500,2026/06/21,Grass,R16,3,Elina Svitolina,Liudmila Samsonova,3-6 6-3 6-2,8,42,4493,1640
Bad Homburg,WTA 500,2026/06/21,Grass,R16,3,Naomi Osaka,Elise Mertens,6-3 6-3,15,26,2651,1938
Bad Homburg,WTA 500,2026/06/21,Grass,R16,3,Ekaterina Alexandrova,Mirra Andreeva,6-3 6-4,19,5,2543,6082
Bad Homburg,WTA 500,2026/06/21,Grass,QF,3,Elena Gabriela Ruse,Emma Navarro,6-4 6-2,105,24,731,1916
Bad Homburg,WTA 500,2026/06/21,Grass,QF,3,Karolina Muchova,Clara Tauson,1-6 6-2 6-4,11,25,3388,1936
Bad Homburg,WTA 500,2026/06/21,Grass,QF,3,Xinyu Wang,Elina Svitolina,W/O,52,8,1151,4493
Bad Homburg,WTA 500,2026/06/21,Grass,QF,3,Naomi Osaka,Ekaterina Alexandrova,6-2 6-2,15,19,2651,2543
Bad Homburg,WTA 500,2026/06/21,Grass,SF,3,Karolina Muchova,Elena Gabriela Ruse,6-4 6-4,11,105,3388,731
Bad Homburg,WTA 500,2026/06/21,Grass,SF,3,Naomi Osaka,Xinyu Wang,6-3 6-3,15,52,2651,1151
Bad Homburg,WTA 500,2026/06/21,Grass,F,3,Karolina Muchova,Naomi Osaka,6-1 1-0 RET,11,15,3388,2651
Eastbourne,WTA 250,2026/06/22,Grass,R32,3,Tatjana Maria,Jasmine Paolini,6-4 6-3,112,14,737,2492
Eastbourne,WTA 250,2026/06/22,Grass,R32,3,Anastasia Zakharova,Yuliia Starodubtseva,6-4 3-6 6-3,91,55,911,1146
Eastbourne,WTA 250,2026/06/22,Grass,R32,3,Tereza Valentova,Hannah Klugman,7-5 5-7 7-5,61,412,1070,157
Eastbourne,WTA 250,2026/06/22,Grass,R32,3,Ajla Tomljanovic,Elisabetta Cocciaretto,6-2 6-7(5) 7-5,98,44,777,1446
Eastbourne,WTA 250,2026/06/22,Grass,R32,3,Jelena Ostapenko,Francesca Jones,6-2 6-2,35,103,1384,852
Eastbourne,WTA 250,2026/06/22,Grass,R32,3,Panna Udvardy,Anna Bondar,7-6(4) 3-2 RET,71,75,971,945
Eastbourne,WTA 250,2026/06/22,Grass,R32,3,Zeynep Sonmez,Harriet Dart,4-6 6-2 7-5,54,151,1192,521
Eastbourne,WTA 250,2026/06/22,Grass,R32,3,Sara Bejlek,Laura Siegemund,3-6 7-6(2) 7-6(3),45,40,1179,1701
Eastbourne,WTA 250,2026/06/22,Grass,R32,3,Caty Mcnally,Janice Tjen,7-5 6-7(5) 6-3,50,41,1277,1281
Eastbourne,WTA 250,2026/06/22,Grass,R32,3,Emiliana Arango,Maya Joint,7-6(2) 6-4,101,53,770,1096
Eastbourne,WTA 250,2026/06/22,Grass,R32,3,Petra Marcinko,Antonia Ruzic,7-6(6) 4-6 7-6(4),51,60,1125,1091
Eastbourne,WTA 250,2026/06/22,Grass,R32,3,Kimberly Birrell,Barbora Krejcikova,6-3 7-6(6),73,37,901,1449
Eastbourne,WTA 250,2026/06/22,Grass,R32,3,Mccartney Kessler,Daria Kasatkina,6-3 7-6(3),62,68,1021,1138
Eastbourne,WTA 250,2026/06/22,Grass,R32,3,Anhelina Kalinina,Daria Snigur,7-6(1) 7-5,70,78,978,930
Eastbourne,WTA 250,2026/06/22,Grass,R32,3,Jessica Bouzas Maneiro,Alicia Dudeney,6-0 6-3,48,246,1334,297
Eastbourne,WTA 250,2026/06/22,Grass,R32,3,Madison Keys,Talia Gibson,6-4 6-4,27,57,1734,1122
Eastbourne,WTA 250,2026/06/22,Grass,R16,3,Tatjana Maria,Anastasia Zakharova,6-2 6-1,112,91,737,911
Eastbourne,WTA 250,2026/06/22,Grass,R16,3,Tereza Valentova,Ajla Tomljanovic,6-2 5-7 6-4,61,98,1070,777
Eastbourne,WTA 250,2026/06/22,Grass,R16,3,Jelena Ostapenko,Panna Udvardy,3-6 6-1 6-2,35,71,1384,971
Eastbourne,WTA 250,2026/06/22,Grass,R16,3,Zeynep Sonmez,Sara Bejlek,W/O,54,45,1192,1179
Eastbourne,WTA 250,2026/06/22,Grass,R16,3,Caty Mcnally,Emiliana Arango,6-3 6-0,50,101,1277,770
Eastbourne,WTA 250,2026/06/22,Grass,R16,3,Petra Marcinko,Kimberly Birrell,6-1 6-4,51,73,1125,901
Eastbourne,WTA 250,2026/06/22,Grass,R16,3,Mccartney Kessler,Anhelina Kalinina,6-4 6-3,62,70,1021,978
Eastbourne,WTA 250,2026/06/22,Grass,R16,3,Madison Keys,Jessica Bouzas Maneiro,6-0 6-1,27,48,1734,1334
Eastbourne,WTA 250,2026/06/22,Grass,QF,3,Tatjana Maria,Tereza Valentova,6-3 7-5,112,61,737,1070
Eastbourne,WTA 250,2026/06/22,Grass,QF,3,Jelena Ostapenko,Zeynep Sonmez,6-3 6-0,35,54,1384,1192
Eastbourne,WTA 250,2026/06/22,Grass,QF,3,Petra Marcinko,Caty Mcnally,6-3 4-6 6-4,51,50,1125,1277
Eastbourne,WTA 250,2026/06/22,Grass,QF,3,Madison Keys,Mccartney Kessler,6-3 6-1,27,62,1734,1021
Eastbourne,WTA 250,2026/06/22,Grass,SF,3,Tatjana Maria,Jelena Ostapenko,6-1 1-2 RET,112,35,737,1384
Eastbourne,WTA 250,2026/06/22,Grass,SF,3,Madison Keys,Petra Marcinko,6-1 0-0 RET,27,51,1734,1125
Eastbourne,WTA 250,2026/06/22,Grass,F,3,Madison Keys,Tatjana Maria,7-5 6-4,27,112,1734,737
Wimbledon,Grand Slam,2026/06/29,Grass,R128,3,Belinda Bencic,Mika Stojsavljevic,6-2 6-1,14,280,2845,259
Wimbledon,Grand Slam,2026/06/29,Grass,R128,3,Iva Jovic,Jaqueline Cristian,7-6(1) 6-0,16,39,2636,1256
Wimbledon,Grand Slam,2026/06/29,Grass,R128,3,Sara Sorribes Tormo,Victoria Jimenez Kasintseva,6-2 6-3,214,120,357,645
Wimbledon,Grand Slam,2026/06/29,Grass,R128,3,Jessica Pegula,Darja Vidmanova,7-5 6-3,3,114,6300,691
Wimbledon,Grand Slam,2026/06/29,Grass,R128,3,Mananchaya Sawangkaew,Maja Chwalinska,2-6 7-5 6-2,111,21,701,1975
Wimbledon,Grand Slam,2026/06/29,Grass,R128,3,Xinyu Wang,Elisabetta Cocciaretto,6-3 2-6 6-2,42,71,1193,967
Wimbledon,Grand Slam,2026/06/29,Grass,R128,3,Zeynep Sonmez,Ann Li,7-5 1-6 6-4,52,31,1074,1541
Wimbledon,Grand Slam,2026/06/29,Grass,R128,3,Jelena Ostapenko,Harriet Dart,6-3 3-6 6-4,29,143,1592,541
Wimbledon,Grand Slam,2026/06/29,Grass,R128,3,Tatjana Maria,Yulia Putintseva,6-4 6-4,79,81,913,904
Wimbledon,Grand Slam,2026/06/29,Grass,R128,3,Shuai Zhang,Bianca Andreescu,7-6(3) 7-6(6),57,174,1020,446
Wimbledon,Grand Slam,2026/06/29,Grass,R128,3,Alycia Parks,Alicia Dudeney,6-3 6-3,68,225,989,342
Wimbledon,Grand Slam,2026/06/29,Grass,R128,3,Antonia Ruzic,Darja Semenistaja,6-3 3-6 6-3,55,106,1062,714
Wimbledon,Grand Slam,2026/06/29,Grass,R128,3,Claire Liu,Hanne Vandewinkel,4-6 6-3 6-4,113,91,692,833
Wimbledon,Grand Slam,2026/06/29,Grass,R128,3,Naomi Osaka,Elsa Jacquemot,6-1 7-5,13,98,3086,785
Wimbledon,Grand Slam,2026/06/29,Grass,R128,3,Lanlana Tararudee,Lilli Tagger,7-6(3) 5-7 6-4,78,45,916,1160
Wimbledon,Grand Slam,2026/06/29,Grass,R128,3,Nikola Bartunkova,Peyton Stearns,6-4 3-6 7-5,41,58,1231,1017
Wimbledon,Grand Slam,2026/06/29,Grass,R128,3,Janice Tjen,Leylah Fernandez,6-1 7-6(3),37,34,1282,1344
Wimbledon,Grand Slam,2026/06/29,Grass,R128,3,Daria Kasatkina,Mingge Xu,6-2 3-6 6-2,61,,1009,
Wimbledon,Grand Slam,2026/06/29,Grass,R128,3,Barbora Krejcikova,Hannah Klugman,6-1 6-4,25,374,1776,168
Wimbledon,Grand Slam,2026/06/29,Grass,R128,3,Anna Kalinskaya,Magdalena Frech,7-6(5) 6-4,20,48,2007,1120
Wimbledon,Grand Slam,2026/06/29,Grass,R128,3,Aryna Sabalenka,Teodora Kostovic,6-2 6-3,1,146,8550,529
Wimbledon,Grand Slam,2026/06/29,Grass,R128,3,Mccartney Kessler,Oleksandra Oliynykova,6-0 6-0,47,44,1125,1171
Wimbledon,Grand Slam,2026/06/29,Grass,R128,3,Dayana Yastremska,Aoi Ito,7-6(1) 4-6 7-5,87,235,867,313
Wimbledon,Grand Slam,2026/06/29,Grass,R128,3,Solana Sierra,Anna Bondar,6-3 5-7 7-5,86,77,867,936
Wimbledon,Grand Slam,2026/06/29,Grass,R128,3,Katerina Siniakova,Qinwen Zheng,6-4 6-4,36,123,1285,610
Wimbledon,Grand Slam,2026/06/29,Grass,R128,3,Mirra Andreeva,Magda Linette,7-5 6-4,5,65,5293,1001
Wimbledon,Grand Slam,2026/06/29,Grass,R128,3,Karolina Muchova,Anastasia Zakharova,6-3 6-2,6,101,5168,768
Wimbledon,Grand Slam,2026/06/29,Grass,R128,3,Ekaterina Alexandrova,Panna Udvardy,6-4 6-2,19,74,2301,953
Wimbledon,Grand Slam,2026/06/29,Grass,R128,3,Coco Gauff,Tamara Korpatsch,6-2 6-1,4,46,5649,1134
Wimbledon,Grand Slam,2026/06/29,Grass,R128,3,Jessica Bouzas Maneiro,Anastasia Potapova,6-2 6-3,59,27,1014,1667
Wimbledon,Grand Slam,2026/06/29,Grass,R128,3,Anastasia Gasanova,Emiliana Arango,6-3 6-1,190,95,404,808
Wimbledon,Grand Slam,2026/06/29,Grass,R128,3,Diane Parry,Francesca Jones,6-4 6-4,60,110,1011,703
Wimbledon,Grand Slam,2026/06/29,Grass,R128,3,Marie Bouzkova,Talia Gibson,6-1 3-6 6-2,24,72,1829,958
Wimbledon,Grand Slam,2026/06/29,Grass,R128,3,Tyra Caterina Grant,Katie Boulter,6-4 6-2,151,69,514,987
Wimbledon,Grand Slam,2026/06/29,Grass,R128,3,Madison Keys,Kayla Day,6-7(5) 6-4 6-3,22,127,1964,591
Wimbledon,Grand Slam,2026/06/29,Grass,R128,3,Katie Swan,Irina Camelia Begu,6-4 6-4,202,464,385,127
Wimbledon,Grand Slam,2026/06/29,Grass,R128,3,Sofia Kenin,Petra Marcinko,7-6(4) 6-4,116,53,684,1074
Wimbledon,Grand Slam,2026/06/29,Grass,R128,3,Amanda Anisimova,Lina Gjorcheska,6-3 6-2,9,218,4353,353
Wimbledon,Grand Slam,2026/06/29,Grass,R128,3,Karolina Pliskova,Tereza Valentova,6-3 6-4,63,64,1006,1003
Wimbledon,Grand Slam,2026/06/29,Grass,R128,3,Maria Sakkari,Clara Tauson,6-3 6-3,33,30,1355,1564
Wimbledon,Grand Slam,2026/06/29,Grass,R128,3,Kamilla Rakhimova,Anhelina Kalinina,4-6 6-4 7-5,82,54,894,1072
Wimbledon,Grand Slam,2026/06/29,Grass,R128,3,Jasmine Paolini,Robin Montgomery,0-6 6-4 7-5,15,195,2783,394
Wimbledon,Grand Slam,2026/06/29,Grass,R128,3,Viktorija Golubic,Iryna Shymanovich,6-2 2-6 6-1,51,205,1088,378
Wimbledon,Grand Slam,2026/06/29,Grass,R128,3,Iga Swiatek,Taylor Townsend,6-1 2-6 6-3,8,105,4539,748
Wimbledon,Grand Slam,2026/06/29,Grass,R128,3,Maria Timofeeva,Beatriz Haddad Maia,6-3 6-2,96,152,806,507
Wimbledon,Grand Slam,2026/06/29,Grass,R128,3,Kimberly Birrell,Alina Korneeva,6-3 0-6 6-2,66,89,999,849
Wimbledon,Grand Slam,2026/06/29,Grass,R128,3,Leolia Jeanjean,Veronika Erjavec,6-4 4-6 7-6(6),117,100,677,775
Wimbledon,Grand Slam,2026/06/29,Grass,R128,3,Elena Rybakina,Lois Boisson,6-4 1-6 6-3,2,292,8056,238
Wimbledon,Grand Slam,2026/06/29,Grass,R128,3,Anna Blinkova,Yuliia Starodubtseva,6-7(3) 6-4 6-1,104,62,749,1008
Wimbledon,Grand Slam,2026/06/29,Grass,R128,3,Emma Navarro,Paula Badosa,4-6 6-3 7-5,26,84,1674,885
Wimbledon,Grand Slam,2026/06/29,Grass,R128,3,Caty Mcnally,Elena Gabriela Ruse,7-5 6-3,73,75,954,941
Wimbledon,Grand Slam,2026/06/29,Grass,R128,3,Elise Mertens,Laura Siegemund,6-2 6-4,23,88,1948,852
Wimbledon,Grand Slam,2026/06/29,Grass,R128,3,Oksana Selekhmeteva,Sinja Kraus,6-1 7-5,97,80,786,907
Wimbledon,Grand Slam,2026/06/29,Grass,R128,3,Daria Snigur,Elina Svitolina,7-5 6-2,43,10,1172,4351
Wimbledon,Grand Slam,2026/06/29,Grass,R128,3,Mariam Bolkvadze,Ajla Tomljanovic,6-2 2-6 6-4,420,92,148,815
Wimbledon,Grand Slam,2026/06/29,Grass,R128,3,Alexandra Eala,Renata Zarazua,6-1 6-2,28,83,1666,894
Wimbledon,Grand Slam,2026/06/29,Grass,R128,3,Sorana Cirstea,Sara Bejlek,6-1 7-6(6),17,38,2502,1269
Wimbledon,Grand Slam,2026/06/29,Grass,R128,3,Ashlyn Krueger,Donna Vekic,3-6 7-6(3) 6-4,67,35,997,1326
Wimbledon,Grand Slam,2026/06/29,Grass,R128,3,Liudmila Samsonova,Polina Kudermetova,6-3 6-3,70,108,970,708
Wimbledon,Grand Slam,2026/06/29,Grass,R128,3,Diana Shnaider,Eva Lys,7-5 6-1,18,85,2458,871
Wimbledon,Grand Slam,2026/06/29,Grass,R128,3,Linda Noskova,Ella Seidel,6-4 6-3,7,102,5016,767
Wimbledon,Grand Slam,2026/06/29,Grass,R128,3,Marta Kostyuk,Nadia Podoroska,6-1 6-2,11,531,3925,101
Wimbledon,Grand Slam,2026/06/29,Grass,R128,3,Camila Osorio,Simona Waltert,6-2 6-1,56,90,1048,846
Wimbledon,Grand Slam,2026/06/29,Grass,R128,3,Maya Joint,Serena Williams,6-3 6-7(6) 6-3,76,1227,936,10
Wimbledon,Grand Slam,2026/06/29,Grass,R64,3,Jelena Ostapenko,Antonia Ruzic,6-2 6-0,29,55,1592,1062
Wimbledon,Grand Slam,2026/06/29,Grass,R64,3,Mananchaya Sawangkaew,Alycia Parks,7-5 6-0,111,68,701,989
Wimbledon,Grand Slam,2026/06/29,Grass,R64,3,Naomi Osaka,Anastasia Gasanova,6-3 6-2,13,190,3086,404
Wimbledon,Grand Slam,2026/06/29,Grass,R64,3,Daria Kasatkina,Janice Tjen,6-7(5) 6-1 6-4,61,37,1009,1282
Wimbledon,Grand Slam,2026/06/29,Grass,R64,3,Claire Liu,Zeynep Sonmez,7-5 6-3,113,52,692,1074
Wimbledon,Grand Slam,2026/06/29,Grass,R64,3,Aryna Sabalenka,Mccartney Kessler,6-1 7-6(9),1,47,8550,1125
Wimbledon,Grand Slam,2026/06/29,Grass,R64,3,Jessica Bouzas Maneiro,Dayana Yastremska,6-3 6-7(1) 6-2,59,87,1014,867
Wimbledon,Grand Slam,2026/06/29,Grass,R64,3,Karolina Muchova,Shuai Zhang,6-3 6-2,6,57,5168,1020
Wimbledon,Grand Slam,2026/06/29,Grass,R64,3,Anna Kalinskaya,Diane Parry,6-4 3-6 7-6(8),20,60,2007,1011
Wimbledon,Grand Slam,2026/06/29,Grass,R64,3,Coco Gauff,Solana Sierra,6-3 3-6 7-6(7),4,86,5649,867
Wimbledon,Grand Slam,2026/06/29,Grass,R64,3,Nikola Bartunkova,Katerina Siniakova,6-2 6-4,41,36,1231,1285
Wimbledon,Grand Slam,2026/06/29,Grass,R64,3,Barbora Krejcikova,Mirra Andreeva,4-6 7-5 6-4,25,5,1776,5293
Wimbledon,Grand Slam,2026/06/29,Grass,R64,3,Jessica Pegula,Sara Sorribes Tormo,7-6(6) 6-1,3,214,6300,357
Wimbledon,Grand Slam,2026/06/29,Grass,R64,3,Iva Jovic,Tatjana Maria,6-1 6-2,16,79,2636,913
Wimbledon,Grand Slam,2026/06/29,Grass,R64,3,Belinda Bencic,Xinyu Wang,7-5 6-0,14,42,2845,1193
Wimbledon,Grand Slam,2026/06/29,Grass,R64,3,Ekaterina Alexandrova,Lanlana Tararudee,7-5 7-5,19,78,2301,916
Wimbledon,Grand Slam,2026/06/29,Grass,R64,3,Marie Bouzkova,Tyra Caterina Grant,7-5 6-3,24,151,1829,514
Wimbledon,Grand Slam,2026/06/29,Grass,R64,3,Liudmila Samsonova,Diana Shnaider,6-4 4-6 6-2,70,18,970,2458
Wimbledon,Grand Slam,2026/06/29,Grass,R64,3,Daria Snigur,Leolia Jeanjean,6-4 6-3,43,117,1172,677
Wimbledon,Grand Slam,2026/06/29,Grass,R64,3,Emma Navarro,Oksana Selekhmeteva,3-6 6-4 6-1,26,97,1674,786
Wimbledon,Grand Slam,2026/06/29,Grass,R64,3,Ashlyn Krueger,Mariam Bolkvadze,6-1 6-0,67,420,997,148
Wimbledon,Grand Slam,2026/06/29,Grass,R64,3,Madison Keys,Katie Swan,6-1 6-4,22,202,1964,385
Wimbledon,Grand Slam,2026/06/29,Grass,R64,3,Alexandra Eala,Maya Joint,3-6 6-2 6-0,28,76,1666,936
Wimbledon,Grand Slam,2026/06/29,Grass,R64,3,Iga Swiatek,Karolina Pliskova,6-1 6-3,8,63,4539,1006
Wimbledon,Grand Slam,2026/06/29,Grass,R64,3,Marta Kostyuk,Anna Blinkova,6-7(5) 6-3 6-3,11,104,3925,749
Wimbledon,Grand Slam,2026/06/29,Grass,R64,3,Amanda Anisimova,Sofia Kenin,6-2 4-6 7-6(3),9,116,4353,684
Wimbledon,Grand Slam,2026/06/29,Grass,R64,3,Maria Sakkari,Kamilla Rakhimova,6-3 0-6 7-6(7),33,82,1355,894
Wimbledon,Grand Slam,2026/06/29,Grass,R64,3,Elise Mertens,Maria Timofeeva,2-6 6-3 6-0,23,96,1948,806
Wimbledon,Grand Slam,2026/06/29,Grass,R64,3,Sorana Cirstea,Kimberly Birrell,6-3 6-4,17,66,2502,999
Wimbledon,Grand Slam,2026/06/29,Grass,R64,3,Jasmine Paolini,Viktorija Golubic,7-6(0) 6-4,15,51,2783,1088
Wimbledon,Grand Slam,2026/06/29,Grass,R64,3,Elena Rybakina,Caty Mcnally,6-1 6-2,2,73,8056,954
Wimbledon,Grand Slam,2026/06/29,Grass,R64,3,Linda Noskova,Camila Osorio,6-3 4-6 6-2,7,56,5016,1048
Wimbledon,Grand Slam,2026/06/29,Grass,R32,3,Belinda Bencic,Anna Kalinskaya,6-4 4-6 7-6(6),14,20,2845,2007
Wimbledon,Grand Slam,2026/06/29,Grass,R32,3,Naomi Osaka,Daria Kasatkina,6-1 6-3,13,61,3086,1009
Wimbledon,Grand Slam,2026/06/29,Grass,R32,3,Iva Jovic,Ekaterina Alexandrova,6-3 3-6 6-4,16,19,2636,2301
Wimbledon,Grand Slam,2026/06/29,Grass,R32,3,Jessica Pegula,Jessica Bouzas Maneiro,6-1 6-3,3,59,6300,1014
Wimbledon,Grand Slam,2026/06/29,Grass,R32,3,Barbora Krejcikova,Nikola Bartunkova,6-3 7-5,25,41,1776,1231
Wimbledon,Grand Slam,2026/06/29,Grass,R32,3,Aryna Sabalenka,Jelena Ostapenko,6-4 6-4,1,29,8550,1592
Wimbledon,Grand Slam,2026/06/29,Grass,R32,3,Coco Gauff,Claire Liu,6-3 6-7(5) 6-2,4,113,5649,692
Wimbledon,Grand Slam,2026/06/29,Grass,R32,3,Karolina Muchova,Mananchaya Sawangkaew,6-2 7-6(1),6,111,5168,701
Wimbledon,Grand Slam,2026/06/29,Grass,R32,3,Marta Kostyuk,Emma Navarro,6-2 4-6 6-1,11,26,3925,1674
Wimbledon,Grand Slam,2026/06/29,Grass,R32,3,Marie Bouzkova,Liudmila Samsonova,4-6 7-6(3) 6-4,24,70,1829,970
Wimbledon,Grand Slam,2026/06/29,Grass,R32,3,Ashlyn Krueger,Daria Snigur,6-3 6-2,67,43,997,1172
Wimbledon,Grand Slam,2026/06/29,Grass,R32,3,Elise Mertens,Elena Rybakina,7-6(4) 6-1,23,2,1948,8056
Wimbledon,Grand Slam,2026/06/29,Grass,R32,3,Alexandra Eala,Iga Swiatek,7-6(9) 6-2,28,8,1666,4539
Wimbledon,Grand Slam,2026/06/29,Grass,R32,3,Jasmine Paolini,Maria Sakkari,6-1 6-2,15,33,2783,1355
Wimbledon,Grand Slam,2026/06/29,Grass,R32,3,Linda Noskova,Sorana Cirstea,2-6 6-3 7-6(9),7,17,5016,2502
Wimbledon,Grand Slam,2026/06/29,Grass,R32,3,Madison Keys,Amanda Anisimova,3-6 6-2 6-3,22,9,1964,4353
Wimbledon,Grand Slam,2026/06/29,Grass,R16,3,Jessica Pegula,Iva Jovic,4-6 6-3 6-1,3,16,6300,2636
Wimbledon,Grand Slam,2026/06/29,Grass,R16,3,Karolina Muchova,Barbora Krejcikova,7-5 5-7 6-3,6,25,5168,1776
Wimbledon,Grand Slam,2026/06/29,Grass,R16,3,Naomi Osaka,Aryna Sabalenka,6-2 7-6(2),13,1,3086,8550
Wimbledon,Grand Slam,2026/06/29,Grass,R16,3,Coco Gauff,Belinda Bencic,4-6 6-3 6-4,4,14,5649,2845
Wimbledon,Grand Slam,2026/06/29,Grass,R16,3,Marta Kostyuk,Ashlyn Krueger,6-4 6-4,11,67,3925,997
Wimbledon,Grand Slam,2026/06/29,Grass,R16,3,Elise Mertens,Marie Bouzkova,6-4 6-4,23,24,1948,1829
Wimbledon,Grand Slam,2026/06/29,Grass,R16,3,Jasmine Paolini,Alexandra Eala,6-4 4-6 6-3,15,28,2783,1666
Wimbledon,Grand Slam,2026/06/29,Grass,R16,3,Linda Noskova,Madison Keys,6-4 7-6(2),7,22,5016,1964
Wimbledon,Grand Slam,2026/06/29,Grass,QF,3,Coco Gauff,Jessica Pegula,4-6 6-3 6-3,4,3,5649,6300
Wimbledon,Grand Slam,2026/06/29,Grass,QF,3,Karolina Muchova,Naomi Osaka,7-6(4) 6-4,6,13,5168,3086
Wimbledon,Grand Slam,2026/06/29,Grass,QF,3,Linda Noskova,Elise Mertens,6-3 7-5,7,23,5016,1948
Wimbledon,Grand Slam,2026/06/29,Grass,QF,3,Marta Kostyuk,Jasmine Paolini,6-3 6-2,11,15,3925,2783
Wimbledon,Grand Slam,2026/06/29,Grass,SF,3,Karolina Muchova,Coco Gauff,6-2 1-6 7-6(10),6,4,5168,5649
Wimbledon,Grand Slam,2026/06/29,Grass,SF,3,Linda Noskova,Marta Kostyuk,6-4 6-4,7,11,5016,3925
Wimbledon,Grand Slam,2026/06/29,Grass,F,3,Linda Noskova,Karolina Muchova,6-2 5-7 6-3,7,6,5016,5168
Athens,WTA 250,2026/07/13,Hard,R32,3,Mai Hontama,Magda Linette,6-4 7-5,189,65,412,1001
Athens,WTA 250,2026/07/13,Hard,R32,3,Qinwen Zheng,Jessica Bouzas Maneiro,7-5 6-1,123,59,610,1014
Athens,WTA 250,2026/07/13,Hard,R32,3,Lilli Tagger,Marianne Argyrokastriti,6-1 6-1,45,,1160,
Athens,WTA 250,2026/07/13,Hard,R32,3,Sara Bejlek,Viktoria Morvayova,6-0 7-5,38,289,1269,241
Athens,WTA 250,2026/07/13,Hard,R32,3,Harriet Dart,Mina Hodzic,6-3 3-6 7-6(4),143,296,541,236
Athens,WTA 250,2026/07/13,Hard,R32,3,Maria Sakkari,Polina Kudermetova,6-0 7-6(1),33,108,1355,708
Athens,WTA 250,2026/07/13,Hard,R32,3,Elena Micic,Martha Matoula,7-5 6-3,269,316,267,217
Athens,WTA 250,2026/07/13,Hard,R32,3,Alycia Parks,Valentini Grammatikopoulou,7-6(3) 6-4,68,557,989,91
Athens,WTA 250,2026/07/13,Hard,R32,3,Alina Korneeva,Aoi Ito,6-2 6-1,89,235,849,313
Athens,WTA 250,2026/07/13,Hard,R32,3,Barbora Krejcikova,Viktoriya Tomova,6-3 6-3,25,234,1776,314
Athens,WTA 250,2026/07/13,Hard,R32,3,Carole Monnet,Rebeka Masarova,4-6 6-2 7-6(10),200,166,386,460
Athens,WTA 250,2026/07/13,Hard,R32,3,Miriana Tona,Sapfo Sakellaridi,7-6(2) 5-7 6-2,358,444,178,134
Athens,WTA 250,2026/07/13,Hard,R32,3,Clara Tauson,Nao Hibino,7-5 6-4,30,226,1564,340
Athens,WTA 250,2026/07/13,Hard,R32,3,Aliaksandra Sasnovich,Anna Blinkova,3-6 6-2 6-2,136,104,563,749
Athens,WTA 250,2026/07/13,Hard,R32,3,Ann Li,Maria Timofeeva,6-2 6-1,31,96,1541,806
Athens,WTA 250,2026/07/13,Hard,R32,3,Tereza Valentova,Sofia Costoulas,6-1 6-2,64,158,1003,486
Athens,WTA 250,2026/07/13,Hard,R16,3,Qinwen Zheng,Elena Micic,6-4 6-1,123,269,610,267
Athens,WTA 250,2026/07/13,Hard,R16,3,Maria Sakkari,Harriet Dart,6-1 6-2,33,143,1355,541
Athens,WTA 250,2026/07/13,Hard,R16,3,Alycia Parks,Mai Hontama,6-7(4) 6-2 7-5,68,189,989,412
Athens,WTA 250,2026/07/13,Hard,R16,3,Sara Bejlek,Lilli Tagger,6-2 6-2,38,45,1269,1160
Athens,WTA 250,2026/07/13,Hard,R16,3,Alina Korneeva,Ann Li,6-2 6-2,89,31,849,1541
Athens,WTA 250,2026/07/13,Hard,R16,3,Tereza Valentova,Aliaksandra Sasnovich,6-3 6-2,64,136,1003,563
Athens,WTA 250,2026/07/13,Hard,R16,3,Barbora Krejcikova,Carole Monnet,6-0 6-2,25,200,1776,386
Athens,WTA 250,2026/07/13,Hard,R16,3,Clara Tauson,Miriana Tona,6-4 6-0,30,358,1564,178
Athens,WTA 250,2026/07/13,Hard,QF,3,Alina Korneeva,Tereza Valentova,7-5 6-3,89,64,849,1003
Athens,WTA 250,2026/07/13,Hard,QF,3,Barbora Krejcikova,Qinwen Zheng,6-4 6-4,25,123,1776,610
Athens,WTA 250,2026/07/13,Hard,QF,3,Maria Sakkari,Alycia Parks,6-4 6-3,33,68,1355,989
Athens,WTA 250,2026/07/13,Hard,QF,3,Clara Tauson,Sara Bejlek,6-2 6-3,30,38,1564,1269
Athens,WTA 250,2026/07/13,Hard,SF,3,Maria Sakkari,Alina Korneeva,6-1 7-5,33,89,1355,849
Athens,WTA 250,2026/07/13,Hard,SF,3,Barbora Krejcikova,Clara Tauson,6-1 4-6 6-3,25,30,1776,1564
Athens,WTA 250,2026/07/13,Hard,F,3,Barbora Krejcikova,Maria Sakkari,7-6(5) 6-3,25,33,1776,1355
Iasi,WTA 250,2026/07/13,Clay,R32,3,Alina Charaeva,Victoria Jimenez Kasintseva,6-0 6-1,112,120,700,645
Iasi,WTA 250,2026/07/13,Clay,R32,3,Anna Bondar,Sara Sorribes Tormo,7-5 6-4,77,214,936,357
Iasi,WTA 250,2026/07/13,Clay,R32,3,Petra Marcinko,Nadia Podoroska,6-2 3-6 6-4,53,531,1074,101
Iasi,WTA 250,2026/07/13,Clay,R32,3,Clara Burel,Varvara Lepchenko,2-6 7-5 6-3,413,175,153,442
Iasi,WTA 250,2026/07/13,Clay,R32,3,Tamara Zidansek,Emiliana Arango,5-7 6-2 6-3,142,95,548,808
Iasi,WTA 250,2026/07/13,Clay,R32,3,Kaitlin Quevedo,Elena Gabriela Ruse,6-3 6-1,103,75,754,941
Iasi,WTA 250,2026/07/13,Clay,R32,3,Elina Avanesyan,Moyuka Uchijima,6-2 6-4,161,107,475,713
Iasi,WTA 250,2026/07/13,Clay,R32,3,Mayar Sherif,Dalma Galfi,6-2 6-0,50,156,1105,500
Iasi,WTA 250,2026/07/13,Clay,R32,3,Yulia Putintseva,Claire Liu,7-5 6-2,81,113,904,692
Iasi,WTA 250,2026/07/13,Clay,R32,3,Alevtina Ibragimova,Dominika Salkova,6-2 7-5,219,121,352,632
Iasi,WTA 250,2026/07/13,Clay,R32,3,Oleksandra Oliynykova,Ipek Oz,7-6(1) 7-6(5),44,402,1171,156
Iasi,WTA 250,2026/07/13,Clay,R32,3,Elena Pridankina,Miriam Bulgaru,7-5 6-1,185,248,425,296
Iasi,WTA 250,2026/07/13,Clay,R32,3,Paula Badosa,Anhelina Kalinina,6-3 6-1,84,54,885,1072
Iasi,WTA 250,2026/07/13,Clay,R32,3,Panna Udvardy,Leyre Romero Gormaz,6-3 4-6 6-3,74,147,953,521
Iasi,WTA 250,2026/07/13,Clay,R32,3,Elsa Jacquemot,Ilinca Amariei,6-4 6-6,98,576,785,85
Iasi,WTA 250,2026/07/13,Clay,R32,3,Katarzyna Kawa,Simona Waltert,6-1 6-4,131,90,576,846
Iasi,WTA 250,2026/07/13,Clay,R16,3,Yulia Putintseva,Alina Charaeva,6-3 6-3,81,112,904,700
Iasi,WTA 250,2026/07/13,Clay,R16,3,Tamara Zidansek,Anna Bondar,7-6(5) 6-7(5) 7-5,142,77,548,936
Iasi,WTA 250,2026/07/13,Clay,R16,3,Clara Burel,Elsa Jacquemot,6-1 6-1,413,98,153,785
Iasi,WTA 250,2026/07/13,Clay,R16,3,Petra Marcinko,Elina Avanesyan,7-6(3) 7-6(5),53,161,1074,475
Iasi,WTA 250,2026/07/13,Clay,R16,3,Mayar Sherif,Kaitlin Quevedo,6-3 7-6(2),50,103,1105,754
Iasi,WTA 250,2026/07/13,Clay,R16,3,Oleksandra Oliynykova,Elena Pridankina,6-1 6-2,44,185,1171,425
Iasi,WTA 250,2026/07/13,Clay,R16,3,Paula Badosa,Alevtina Ibragimova,7-6(5) 1-6 6-4,84,219,885,352
Iasi,WTA 250,2026/07/13,Clay,R16,3,Panna Udvardy,Katarzyna Kawa,1-6 7-5 6-2,74,131,953,576
Iasi,WTA 250,2026/07/13,Clay,QF,3,Mayar Sherif,Yulia Putintseva,6-2 3-6 7-6(5),50,81,1105,904
Iasi,WTA 250,2026/07/13,Clay,QF,3,Oleksandra Oliynykova,Clara Burel,6-4 7-5,44,413,1171,153
Iasi,WTA 250,2026/07/13,Clay,QF,3,Paula Badosa,Panna Udvardy,6-4 7-6(2),84,74,885,953
Iasi,WTA 250,2026/07/13,Clay,QF,3,Tamara Zidansek,Petra Marcinko,6-3 7-5,142,53,548,1074
Iasi,WTA 250,2026/07/13,Clay,SF,3,Mayar Sherif,Oleksandra Oliynykova,6-3 6-1,50,44,1105,1171
Iasi,WTA 250,2026/07/13,Clay,SF,3,Paula Badosa,Tamara Zidansek,3-6 7-5 7-6(1),84,142,885,548
Iasi,WTA 250,2026/07/13,Clay,F,3,Mayar Sherif,Paula Badosa,6-4 4-0,50,84,1105,885
Prague,WTA 250,2026/07/20,Hard,R32,3,Oceane Dodin,Alisa Oktiabreva,6-3 6-3,331,403,204,156
Prague,WTA 250,2026/07/20,Hard,R32,3,Daria Snigur,Ella Seidel,7-5 3-6 6-3,43,102,1172,767
Prague,WTA 250,2026/07/20,Hard,R32,3,Marie Bouzkova,Jessica Bouzas Maneiro,7-5 7-5,24,59,1829,1014
Prague,WTA 250,2026/07/20,Hard,R32,3,Carol Young Suh Lee,Veronika Podrez,6-1 5-7 6-2,162,134,470,565
Prague,WTA 250,2026/07/20,Hard,R32,3,Lucie Havlickova,Alycia Parks,6-2 6-4,227,68,338,989
Prague,WTA 250,2026/07/20,Hard,R32,3,Ayla Aksu,Sofia Costoulas,2-6 6-3 6-4,198,158,388,486
Prague,WTA 250,2026/07/20,Hard,R32,3,Dominika Salkova,Antonia Ruzic,7-6(2) 6-4,121,55,632,1062
Prague,WTA 250,2026/07/20,Hard,R32,3,Nikola Bartunkova,Yue Yuan,3-6 6-4 6-1,41,125,1231,602
Prague,WTA 250,2026/07/20,Hard,R32,3,Mai Hontama,Diane Parry,6-4 6-0,189,60,412,1011
Prague,WTA 250,2026/07/20,Hard,R32,3,Maria Timofeeva,Aliaksandra Sasnovich,6-3 6-4,96,136,806,563
Prague,WTA 250,2026/07/20,Hard,R32,3,Maya Joint,Laura Samson,6-4 3-6 6-2,76,153,936,503
Prague,WTA 250,2026/07/20,Hard,R32,3,Lilli Tagger,Xinyu Gao,6-2 6-4,45,246,1160,298
Prague,WTA 250,2026/07/20,Hard,R32,3,Tereza Valentova,Priscilla Hon,6-3 6-1,64,157,1003,488
Prague,WTA 250,2026/07/20,Hard,R32,3,Lanlana Tararudee,Jana Kovackova,6-3 5-7 6-2,78,555,916,92
Prague,WTA 250,2026/07/20,Hard,R32,3,Sara Bejlek,Anna Blinkova,7-6(9) 3-6 6-1,38,104,1269,749
Prague,WTA 250,2026/07/20,Hard,R32,3,Barbora Krejcikova,Linda Fruhvirtova,6-2 6-4,25,176,1776,437
Prague,WTA 250,2026/07/20,Hard,R16,3,Daria Snigur,Ayla Aksu,6-3 6-2,43,198,1172,388
Prague,WTA 250,2026/07/20,Hard,R16,3,Marie Bouzkova,Carol Young Suh Lee,7-5 6-4,24,162,1829,470
Prague,WTA 250,2026/07/20,Hard,R16,3,Tereza Valentova,Maya Joint,1-6 6-0 6-3,64,76,1003,936
Prague,WTA 250,2026/07/20,Hard,R16,3,Dominika Salkova,Oceane Dodin,6-1 6-1,121,331,632,204
Prague,WTA 250,2026/07/20,Hard,R16,3,Lanlana Tararudee,Nikola Bartunkova,7-6(4) 3-6 7-6(6),78,41,916,1231
Prague,WTA 250,2026/07/20,Hard,R16,3,Lilli Tagger,Mai Hontama,6-4 6-4,45,189,1160,412
Prague,WTA 250,2026/07/20,Hard,R16,3,Sara Bejlek,Maria Timofeeva,6-1 6-1,38,96,1269,806
Prague,WTA 250,2026/07/20,Hard,R16,3,Barbora Krejcikova,Lucie Havlickova,6-4 6-2,25,227,1776,338
Prague,WTA 250,2026/07/20,Hard,QF,3,Daria Snigur,Lanlana Tararudee,6-0 6-3,43,78,1172,916
Prague,WTA 250,2026/07/20,Hard,QF,3,Tereza Valentova,Marie Bouzkova,2-6 6-4 7-6(6),64,24,1003,1829
Prague,WTA 250,2026/07/20,Hard,QF,3,Lilli Tagger,Sara Bejlek,6-3 6-4,45,38,1160,1269
Prague,WTA 250,2026/07/20,Hard,QF,3,Barbora Krejcikova,Dominika Salkova,6-3 6-3,25,121,1776,632
Prague,WTA 250,2026/07/20,Hard,SF,3,Daria Snigur,Tereza Valentova,7-6(4) 6-3,43,64,1172,1003
Prague,WTA 250,2026/07/20,Hard,SF,3,Lilli Tagger,Barbora Krejcikova,6-7(5) 6-3 7-6(4),45,25,1160,1776
Prague,WTA 250,2026/07/20,Hard,F,3,Lilli Tagger,Daria Snigur,7-6(3) 6-2,45,43,1160,1172
Hamburg,WTA 250,2026/07/20,Clay,R32,3,Anhelina Kalinina,Kaitlin Quevedo,7-5 6-4,54,103,1072,754
Hamburg,WTA 250,2026/07/20,Clay,R32,3,Julia Stusek,Nadia Podoroska,4-6 6-3 6-4,375,531,168,101
Hamburg,WTA 250,2026/07/20,Clay,R32,3,Anna Bondar,Moyuka Uchijima,7-5 6-4,77,107,936,713
Hamburg,WTA 250,2026/07/20,Clay,R32,3,Panna Udvardy,Elena Pridankina,6-4 6-2,74,185,953,425
Hamburg,WTA 250,2026/07/20,Clay,R32,3,Sinja Kraus,Darja Semenistaja,3-6 6-3 6-2,80,106,907,714
Hamburg,WTA 250,2026/07/20,Clay,R32,3,Leyre Romero Gormaz,Veronika Erjavec,6-2 6-2,147,100,521,775
Hamburg,WTA 250,2026/07/20,Clay,R32,3,Yulia Putintseva,Mona Barthel,6-2 7-6(5),81,215,904,357
Hamburg,WTA 250,2026/07/20,Clay,R32,3,Noma Noha Akugue,Valentina Steiner,6-3 2-6 6-2,137,538,561,97
Hamburg,WTA 250,2026/07/20,Clay,R32,3,Maria Lourdes Carle,Jule Niemeier,7-5 6-2,211,525,363,104
Hamburg,WTA 250,2026/07/20,Clay,R32,3,Alina Charaeva,Sara Sorribes Tormo,3-6 7-5 6-1,112,214,700,357
Hamburg,WTA 250,2026/07/20,Clay,R32,3,Tamara Korpatsch,Victoria Jimenez Kasintseva,4-6 7-5 1-0,46,120,1134,645
Hamburg,WTA 250,2026/07/20,Clay,R32,3,Elina Avanesyan,Arantxa Rus,6-2 6-1,161,184,475,428
Hamburg,WTA 250,2026/07/20,Clay,R32,3,Oleksandra Oliynykova,Nastasja Schunk,6-2 3-6 7-5,44,421,1171,148
Hamburg,WTA 250,2026/07/20,Clay,R16,3,Anhelina Kalinina,Maria Lourdes Carle,6-1 6-3,54,211,1072,363
Hamburg,WTA 250,2026/07/20,Clay,R32,3,Mayar Sherif,Simona Waltert,5-7 6-4 7-6(3),50,90,1105,846
Hamburg,WTA 250,2026/07/20,Clay,R32,3,Elsa Jacquemot,Tessa Johanna Brockmann,7-5 6-1,98,267,785,270
Hamburg,WTA 250,2026/07/20,Clay,R32,3,Paula Badosa,Katarzyna Kawa,7-5 6-4,84,131,885,576
Hamburg,WTA 250,2026/07/20,Clay,R16,3,Alina Charaeva,Sinja Kraus,5-7 7-5 7-5,112,80,700,907
Hamburg,WTA 250,2026/07/20,Clay,R16,3,Tamara Korpatsch,Julia Stusek,6-0 3-6 6-3,46,375,1134,168
Hamburg,WTA 250,2026/07/20,Clay,R16,3,Anna Bondar,Noma Noha Akugue,6-1 3-6 7-5,77,137,936,561
Hamburg,WTA 250,2026/07/20,Clay,R16,3,Mayar Sherif,Elsa Jacquemot,6-2 6-3,50,98,1105,785
Hamburg,WTA 250,2026/07/20,Clay,R16,3,Oleksandra Oliynykova,Leyre Romero Gormaz,7-6(3) 3-6 6-2,44,147,1171,521
Hamburg,WTA 250,2026/07/20,Clay,R16,3,Paula Badosa,Panna Udvardy,6-4 6-1,84,74,885,953
Hamburg,WTA 250,2026/07/20,Clay,R16,3,Elina Avanesyan,Yulia Putintseva,6-3 2-6 6-2,161,81,475,904
Hamburg,WTA 250,2026/07/20,Clay,QF,3,Anna Bondar,Alina Charaeva,6-1 7-6(3),77,112,936,700
Hamburg,WTA 250,2026/07/20,Clay,QF,3,Mayar Sherif,Paula Badosa,7-6(4) 6-7(2) 6-4,50,84,1105,885
Hamburg,WTA 250,2026/07/20,Clay,QF,3,Elina Avanesyan,Oleksandra Oliynykova,,161,44,475,1171
Hamburg,WTA 250,2026/07/20,Clay,QF,3,Tamara Korpatsch,Anhelina Kalinina,6-3 1-6 6-1,46,54,1134,1072
Hamburg,WTA 250,2026/07/20,Clay,SF,3,Anna Bondar,Elina Avanesyan,7-6(3) 4-6 7-6(2),77,161,936,475
Hamburg,WTA 250,2026/07/20,Clay,SF,3,Tamara Korpatsch,Mayar Sherif,6-1 2-0,46,50,1134,1105
Hamburg,WTA 250,2026/07/20,Clay,F,3,Tamara Korpatsch,Anna Bondar,6-3 6-3,46,77,1134,936
Memphis,WTA 250,2026/07/27,Hard,R32,3,Katie Volynets,Viktorija Golubic,7-5 2-6 7-6(3),93,51,814,1088
Memphis,WTA 250,2026/07/27,Hard,R32,3,Anastasia Zakharova,Linda Fruhvirtova,7-6(6) 6-1,101,176,768,437
Memphis,WTA 250,2026/07/27,Hard,R32,3,Maya Joint,Whitney Osuigwe,6-4 6-1,76,197,936,388
Memphis,WTA 250,2026/07/27,Hard,R32,3,Tatjana Maria,Talia Gibson,6-0 6-3,79,72,913,958
Memphis,WTA 250,2026/07/27,Hard,R32,3,Iryna Shymanovich,Reese Brantmeier,6-4 6-3,205,486,378,118
Memphis,WTA 250,2026/07/27,Hard,R32,3,Tatiana Prozorova,Solana Sierra,6-1 5-7 6-2,181,86,433,867
Memphis,WTA 250,2026/07/27,Hard,R32,3,Camila Osorio,Storm Hunter,7-5 7-5,56,180,1048,433
Memphis,WTA 250,2026/07/27,Hard,R32,3,Elvina Kalieva,Katherine Sebov,6-1 7-6(3),132,231,568,331
Memphis,WTA 250,2026/07/27,Hard,R32,3,Kristina Liutova,Ekaterina Alexandrova,7-6(2) 4-6 5-4 RET,229,19,336,2301
Memphis,WTA 250,2026/07/27,Hard,R32,3,Zeynep Sonmez,Cadence Brace,6-4 3-6 6-3,52,254,1074,286
Memphis,WTA 250,2026/07/27,Hard,R32,3,Caty Mcnally,Xiyu Wang,4-6 6-3 7-6(5),73,94,954,808
Memphis,WTA 250,2026/07/27,Hard,R32,3,Peyton Stearns,Mary Stoiana,6-7(5) 6-0 6-4,58,124,1017,603
Memphis,WTA 250,2026/07/27,Hard,R32,3,Sloane Stephens,Yuliia Starodubtseva,6-4 5-7 6-2,320,62,213,1008
Memphis,WTA 250,2026/07/27,Hard,R32,3,Darja Vidmanova,Marina Bassols Ribera,6-2 3-6 6-4,114,130,691,579
Memphis,WTA 250,2026/07/27,Hard,R32,3,Ye Xin Ma,Kimberly Birrell,7-6(2) 6-4,194,66,395,999
Memphis,WTA 250,2026/07/27,Hard,R32,3,Renata Zarazua,Mccartney Kessler,6-4 6-1,83,47,894,1125
Memphis,WTA 250,2026/07/27,Hard,R16,3,Kristina Liutova,Maya Joint,3-6 6-3 6-3,229,76,336,936
Memphis,WTA 250,2026/07/27,Hard,R16,3,Caty Mcnally,Ye Xin Ma,6-2 6-3,73,194,954,395
Memphis,WTA 250,2026/07/27,Hard,R16,3,Elvina Kalieva,Zeynep Sonmez,3-6 7-5 7-5,132,52,568,1074
Memphis,WTA 250,2026/07/27,Hard,R16,3,Peyton Stearns,Tatiana Prozorova,6-1 6-2,58,181,1017,433
Memphis,WTA 250,2026/07/27,Hard,R16,3,Darja Vidmanova,Sloane Stephens,6-2 6-4,114,320,691,213
Memphis,WTA 250,2026/07/27,Hard,R16,3,Katie Volynets,Iryna Shymanovich,6-4 6-2,93,205,814,378
Memphis,WTA 250,2026/07/27,Hard,R16,3,Anastasia Zakharova,Camila Osorio,6-4 6-3,101,56,768,1048
Memphis,WTA 250,2026/07/27,Hard,R16,3,Renata Zarazua,Tatjana Maria,6-4 6-4,83,79,894,913
Memphis,WTA 250,2026/07/27,Hard,QF,3,Kristina Liutova,Caty Mcnally,6-3 6-4,229,73,336,954
Memphis,WTA 250,2026/07/27,Hard,QF,3,Elvina Kalieva,Peyton Stearns,6-1 2-6 6-3,132,58,568,1017
Memphis,WTA 250,2026/07/27,Hard,QF,3,Darja Vidmanova,Katie Volynets,6-4 6-7(5) 6-1,114,93,691,814
Memphis,WTA 250,2026/07/27,Hard,QF,3,Renata Zarazua,Anastasia Zakharova,6-4 6-0,83,101,894,768
Memphis,WTA 250,2026/07/27,Hard,SF,3,Kristina Liutova,Elvina Kalieva,7-5 6-1,229,132,336,568
Memphis,WTA 250,2026/07/27,Hard,SF,3,Darja Vidmanova,Renata Zarazua,6-3 6-3,114,83,691,894
Memphis,WTA 250,2026/07/27,Hard,F,3,Kristina Liutova,Darja Vidmanova,1-6 6-1 6-3,229,114,336,691
Washington,WTA 500,2026/07/27,Hard,R32,3,Leylah Fernandez,Magda Linette,6-1 6-4,34,65,1344,1001
Washington,WTA 500,2026/07/27,Hard,R32,3,Elisabetta Cocciaretto,Clara Tauson,4-6 7-6(2) 7-6(2),71,30,967,1564
Washington,WTA 500,2026/07/27,Hard,R32,3,Emma Navarro,Sofia Kenin,6-0 7-5,26,116,1674,684
Washington,WTA 500,2026/07/27,Hard,R32,3,Liudmila Samsonova,Madison Keys,3-6 6-4 6-4,70,22,970,1964
Washington,WTA 500,2026/07/27,Hard,R32,3,Janice Tjen,Rebecca Sramkova,6-4 6-2,37,141,1282,549
Washington,WTA 500,2026/07/27,Hard,R32,3,Ashlyn Krueger,Katie Boulter,3-6 6-2 6-2,67,69,997,987
Washington,WTA 500,2026/07/27,Hard,R32,3,Polina Kudermetova,Cristina Bucsa,5-7 7-6(4) 6-0,108,40,708,1244
Washington,WTA 500,2026/07/27,Hard,R32,3,Xinyu Wang,Julieta Pareja,7-6(3) 6-3,42,308,1193,224
Washington,WTA 500,2026/07/27,Hard,R32,3,Alexandra Eala,Qinwen Zheng,4-6 6-4 6-1,28,123,1666,610
Washington,WTA 500,2026/07/27,Hard,R32,3,Anna Kalinskaya,Daria Kasatkina,6-4 6-1,20,61,2007,1009
Washington,WTA 500,2026/07/27,Hard,R32,3,Magdalena Frech,Ann Li,6-4 6-3,48,31,1120,1541
Washington,WTA 500,2026/07/27,Hard,R32,3,Anastasia Potapova,Venus Williams,6-3 6-3,27,469,1667,124
Washington,WTA 500,2026/07/27,Hard,R16,3,Jessica Pegula,Magdalena Frech,3-6 6-3 6-0,3,48,6300,1120
Washington,WTA 500,2026/07/27,Hard,R16,3,Anna Kalinskaya,Janice Tjen,1-6 6-3 7-6(7),20,37,2007,1282
Washington,WTA 500,2026/07/27,Hard,R16,3,Diana Shnaider,Anastasia Potapova,6-1 6-2,18,27,2458,1667
Washington,WTA 500,2026/07/27,Hard,R16,3,Liudmila Samsonova,Xinyu Wang,6-2 6-2,70,42,970,1193
Washington,WTA 500,2026/07/27,Hard,R16,3,Elisabetta Cocciaretto,Emma Navarro,6-3 4-6 6-3,71,26,967,1674
Washington,WTA 500,2026/07/27,Hard,R16,3,Naomi Osaka,Ashlyn Krueger,6-3 3-1 RET,13,67,3086,997
Washington,WTA 500,2026/07/27,Hard,R16,3,Alexandra Eala,Leylah Fernandez,6-2 7-6(1),28,34,1666,1344
Washington,WTA 500,2026/07/27,Hard,R16,3,Elina Svitolina,Polina Kudermetova,7-6(4) 6-4,10,108,4351,708
Washington,WTA 500,2026/07/27,Hard,QF,3,Jessica Pegula,Anna Kalinskaya,6-3 7-5,3,20,6300,2007
Washington,WTA 500,2026/07/27,Hard,QF,3,Diana Shnaider,Liudmila Samsonova,6-3 6-4,18,70,2458,970
Washington,WTA 500,2026/07/27,Hard,QF,3,Naomi Osaka,Elisabetta Cocciaretto,4-6 6-4 6-3,13,71,3086,967
Washington,WTA 500,2026/07/27,Hard,QF,3,Alexandra Eala,Elina Svitolina,6-3 6-4,28,10,1666,4351
Washington,WTA 500,2026/07/27,Hard,SF,3,Jessica Pegula,Diana Shnaider,7-5 6-4,3,18,6300,2458
Washington,WTA 500,2026/07/27,Hard,SF,3,Alexandra Eala,Naomi Osaka,6-4 6-2,28,13,1666,3086
Washington,WTA 500,2026/07/27,Hard,F,3,Alexandra Eala,Jessica Pegula,4-6 6-4 6-0,28,3,1666,6300
Toronto,WTA 1000,2026/08/02,Hard,R128,3,Moyuka Uchijima,Cristina Bucsa,6-3 6-4,111,40,738,1244
Toronto,WTA 1000,2026/08/02,Hard,R128,3,Shuai Zhang,Yulia Putintseva,6-4 6-1,62,82,1020,904
Toronto,WTA 1000,2026/08/02,Hard,R128,3,Talia Gibson,Elisabetta Cocciaretto,6-2 3-2 RET,74,59,958,1055
Toronto,WTA 1000,2026/08/02,Hard,R128,3,Camila Osorio,Lucrezia Stefanini,7-6(4) 6-3,60,147,1048,539
Toronto,WTA 1000,2026/08/02,Hard,R128,3,Jessica Bouzas Maneiro,Ariana Arseneault,6-2 6-4,63,352,1014,186
Toronto,WTA 1000,2026/08/02,Hard,R128,3,Elena Gabriela Ruse,Peyton Stearns,6-0 7-5,77,57,941,1061
Toronto,WTA 1000,2026/08/02,Hard,R128,3,Nikola Bartunkova,Bianca Andreescu,7-5 6-4,42,179,1231,446
Toronto,WTA 1000,2026/08/02,Hard,R128,3,Lanlana Tararudee,Emerson Jones,7-6(2) 6-2,79,134,916,583
Toronto,WTA 1000,2026/08/02,Hard,R128,3,Magdalena Frech,Leolia Jeanjean,7-5 6-3,45,119,1160,677
Toronto,WTA 1000,2026/08/02,Hard,R128,3,Kamilla Rakhimova,Venus Williams,6-4 6-1,83,667,894,65
Toronto,WTA 1000,2026/08/02,Hard,R128,3,Mccartney Kessler,Cadence Brace,6-3 6-3,48,258,1125,286
Toronto,WTA 1000,2026/08/02,Hard,R128,3,Rebecca Sramkova,Anna Blinkova,6-3 6-3,143,108,559,749
Toronto,WTA 1000,2026/08/02,Hard,R128,3,Katherine Sebov,Aoi Ito,6-3 6-4,229,236,343,324
Toronto,WTA 1000,2026/08/02,Hard,R128,3,Antonia Ruzic,Lois Boisson,4-6 6-1 6-3,56,299,1062,238
Toronto,WTA 1000,2026/08/02,Hard,R128,3,Viktorija Golubic,Kimberly Birrell,7-6(7) 6-4,51,69,1088,999
Toronto,WTA 1000,2026/08/02,Hard,R128,3,Sara Bejlek,Xiyu Wang,6-3 4-6 7-5,38,96,1269,809
Toronto,WTA 1000,2026/08/02,Hard,R128,3,Caty Mcnally,Tatjana Maria,4-6 7-6(4) 6-1,70,80,990,913
Toronto,WTA 1000,2026/08/02,Hard,R128,3,Alycia Parks,Victoria Jimenez Kasintseva,6-4 6-4,71,122,989,645
Toronto,WTA 1000,2026/08/02,Hard,R128,3,Taylor Townsend,Tereza Valentova,6-4 7-5,110,67,748,1003
Toronto,WTA 1000,2026/08/02,Hard,R128,3,Sloane Stephens,Solana Sierra,6-3 6-4,286,86,255,867
Toronto,WTA 1000,2026/08/02,Hard,R128,3,Magda Linette,Carol Zhao,4-6 6-1 6-4,68,627,1001,75
Toronto,WTA 1000,2026/08/02,Hard,R128,3,Alina Korneeva,Polina Kudermetova,6-0 3-0 RET,89,103,849,778
Toronto,WTA 1000,2026/08/02,Hard,R128,3,Zeynep Sonmez,Rebecca Marino,7-5 6-4,52,345,1077,193
Toronto,WTA 1000,2026/08/02,Hard,R128,3,Kayla Day,Diane Parry,3-6 6-3 7-5,131,64,591,1011
Toronto,WTA 1000,2026/08/02,Hard,R128,3,Karolina Pliskova,Oleksandra Oliynykova,6-4 6-4,66,44,1006,1171
Toronto,WTA 1000,2026/08/02,Hard,R128,3,Renata Zarazua,Tamara Korpatsch,6-4 0-6 6-1,73,47,971,1134
Toronto,WTA 1000,2026/08/02,Hard,R128,3,Anna Bondar,Anhelina Kalinina,6-4 7-5,78,54,936,1072
Toronto,WTA 1000,2026/08/02,Hard,R128,3,Panna Udvardy,Eva Lys,2-6 7-6(3) 2-0 RET,76,85,953,871
Toronto,WTA 1000,2026/08/02,Hard,R128,3,Maya Joint,Yuliia Starodubtseva,4-6 6-1 6-3,75,65,956,1008
Toronto,WTA 1000,2026/08/02,Hard,R128,3,Liudmila Samsonova,Janice Tjen,7-6(9) 7-5,55,36,1068,1312
Toronto,WTA 1000,2026/08/02,Hard,R128,3,Kayla Cross,Katie Boulter,7-6(3) 7-5,177,72,449,987
Toronto,WTA 1000,2026/08/02,Hard,R128,3,Daria Kasatkina,Xinyu Wang,1-6 7-6(5) 7-5,61,41,1033,1238
Toronto,WTA 1000,2026/08/02,Hard,R64,3,Aryna Sabalenka,Moyuka Uchijima,6-3 6-3,1,111,8550,738
Toronto,WTA 1000,2026/08/02,Hard,R64,3,Shuai Zhang,Jelena Ostapenko,6-0 4-0 RET,62,29,1020,1592
Toronto,WTA 1000,2026/08/02,Hard,R64,3,Talia Gibson,Maja Chwalinska,7-5 6-1,74,22,958,1975
Toronto,WTA 1000,2026/08/02,Hard,R64,3,Ekaterina Alexandrova,Camila Osorio,6-3 7-6(4),19,60,2301,1048
Toronto,WTA 1000,2026/08/02,Hard,R64,3,Elina Svitolina,Jessica Bouzas Maneiro,6-7(5) 7-6(4) 6-4,9,63,4459,1014
Toronto,WTA 1000,2026/08/02,Hard,R64,3,Anastasia Potapova,Elena Gabriela Ruse,6-4 6-2,27,77,1726,941
Toronto,WTA 1000,2026/08/02,Hard,R64,3,Nikola Bartunkova,Clara Tauson,6-3 6-4,42,30,1231,1564
Toronto,WTA 1000,2026/08/02,Hard,R64,3,Amanda Anisimova,Lanlana Tararudee,W/O,10,79,4353,916
Toronto,WTA 1000,2026/08/02,Hard,R64,3,Jessica Pegula,Magdalena Frech,3-6 6-3 6-2,3,45,6625,1160
Toronto,WTA 1000,2026/08/02,Hard,R64,3,Kamilla Rakhimova,Katerina Siniakova,6-7(1) 6-0 5-2 RET,83,37,894,1285
Toronto,WTA 1000,2026/08/02,Hard,R64,3,Anna Kalinskaya,Mccartney Kessler,6-2 6-7(3) 6-4,21,48,2083,1125
Toronto,WTA 1000,2026/08/02,Hard,R64,3,Diana Shnaider,Rebecca Sramkova,6-2 4-6 6-1,17,143,2593,559
Toronto,WTA 1000,2026/08/02,Hard,R64,3,Marta Kostyuk,Katherine Sebov,7-6(4) 6-0,11,229,3925,343
Toronto,WTA 1000,2026/08/02,Hard,R64,3,Madison Keys,Antonia Ruzic,6-1 6-2,23,56,1964,1062
Toronto,WTA 1000,2026/08/02,Hard,R64,3,Viktorija Golubic,Donna Vekic,5-7 6-2 6-3,51,35,1088,1326
Toronto,WTA 1000,2026/08/02,Hard,R64,3,Iga Swiatek,Sara Bejlek,6-0 6-3,8,38,4539,1269
Toronto,WTA 1000,2026/08/02,Hard,R64,3,Caty Mcnally,Linda Noskova,7-6(5) 6-1,70,7,990,5016
Toronto,WTA 1000,2026/08/02,Hard,R64,3,Alexandra Eala,Alycia Parks,6-1 4-6 6-2,20,71,2106,989
Toronto,WTA 1000,2026/08/02,Hard,R64,3,Taylor Townsend,Marie Bouzkova,7-6(4) 7-5,110,25,748,1829
Toronto,WTA 1000,2026/08/02,Hard,R64,3,Belinda Bencic,Sloane Stephens,6-3 6-1,14,286,2845,255
Toronto,WTA 1000,2026/08/02,Hard,R64,3,Iva Jovic,Magda Linette,6-3 7-5,16,68,2636,1001
Toronto,WTA 1000,2026/08/02,Hard,R64,3,Alina Korneeva,Emma Navarro,6-2 6-2,89,28,849,1724
Toronto,WTA 1000,2026/08/02,Hard,R64,3,Maria Sakkari,Zeynep Sonmez,6-3 6-2,33,52,1355,1077
Toronto,WTA 1000,2026/08/02,Hard,R64,3,Coco Gauff,Kayla Day,6-2 7-5,4,131,5649,591
Toronto,WTA 1000,2026/08/02,Hard,R64,3,Mirra Andreeva,Karolina Pliskova,6-0 6-2,5,66,5293,1006
Toronto,WTA 1000,2026/08/02,Hard,R64,3,Leylah Fernandez,Renata Zarazua,6-2 6-2,34,73,1344,971
Toronto,WTA 1000,2026/08/02,Hard,R64,3,Elise Mertens,Anna Bondar,3-6 6-4 6-4,24,78,1948,936
Toronto,WTA 1000,2026/08/02,Hard,R64,3,Naomi Osaka,Panna Udvardy,6-2 6-4,13,76,3281,953
Toronto,WTA 1000,2026/08/02,Hard,R64,3,Maya Joint,Sorana Cirstea,6-4 6-4,75,18,956,2502
Toronto,WTA 1000,2026/08/02,Hard,R64,3,Liudmila Samsonova,Barbora Krejcikova,6-1 7-5,55,26,1068,1776
Toronto,WTA 1000,2026/08/02,Hard,R64,3,Ann Li,Kayla Cross,7-6(2) 6-3,31,177,1541,449
Toronto,WTA 1000,2026/08/02,Hard,R64,3,Elena Rybakina,Daria Kasatkina,6-3 5-7 6-4,2,61,8056,1033
Toronto,WTA 1000,2026/08/02,Hard,R32,3,Ekaterina Alexandrova,Talia Gibson,5-7 6-1 6-3,19,74,2301,958
Toronto,WTA 1000,2026/08/02,Hard,R32,3,Jessica Pegula,Kamilla Rakhimova,6-4 6-0,3,83,6625,894
Toronto,WTA 1000,2026/08/02,Hard,R32,3,Diana Shnaider,Anna Kalinskaya,6-3 6-3,17,21,2593,2083
Toronto,WTA 1000,2026/08/02,Hard,R32,3,Iga Swiatek,Viktorija Golubic,6-2 6-1,8,51,4539,1088
Toronto,WTA 1000,2026/08/02,Hard,R32,3,Aryna Sabalenka,Shuai Zhang,6-3 6-4,1,62,8550,1020
Toronto,WTA 1000,2026/08/02,Hard,R32,3,Elina Svitolina,Anastasia Potapova,6-1 6-1,9,27,4459,1726
Toronto,WTA 1000,2026/08/02,Hard,R32,3,Amanda Anisimova,Nikola Bartunkova,3-6 6-0 6-4,10,42,4353,1231
Toronto,WTA 1000,2026/08/02,Hard,R32,3,Marta Kostyuk,Madison Keys,6-3 6-1,11,23,3925,1964
Toronto,WTA 1000,2026/08/02,Hard,R32,3,Alexandra Eala,Caty Mcnally,6-3 5-7 6-4,20,70,2106,990
Toronto,WTA 1000,2026/08/02,Hard,R32,3,Belinda Bencic,Taylor Townsend,6-7(5) 7-6(4) 6-4,14,110,2845,748
Toronto,WTA 1000,2026/08/02,Hard,R32,3,Alina Korneeva,Iva Jovic,6-3 6-4,89,16,849,2636
Toronto,WTA 1000,2026/08/02,Hard,R32,3,Coco Gauff,Maria Sakkari,6-1 6-4,4,33,5649,1355
Toronto,WTA 1000,2026/08/02,Hard,R32,3,Leylah Fernandez,Mirra Andreeva,6-1 6-4,34,5,1344,5293
Toronto,WTA 1000,2026/08/02,Hard,R32,3,Naomi Osaka,Elise Mertens,6-1 6-2,13,24,3281,1948
Toronto,WTA 1000,2026/08/02,Hard,R32,3,Liudmila Samsonova,Maya Joint,7-5 6-7(3) 6-2,55,75,1068,956
Toronto,WTA 1000,2026/08/02,Hard,R32,3,Elena Rybakina,Ann Li,6-2 7-5,2,31,8056,1541
Toronto,WTA 1000,2026/08/02,Hard,R16,3,Ekaterina Alexandrova,Aryna Sabalenka,7-6(3) 4-6 6-4,19,1,2301,8550
Toronto,WTA 1000,2026/08/02,Hard,R16,3,Elina Svitolina,Amanda Anisimova,6-2 6-4,9,10,4459,4353
Toronto,WTA 1000,2026/08/02,Hard,R16,3,Diana Shnaider,Jessica Pegula,6-3 6-3,17,3,2593,6625
Toronto,WTA 1000,2026/08/02,Hard,R16,3,Iga Swiatek,Marta Kostyuk,3-6 6-1 6-2,8,11,4539,3925
Toronto,WTA 1000,2026/08/02,Hard,R16,3,Belinda Bencic,Alexandra Eala,6-4 6-0,14,20,2845,2106
Toronto,WTA 1000,2026/08/02,Hard,R16,3,Coco Gauff,Alina Korneeva,6-3 6-1,4,89,5649,849
Toronto,WTA 1000,2026/08/02,Hard,R16,3,Naomi Osaka,Leylah Fernandez,6-4 6-4,13,34,3281,1344
Toronto,WTA 1000,2026/08/02,Hard,R16,3,Elena Rybakina,Liudmila Samsonova,6-4 4-6 6-4,2,55,8056,1068
Toronto,WTA 1000,2026/08/02,Hard,QF,3,Elina Svitolina,Ekaterina Alexandrova,3-6 6-0 6-3,9,19,4459,2301
Toronto,WTA 1000,2026/08/02,Hard,QF,3,Iga Swiatek,Diana Shnaider,6-2 6-1,8,17,4539,2593
Toronto,WTA 1000,2026/08/02,Hard,QF,3,Coco Gauff,Belinda Bencic,W/O,4,14,5649,2845
Toronto,WTA 1000,2026/08/02,Hard,QF,3,Elena Rybakina,Naomi Osaka,4-6 7-6(5) 6-4,2,13,8056,3281
Toronto,WTA 1000,2026/08/02,Hard,SF,3,Iga Swiatek,Elina Svitolina,6-3 1-6 6-3,8,9,4539,4459
Toronto,WTA 1000,2026/08/02,Hard,SF,3,Elena Rybakina,Coco Gauff,5-7 6-2 6-2,2,4,8056,5649
Toronto,WTA 1000,2026/08/02,Hard,F,3,Iga Swiatek,Elena Rybakina,6-2 6-3,8,2,4539,8056
Cincinnati,WTA 1000,2026/08/13,Hard,R128,3,Zeynep Sonmez,Daria Kasatkina,2-6 7-6(4) 6-3,50,68,1082,1003
Cincinnati,WTA 1000,2026/08/13,Hard,R128,3,Anhelina Kalinina,Darja Vidmanova,4-6 6-4 6-2,51,88,1081,842
Cincinnati,WTA 1000,2026/08/13,Hard,R128,3,Taylor Townsend,Camila Osorio,3-6 6-3 6-3,94,55,813,1048
Cincinnati,WTA 1000,2026/08/13,Hard,R128,3,Kamilla Rakhimova,Kimberly Birrell,6-2 6-2,83,69,894,999
Cincinnati,WTA 1000,2026/08/13,Hard,R128,3,Simona Waltert,Petra Marcinko,5-7 6-4 6-2,87,72,846,974
Cincinnati,WTA 1000,2026/08/13,Hard,R128,3,Lois Boisson,Ashlyn Krueger,6-3 6-2,281,56,258,1047
Cincinnati,WTA 1000,2026/08/13,Hard,R128,3,Magdalena Frech,Antonia Ruzic,6-2 7-5,41,61,1185,1032
Cincinnati,WTA 1000,2026/08/13,Hard,R128,3,Elena Gabriela Ruse,Magda Linette,6-0 6-3,74,62,966,1026
Cincinnati,WTA 1000,2026/08/13,Hard,R128,3,Diane Parry,Caroline Dolehide,6-4 7-6(7),66,246,1006,302
Cincinnati,WTA 1000,2026/08/13,Hard,R128,3,Tatjana Maria,Dayana Yastremska,6-1 6-2,80,107,923,747
Cincinnati,WTA 1000,2026/08/13,Hard,R128,3,Cristina Bucsa,Panna Udvardy,6-2 1-6 7-5,38,77,1224,961
Cincinnati,WTA 1000,2026/08/13,Hard,R128,3,Katie Boulter,Katie Volynets,7-5 0-6 6-4,71,89,987,838
Cincinnati,WTA 1000,2026/08/13,Hard,R128,3,Caty Mcnally,Mccartney Kessler,6-3 6-4,70,58,990,1040
Cincinnati,WTA 1000,2026/08/13,Hard,R128,3,Sara Bejlek,Karolina Pliskova,6-0 6-2,35,57,1289,1041
Cincinnati,WTA 1000,2026/08/13,Hard,R128,3,Jessica Bouzas Maneiro,Anna Bondar,6-3 7-6(5),90,76,834,961
Cincinnati,WTA 1000,2026/08/13,Hard,R128,3,Daria Snigur,Yuliia Starodubtseva,6-4 6-3,45,78,1163,953
Cincinnati,WTA 1000,2026/08/13,Hard,R128,3,Lucrezia Stefanini,Elisabetta Cocciaretto,5-3 RET,142,60,557,1035
Cincinnati,WTA 1000,2026/08/13,Hard,R128,3,Nikola Bartunkova,Alina Charaeva,4-6 6-4 6-3,39,113,1203,694
Cincinnati,WTA 1000,2026/08/13,Hard,R128,3,Anna Blinkova,Mananchaya Sawangkaew,1-6 6-2 6-3,111,105,734,750
Cincinnati,WTA 1000,2026/08/13,Hard,R128,3,Talia Gibson,Lilli Tagger,4-6 6-1 7-5,65,48,1010,1123
Cincinnati,WTA 1000,2026/08/13,Hard,R128,3,Xiyu Wang,Maria Timofeeva,6-0 3-0 RET,108,96,743,806
Cincinnati,WTA 1000,2026/08/13,Hard,R128,3,Tamara Korpatsch,Maya Joint,0-6 6-3 6-4,47,67,1128,1006
Cincinnati,WTA 1000,2026/08/13,Hard,R128,3,Viktorija Golubic,Alycia Parks,6-2 6-2,52,63,1072,1014
Cincinnati,WTA 1000,2026/08/13,Hard,R128,3,Oleksandra Oliynykova,Elvina Kalieva,6-4 6-1,46,120,1154,640
Cincinnati,WTA 1000,2026/08/13,Hard,R128,3,Peyton Stearns,Harriet Dart,6-1 7-6(6),53,143,1061,557
Cincinnati,WTA 1000,2026/08/13,Hard,R128,3,Emiliana Arango,Venus Williams,6-2 6-2,95,615,813,75
Cincinnati,WTA 1000,2026/08/13,Hard,R128,3,Xinyu Wang,Hanne Vandewinkel,6-4 6-3,36,82,1248,
Cincinnati,WTA 1000,2026/08/13,Hard,R128,3,Tereza Valentova,Mary Stoiana,6-2 7-6(4),64,130,,
Cincinnati,WTA 1000,2026/08/13,Hard,R128,3,Liudmila Samsonova,Yulia Putintseva,7-6(5) 5-7 7-5,43,81,1178,
Cincinnati,WTA 1000,2026/08/13,Hard,R128,3,Shuai Zhang,Kayla Day,2-6 6-2 6-2,54,121,,
Cincinnati,WTA 1000,2026/08/13,Hard,R128,3,Sofia Kenin,Eva Lys,1-6 6-3 6-3,115,92,,
Cincinnati,WTA 1000,2026/08/13,Hard,R128,3,Sloane Stephens,Sinja Kraus,7-5 6-3,240,85,,
Cincinnati,WTA 1000,2026/08/13,Hard,R64,3,Linda Noskova,Katie Boulter,6-3 6-3,8,71,5016,987
Cincinnati,WTA 1000,2026/08/13,Hard,R64,3,Clara Tauson,Peyton Stearns,7-6(7) 1-6 7-5,42,53,1184,1061
Cincinnati,WTA 1000,2026/08/13,Hard,R64,3,Alexandra Eala,Elena Gabriela Ruse,6-1 3-0 RET,20,74,2216,966
Cincinnati,WTA 1000,2026/08/13,Hard,R64,3,Amanda Anisimova,Zeynep Sonmez,6-2 6-3,10,50,4353,1082
Cincinnati,WTA 1000,2026/08/13,Hard,R64,3,Sorana Cirstea,Nikola Bartunkova,7-6(5) 6-3,19,39,2502,1203
Cincinnati,WTA 1000,2026/08/13,Hard,R64,3,Anna Kalinskaya,Caty Mcnally,6-3 6-4,21,70,2083,990
Cincinnati,WTA 1000,2026/08/13,Hard,R64,3,Emma Navarro,Anhelina Kalinina,3-6 6-4 6-2,28,51,1669,1081
Cincinnati,WTA 1000,2026/08/13,Hard,R64,3,Jessica Pegula,Simona Waltert,6-3 6-2,3,87,6680,846
Cincinnati,WTA 1000,2026/08/13,Hard,R64,3,Maria Sakkari,Kamilla Rakhimova,6-2 5-7 6-1,32,83,1385,894
Cincinnati,WTA 1000,2026/08/13,Hard,R64,3,Diane Parry,Elise Mertens,2-6 6-2 6-2,66,22,1006,2003
Cincinnati,WTA 1000,2026/08/13,Hard,R64,3,Lois Boisson,Belinda Bencic,6-3 RET,281,12,258,2995
Cincinnati,WTA 1000,2026/08/13,Hard,R64,3,Diana Shnaider,Tatjana Maria,6-2 7-5,14,80,2798,923
Cincinnati,WTA 1000,2026/08/13,Hard,R64,3,Maja Chwalinska,Cristina Bucsa,6-2 6-2,23,38,1984,1224
Cincinnati,WTA 1000,2026/08/13,Hard,R64,3,Magdalena Frech,Jelena Ostapenko,6-1 6-3,41,30,1185,1537
Cincinnati,WTA 1000,2026/08/13,Hard,R64,3,Aryna Sabalenka,Talia Gibson,6-2 7-6(2),1,65,8670,1010
Cincinnati,WTA 1000,2026/08/13,Hard,R64,3,Xinyu Wang,Donna Vekic,3-6 6-1 6-4,36,34,1248,1336
Cincinnati,WTA 1000,2026/08/13,Hard,R64,3,Sara Bejlek,Barbora Krejcikova,7-6(5) 6-4,35,26,1289,1776
Cincinnati,WTA 1000,2026/08/13,Hard,R64,3,Ekaterina Alexandrova,Anna Blinkova,6-7(5) 6-4 7-5,18,111,2506,734
Cincinnati,WTA 1000,2026/08/13,Hard,R64,3,Katerina Siniakova,Jessica Bouzas Maneiro,6-7(5) 6-1 6-1,44,90,1170,834
Cincinnati,WTA 1000,2026/08/13,Hard,R64,3,Madison Keys,Daria Snigur,4-6 6-3 6-3,24,45,1814,1163
Cincinnati,WTA 1000,2026/08/13,Hard,R64,3,Xiyu Wang,Leylah Fernandez,3-6 6-2 6-2,108,31,743,1454
Cincinnati,WTA 1000,2026/08/13,Hard,R64,3,Coco Gauff,Liudmila Samsonova,2-6 6-4 6-1,4,43,5919,1178
Cincinnati,WTA 1000,2026/08/13,Hard,R64,3,Ann Li,Shuai Zhang,7-5 6-3,29,54,1596,
Cincinnati,WTA 1000,2026/08/13,Hard,R64,3,Marie Bouzkova,Lucrezia Stefanini,6-2 6-4,27,142,1774,557
Cincinnati,WTA 1000,2026/08/13,Hard,R64,3,Iva Jovic,Tamara Korpatsch,6-4 6-3,16,47,2691,1128
Cincinnati,WTA 1000,2026/08/13,Hard,R64,3,Marta Kostyuk,Sofia Kenin,4-6 6-3 7-5,11,115,3830,
Cincinnati,WTA 1000,2026/08/13,Hard,R64,3,Sloane Stephens,Anastasia Potapova,6-2 6-4,240,25,,1781
Cincinnati,WTA 1000,2026/08/13,Hard,R64,3,Janice Tjen,Viktorija Golubic,7-6(8) 5-7 7-5,37,52,1238,1072
Cincinnati,WTA 1000,2026/08/13,Hard,R64,3,Mirra Andreeva,Oleksandra Oliynykova,6-1 6-0,6,46,5323,1154
Cincinnati,WTA 1000,2026/08/13,Hard,R64,3,Iga Swiatek,Emiliana Arango,6-3 6-0,5,95,5419,813
Cincinnati,WTA 1000,2026/08/13,Hard,R64,3,Elena Rybakina,Taylor Townsend,6-3 6-4,2,94,8316,813
Cincinnati,WTA 1000,2026/08/13,Hard,R64,3,Elina Svitolina,Tereza Valentova,3-6 7-6(5) 6-0,9,64,4634,
Cincinnati,WTA 1000,2026/08/13,Hard,R32,3,Aryna Sabalenka,Xinyu Wang,6-1 6-3,1,36,8670,1248
Cincinnati,WTA 1000,2026/08/13,Hard,R32,3,Sara Bejlek,Ekaterina Alexandrova,4-6 6-1 6-2,35,18,1289,2506
Cincinnati,WTA 1000,2026/08/13,Hard,R32,3,Madison Keys,Katerina Siniakova,6-1 6-3,24,44,1814,1170
Cincinnati,WTA 1000,2026/08/13,Hard,R32,3,Xiyu Wang,Elina Svitolina,W/O,108,9,743,4634
Cincinnati,WTA 1000,2026/08/13,Hard,R32,3,Coco Gauff,Ann Li,6-1 7-6(3),4,29,5919,1596
Cincinnati,WTA 1000,2026/08/13,Hard,R32,3,Marie Bouzkova,Iva Jovic,7-6(0) 7-6(5),27,16,1774,2691
Cincinnati,WTA 1000,2026/08/13,Hard,R32,3,Marta Kostyuk,Sloane Stephens,7-5 7-5,11,240,3830,
Cincinnati,WTA 1000,2026/08/13,Hard,R32,3,Mirra Andreeva,Janice Tjen,6-1 7-6(5),6,37,5323,1238
Cincinnati,WTA 1000,2026/08/13,Hard,R32,3,Linda Noskova,Clara Tauson,7-6(3) 6-2,8,42,5016,1184
Cincinnati,WTA 1000,2026/08/13,Hard,R32,3,Amanda Anisimova,Alexandra Eala,4-6 6-4 6-2,10,20,4353,2216
Cincinnati,WTA 1000,2026/08/13,Hard,R32,3,Sorana Cirstea,Anna Kalinskaya,6-7(4) 6-1 5-0 RET,19,21,2502,2083
Cincinnati,WTA 1000,2026/08/13,Hard,R32,3,Jessica Pegula,Emma Navarro,7-5 6-2,3,28,6680,1669
Cincinnati,WTA 1000,2026/08/13,Hard,R32,3,Iga Swiatek,Maria Sakkari,4-6 6-1 6-1,5,32,5419,1385
Cincinnati,WTA 1000,2026/08/13,Hard,R32,3,Diane Parry,Lois Boisson,4-6 6-4 6-3,66,281,1006,258
Cincinnati,WTA 1000,2026/08/13,Hard,R32,3,Diana Shnaider,Maja Chwalinska,6-2 7-6(3),14,23,2798,1984
Cincinnati,WTA 1000,2026/08/13,Hard,R32,3,Elena Rybakina,Magdalena Frech,6-4 7-6(2),2,41,8316,1185
Cincinnati,WTA 1000,2026/08/13,Hard,R16,3,Iga Swiatek,Diane Parry,6-3 6-3,5,66,5419,1006
Cincinnati,WTA 1000,2026/08/13,Hard,R16,3,Marta Kostyuk,Mirra Andreeva,4-6 6-0 6-2,11,6,3830,5323
Cincinnati,WTA 1000,2026/08/13,Hard,R16,3,Jessica Pegula,Sorana Cirstea,6-2 4-6 7-5,3,19,6680,2502
Cincinnati,WTA 1000,2026/08/13,Hard,R16,3,Amanda Anisimova,Linda Noskova,6-1 6-4,10,8,4353,5016
Cincinnati,WTA 1000,2026/08/13,Hard,R16,3,Elena Rybakina,Diana Shnaider,6-4 6-4,2,14,8316,2798
Cincinnati,WTA 1000,2026/08/13,Hard,R16,3,Coco Gauff,Marie Bouzkova,6-3 6-2,4,27,5919,1774
Cincinnati,WTA 1000,2026/08/13,Hard,R16,3,Madison Keys,Xiyu Wang,7-6(3) 6-4,24,108,1814,743
Cincinnati,WTA 1000,2026/08/13,Hard,R16,3,Sara Bejlek,Aryna Sabalenka,7-6(7) 6-4,35,1,1289,8670
Cincinnati,WTA 1000,2026/08/13,Hard,QF,3,Jessica Pegula,Amanda Anisimova,6-4 2-6 7-6(4),3,10,6680,4353
Cincinnati,WTA 1000,2026/08/13,Hard,QF,3,Iga Swiatek,Elena Rybakina,4-1 RET,5,2,5419,8316
Cincinnati,WTA 1000,2026/08/13,Hard,QF,3,Sara Bejlek,Madison Keys,3-6 6-4 7-6(5),35,24,1289,1814
Cincinnati,WTA 1000,2026/08/13,Hard,QF,3,Coco Gauff,Marta Kostyuk,6-2 6-2,4,11,5919,3830
Cincinnati,WTA 1000,2026/08/13,Hard,SF,3,Jessica Pegula,Iga Swiatek,7-5 4-6 6-4,3,5,6680,5419
Cincinnati,WTA 1000,2026/08/13,Hard,SF,3,Coco Gauff,Sara Bejlek,6-4 6-1,4,35,5919,1289
Cincinnati,WTA 1000,2026/08/13,Hard,F,3,Coco Gauff,Jessica Pegula,6-2 6-4,4,3,5919,6680
Monterrey,WTA 500,2026/08/24,Hard,R32,3,Clara Tauson,Renata Zarazua,3-6 6-3 6-0,42,71,1184,957
Monterrey,WTA 500,2026/08/24,Hard,R32,3,Oleksandra Oliynykova,Mayar Sherif,6-3 6-4,46,51,1159,1105
Monterrey,WTA 500,2026/08/24,Hard,R32,3,Diane Parry,Donna Vekic,6-7(5) 6-4 6-1,50,36,1113,1278
Monterrey,WTA 500,2026/08/24,Hard,R32,3,Alycia Parks,Petra Marcinko,2-6 6-4 6-4,89,73,846,954
Monterrey,WTA 500,2026/08/24,Hard,R32,3,Maria Timofeeva,Shuai Zhang,6-1 6-3,92,53,814,1085
Monterrey,WTA 500,2026/08/24,Hard,R32,3,Ann Li,Camila Osorio,6-1 6-2,30,58,1518,1023
Monterrey,WTA 500,2026/08/24,Hard,R32,3,Cristina Bucsa,Anna Bondar,6-4 6-3,40,70,1224,961
Monterrey,WTA 500,2026/08/24,Hard,R32,3,Darja Vidmanova,Kimberly Birrell,7-6(2) 6-3,90,69,839,974
Monterrey,WTA 500,2026/08/24,Hard,R32,3,Nikola Bartunkova,Antonia Ruzic,6-4 6-3,38,81,1237,894
Monterrey,WTA 500,2026/08/24,Hard,R32,3,Janice Tjen,Dayana Yastremska,2-6 6-3 7-6(5),35,112,1293,692
Monterrey,WTA 500,2026/08/24,Hard,R32,3,Yuliia Starodubtseva,Lilli Tagger,6-3 6-4,74,48,953,1141
Monterrey,WTA 500,2026/08/24,Hard,R32,3,Panna Udvardy,Maya Joint,7-6(5) 6-1,76,75,941,951
Monterrey,WTA 500,2026/08/24,Hard,R16,3,Diane Parry,Oleksandra Oliynykova,6-4 7-6(3),50,46,1113,1159
Monterrey,WTA 500,2026/08/24,Hard,R16,3,Yuliia Starodubtseva,Janice Tjen,6-4 6-3,74,35,953,1293
Monterrey,WTA 500,2026/08/24,Hard,R16,3,Alycia Parks,Maja Chwalinska,3-6 6-2 6-2,89,21,846,2037
Monterrey,WTA 500,2026/08/24,Hard,R16,3,Ann Li,Maria Timofeeva,W/O,30,92,1518,814
Monterrey,WTA 500,2026/08/24,Hard,R16,3,Darja Vidmanova,Cristina Bucsa,6-4 7-5,90,40,839,1224
Monterrey,WTA 500,2026/08/24,Hard,R16,3,Nikola Bartunkova,En Shuo Liang,6-7(4) 7-5 6-4,38,306,1237,
Monterrey,WTA 500,2026/08/24,Hard,R16,3,Elise Mertens,Panna Udvardy,6-1 4-6 6-3,24,76,1870,941
Monterrey,WTA 500,2026/08/24,Hard,R16,3,Clara Tauson,Ekaterina Alexandrova,7-6(6) 4-6 6-3,42,19,1184,2186
Monterrey,WTA 500,2026/08/24,Hard,QF,3,Ann Li,Alycia Parks,6-2 6-3,30,89,1518,846
Monterrey,WTA 500,2026/08/24,Hard,QF,3,Diane Parry,Clara Tauson,6-3 7-5,50,42,1113,1184
Monterrey,WTA 500,2026/08/24,Hard,QF,3,Nikola Bartunkova,Darja Vidmanova,6-4 6-7(3) 6-3,38,90,1237,839
Monterrey,WTA 500,2026/08/24,Hard,QF,3,Elise Mertens,Yuliia Starodubtseva,6-1 6-4,24,74,1870,953
Monterrey,WTA 500,2026/08/24,Hard,SF,3,Diane Parry,Ann Li,7-6(7) 6-4,50,30,1113,1518
Monterrey,WTA 500,2026/08/24,Hard,SF,3,Elise Mertens,Nikola Bartunkova,1-6 6-4 6-2,24,38,1870,1237
Monterrey,WTA 500,2026/08/24,Hard,F,3,Diane Parry,Elise Mertens,6-4 0-6 6-3,50,24,1113,1870
Us Open,Grand Slam,2026/08/30,Hard,R128,3,Kamilla Rakhimova,Barbora Krejcikova,7-6(4) 6-2,92,29,852,1666
Us Open,Grand Slam,2026/08/30,Hard,R128,3,Jessica Pegula,Elena Gabriela Ruse,6-3 6-2,3,64,7265,991
Us Open,Grand Slam,2026/08/30,Hard,R128,3,Jasmine Paolini,Veronika Erjavec,6-3 3-6 6-4,21,106,2123,741
Us Open,Grand Slam,2026/08/30,Hard,R128,3,Donna Vekic,Talia Gibson,6-2 4-6 6-3,39,63,1278,997
Us Open,Grand Slam,2026/08/30,Hard,R128,3,Polina Iatcenko,Renata Zarazua,4-6 6-4 7-6(7),160,74,473,957
Us Open,Grand Slam,2026/08/30,Hard,R128,3,Leylah Fernandez,Shuai Zhang,6-3 6-2,33,54,1454,1085
Us Open,Grand Slam,2026/08/30,Hard,R128,3,Karolina Pliskova,Hanne Vandewinkel,2-6 7-5 6-3,57,81,1051,919
Us Open,Grand Slam,2026/08/30,Hard,R128,3,Marta Kostyuk,Storm Hunter,6-4 6-1,11,169,3980,450
Us Open,Grand Slam,2026/08/30,Hard,R128,3,Ekaterina Alexandrova,Mccartney Kessler,6-2 6-2,19,66,2186,985
Us Open,Grand Slam,2026/08/30,Hard,R128,3,Lanlana Tararudee,Elvina Kalieva,6-3 6-7(4) 6-2,76,115,955,636
Us Open,Grand Slam,2026/08/30,Hard,R128,3,Lucrezia Stefanini,Dayana Yastremska,6-3 4-6 6-1,119,113,620,692
Us Open,Grand Slam,2026/08/30,Hard,R128,3,Xinyu Wang,Emiliana Arango,6-4 6-2,43,88,1195,868
Us Open,Grand Slam,2026/08/30,Hard,R128,3,Taylah Preston,Alycia Parks,6-3 6-3,100,79,762,927
Us Open,Grand Slam,2026/08/30,Hard,R128,3,Elina Svitolina,Solana Sierra,6-1 6-2,9,91,4689,854
Us Open,Grand Slam,2026/08/30,Hard,R128,3,Katie Boulter,Carol Young Suh Lee,6-4 3-6 6-0,62,143,1002,527
Us Open,Grand Slam,2026/08/30,Hard,R128,3,Sofia Kenin,Venus Williams,6-2 7-6(6),110,618,709,75
Us Open,Grand Slam,2026/08/30,Hard,R128,3,Aryna Sabalenka,Camila Osorio,6-2 6-4,1,59,8575,1023
Us Open,Grand Slam,2026/08/30,Hard,R128,3,Mananchaya Sawangkaew,Panna Udvardy,6-4 6-3,94,68,804,984
Us Open,Grand Slam,2026/08/30,Hard,R128,3,Karolina Muchova,Sinja Kraus,6-3 6-0,7,90,4983,860
Us Open,Grand Slam,2026/08/30,Hard,R128,3,Lilli Tagger,Tamara Korpatsch,6-0 7-6(4),49,48,1141,1148
Us Open,Grand Slam,2026/08/30,Hard,R128,3,Cristina Bucsa,Sara Bejlek,7-5 4-6 6-1,40,30,1274,1652
Us Open,Grand Slam,2026/08/30,Hard,R128,3,Himeno Sakatsume,Anhelina Kalinina,6-3 6-3,144,51,526,1115
Us Open,Grand Slam,2026/08/30,Hard,R128,3,Marie Bouzkova,Elsa Jacquemot,6-2 6-2,26,114,1753,668
Us Open,Grand Slam,2026/08/30,Hard,R128,3,Oksana Selekhmeteva,Aoi Ito,6-2 6-4,93,373,824,174
Us Open,Grand Slam,2026/08/30,Hard,R128,3,Kimberly Birrell,Petra Marcinko,3-6 7-6(4) 6-3,71,77,974,954
Us Open,Grand Slam,2026/08/30,Hard,R128,3,Emma Navarro,Lois Boisson,7-6(6) 6-7(1) 6-3,27,237,1724,323
Us Open,Grand Slam,2026/08/30,Hard,R128,3,Harriet Dart,Peyton Stearns,3-6 6-3 6-2,131,55,575,1061
Us Open,Grand Slam,2026/08/30,Hard,R128,3,Qinwen Zheng,Kristina Liutova,4-6 6-3 6-1,121,125,613,603
Us Open,Grand Slam,2026/08/30,Hard,R128,3,Anna Kalinskaya,Anna Blinkova,6-4 6-3,23,95,1933,789
Us Open,Grand Slam,2026/08/30,Hard,R128,3,Maria Timofeeva,Tamara Zidansek,6-3 7-5,86,146,890,520
Us Open,Grand Slam,2026/08/30,Hard,R128,3,Taylor Townsend,Maja Chwalinska,6-2 6-3,96,22,783,2037
Us Open,Grand Slam,2026/08/30,Hard,R128,3,Diana Shnaider,Daria Snigur,6-0 6-4,16,45,2468,1180
Us Open,Grand Slam,2026/08/30,Hard,R128,3,Sloane Stephens,Clara Tauson,6-4 6-1,209,38,375,1282
Us Open,Grand Slam,2026/08/30,Hard,R128,3,Ann Li,Antonia Ruzic,7-5 6-1,28,85,1683,894
Us Open,Grand Slam,2026/08/30,Hard,R128,3,Linda Noskova,Katie Volynets,7-5 6-1,6,78,5028,938
Us Open,Grand Slam,2026/08/30,Hard,R128,3,Diane Parry,Viktorija Golubic,7-5 6-4,31,56,1611,1053
Us Open,Grand Slam,2026/08/30,Hard,R128,3,Sorana Cirstea,Julia Grabher,6-3 6-0,17,112,2294,694
Us Open,Grand Slam,2026/08/30,Hard,R128,3,Caty Mcnally,Anouk Koevermans,7-5 6-1,65,229,990,343
Us Open,Grand Slam,2026/08/30,Hard,R128,3,Amanda Anisimova,Ashlyn Krueger,6-1 6-3,10,60,4533,1005
Us Open,Grand Slam,2026/08/30,Hard,R128,3,Nadia Podoroska,Simona Waltert,4-6 7-6(5) 6-3,449,89,133,861
Us Open,Grand Slam,2026/08/30,Hard,R128,3,Maya Joint,Liudmila Samsonova,3-6 6-2 6-2,72,47,966,1159
Us Open,Grand Slam,2026/08/30,Hard,R128,3,Katerina Siniakova,Elisabetta Cocciaretto,6-3 6-2,42,67,1234,985
Us Open,Grand Slam,2026/08/30,Hard,R128,3,Iga Swiatek,Xiyu Wang,6-2 6-3,8,80,4809,919
Us Open,Grand Slam,2026/08/30,Hard,R128,3,Naomi Osaka,Anastasia Zakharova,7-6(6) 7-6(3),13,101,2846,759
Us Open,Grand Slam,2026/08/30,Hard,R128,3,Madison Keys,Alina Korneeva,7-5 6-4,24,69,1909,980
Us Open,Grand Slam,2026/08/30,Hard,R128,3,Eva Lys,Gabriela Knutson,6-3 6-3,98,184,777,421
Us Open,Grand Slam,2026/08/30,Hard,R128,3,Yuliia Starodubtseva,Ella Seidel,6-2 6-2,58,123,1045,611
Us Open,Grand Slam,2026/08/30,Hard,R128,3,Elena Rybakina,Thea Frodin,6-3 6-2,2,585,8141,83
Us Open,Grand Slam,2026/08/30,Hard,R128,3,Anna Bondar,Lucie Havlickova,6-3 6-3,73,226,961,348
Us Open,Grand Slam,2026/08/30,Hard,R128,3,Mirra Andreeva,Janice Tjen,6-2 6-2,5,36,5443,1323
Us Open,Grand Slam,2026/08/30,Hard,R128,3,Maria Sakkari,Robin Montgomery,2-6 7-5 6-2,35,187,1415,414
Us Open,Grand Slam,2026/08/30,Hard,R128,3,Yulia Putintseva,Belinda Bencic,4-6 7-5 6-3,84,12,904,2995
Us Open,Grand Slam,2026/08/30,Hard,R128,3,Elise Mertens,Kaitlin Quevedo,6-4 6-4,20,107,2165,735
Us Open,Grand Slam,2026/08/30,Hard,R128,3,Oleksandra Oliynykova,Reese Brantmeier,6-4 6-4,46,431,1170,145
Us Open,Grand Slam,2026/08/30,Hard,R128,3,Anastasia Potapova,Darja Semenistaja,6-2 6-2,25,109,1756,714
Us Open,Grand Slam,2026/08/30,Hard,R128,3,Coco Gauff,Zeynep Sonmez,6-3 6-4,4,53,6704,1087
Us Open,Grand Slam,2026/08/30,Hard,R128,3,Jessica Bouzas Maneiro,Darja Vidmanova,6-3 6-4,105,75,749,957
Us Open,Grand Slam,2026/08/30,Hard,R128,3,Leolia Jeanjean,Arantxa Rus,7-6(6) 6-2,127,204,599,382
Us Open,Grand Slam,2026/08/30,Hard,R128,3,Alexandra Eala,Mary Stoiana,6-1 6-2,18,122,2281,612
Us Open,Grand Slam,2026/08/30,Hard,R128,3,Paula Badosa,Daria Kasatkina,6-1 6-4,87,61,885,1003
Us Open,Grand Slam,2026/08/30,Hard,R128,3,Nikola Bartunkova,Mayar Sherif,6-1 6-2,34,52,1417,1105
Us Open,Grand Slam,2026/08/30,Hard,R128,3,Tatjana Maria,Jelena Ostapenko,4-6 6-1 6-2,83,32,912,1512
Us Open,Grand Slam,2026/08/30,Hard,R128,3,Iva Jovic,Magdalena Frech,7-5 6-3,14,41,2671,1240
Us Open,Grand Slam,2026/08/30,Hard,R128,3,Francesca Jones,Magda Linette,6-4 1-6 6-3,104,82,751,916
Us Open,Grand Slam,2026/08/30,Hard,R64,3,Taylor Townsend,Taylah Preston,6-1 6-1,96,100,783,762
Us Open,Grand Slam,2026/08/30,Hard,R64,3,Diana Shnaider,Karolina Pliskova,6-1 7-6(4),16,57,2468,1051
Us Open,Grand Slam,2026/08/30,Hard,R64,3,Jessica Pegula,Sofia Kenin,6-3 6-1,3,110,7265,709
Us Open,Grand Slam,2026/08/30,Hard,R64,3,Leylah Fernandez,Mananchaya Sawangkaew,6-4 6-1,33,94,1454,804
Us Open,Grand Slam,2026/08/30,Hard,R64,3,Jasmine Paolini,Lucrezia Stefanini,6-4 6-1,21,119,2123,620
Us Open,Grand Slam,2026/08/30,Hard,R64,3,Sorana Cirstea,Diane Parry,6-2 7-5,17,31,2294,1611
Us Open,Grand Slam,2026/08/30,Hard,R64,3,Marta Kostyuk,Sloane Stephens,6-1 7-5,11,209,3980,375
Us Open,Grand Slam,2026/08/30,Hard,R64,3,Karolina Muchova,Katie Boulter,6-1 6-0,7,62,4983,1002
Us Open,Grand Slam,2026/08/30,Hard,R64,3,Kamilla Rakhimova,Oksana Selekhmeteva,6-3 6-0,92,93,852,824
Us Open,Grand Slam,2026/08/30,Hard,R64,3,Emma Navarro,Caty Mcnally,3-6 6-2 6-3,27,65,1724,990
Us Open,Grand Slam,2026/08/30,Hard,R64,3,Ekaterina Alexandrova,Kimberly Birrell,6-1 2-6 6-3,19,71,2186,974
Us Open,Grand Slam,2026/08/30,Hard,R64,3,Anna Kalinskaya,Xinyu Wang,7-5 2-6 6-3,23,43,1933,1195
Us Open,Grand Slam,2026/08/30,Hard,R64,3,Aryna Sabalenka,Polina Iatcenko,6-1 6-1,1,160,8575,473
Us Open,Grand Slam,2026/08/30,Hard,R64,3,Ann Li,Donna Vekic,5-7 7-6(4) 6-4,28,39,1683,1278
Us Open,Grand Slam,2026/08/30,Hard,R64,3,Elina Svitolina,Maya Joint,6-2 6-7(6) 6-4,9,72,4689,966
Us Open,Grand Slam,2026/08/30,Hard,R64,3,Linda Noskova,Lanlana Tararudee,6-4 6-2,6,76,5028,955
Us Open,Grand Slam,2026/08/30,Hard,R64,3,Iga Swiatek,Nadia Podoroska,6-3 6-2,8,449,4809,133
Us Open,Grand Slam,2026/08/30,Hard,R64,3,Elise Mertens,Maria Timofeeva,6-2 7-6(5),20,86,2165,890
Us Open,Grand Slam,2026/08/30,Hard,R64,3,Anastasia Potapova,Leolia Jeanjean,6-4 2-6 6-3,25,127,1756,599
Us Open,Grand Slam,2026/08/30,Hard,R64,3,Naomi Osaka,Katerina Siniakova,6-2 5-7 6-1,13,42,2846,1234
Us Open,Grand Slam,2026/08/30,Hard,R64,3,Madison Keys,Anna Bondar,5-7 6-4 7-6(5),24,73,1909,961
Us Open,Grand Slam,2026/08/30,Hard,R64,3,Marie Bouzkova,Harriet Dart,6-2 6-2,26,131,1753,575
Us Open,Grand Slam,2026/08/30,Hard,R64,3,Amanda Anisimova,Lilli Tagger,6-3 3-6 6-1,10,49,4533,1141
Us Open,Grand Slam,2026/08/30,Hard,R64,3,Alexandra Eala,Oleksandra Oliynykova,6-1 6-4,18,46,2281,1170
Us Open,Grand Slam,2026/08/30,Hard,R64,3,Nikola Bartunkova,Tatjana Maria,6-7(5) 6-2 6-3,34,83,1417,912
Us Open,Grand Slam,2026/08/30,Hard,R64,3,Qinwen Zheng,Yulia Putintseva,6-4 2-6 6-1,121,84,613,904
Us Open,Grand Slam,2026/08/30,Hard,R64,3,Cristina Bucsa,Himeno Sakatsume,7-6(6) 6-7(0) 7-6(6),40,144,1274,526
Us Open,Grand Slam,2026/08/30,Hard,R64,3,Mirra Andreeva,Eva Lys,6-0 6-2,5,98,5443,777
Us Open,Grand Slam,2026/08/30,Hard,R64,3,Iva Jovic,Francesca Jones,6-4 6-4,14,104,2671,751
Us Open,Grand Slam,2026/08/30,Hard,R64,3,Yuliia Starodubtseva,Maria Sakkari,1-6 7-6(4) 6-2,58,35,1045,1415
Us Open,Grand Slam,2026/08/30,Hard,R64,3,Coco Gauff,Paula Badosa,6-4 7-6(5),4,87,6704,885
Us Open,Grand Slam,2026/08/30,Hard,R64,3,Elena Rybakina,Jessica Bouzas Maneiro,6-2 6-4,2,105,8141,749
Us Open,Grand Slam,2026/08/30,Hard,R32,3,Marta Kostyuk,Ekaterina Alexandrova,6-3 6-2,11,19,3980,2186
Us Open,Grand Slam,2026/08/30,Hard,R32,3,Sorana Cirstea,Jasmine Paolini,6-3 6-3,17,21,2294,2123
Us Open,Grand Slam,2026/08/30,Hard,R32,3,Aryna Sabalenka,Kamilla Rakhimova,6-3 6-4,1,92,8575,852
Us Open,Grand Slam,2026/08/30,Hard,R32,3,Jessica Pegula,Leylah Fernandez,1-6 6-4 6-3,3,33,7265,1454
Us Open,Grand Slam,2026/08/30,Hard,R32,3,Taylor Townsend,Diana Shnaider,6-2 6-7(3) 6-3,96,16,783,2468
Us Open,Grand Slam,2026/08/30,Hard,R32,3,Emma Navarro,Karolina Muchova,6-3 7-5,27,7,1724,4983
Us Open,Grand Slam,2026/08/30,Hard,R32,3,Linda Noskova,Ann Li,6-2 6-7(6) 6-2,6,28,5028,1683
Us Open,Grand Slam,2026/08/30,Hard,R32,3,Anna Kalinskaya,Elina Svitolina,6-3 2-6 6-3,23,9,1933,4689
Us Open,Grand Slam,2026/08/30,Hard,R32,3,Anastasia Potapova,Amanda Anisimova,6-2 7-5,25,10,1756,4533
Us Open,Grand Slam,2026/08/30,Hard,R32,3,Qinwen Zheng,Madison Keys,1-6 7-6(3) 7-5,121,24,613,1909
Us Open,Grand Slam,2026/08/30,Hard,R32,3,Mirra Andreeva,Nikola Bartunkova,6-2 7-6(5),5,34,5443,1417
Us Open,Grand Slam,2026/08/30,Hard,R32,3,Iga Swiatek,Marie Bouzkova,7-6(3) 7-6(3),8,26,4809,1753
Us Open,Grand Slam,2026/08/30,Hard,R32,3,Coco Gauff,Cristina Bucsa,6-3 6-4,4,40,6704,1274
Us Open,Grand Slam,2026/08/30,Hard,R32,3,Naomi Osaka,Elise Mertens,6-3 3-6 7-5,13,20,2846,2165
Us Open,Grand Slam,2026/08/30,Hard,R32,3,Iva Jovic,Alexandra Eala,7-5 3-6 7-5,14,18,2671,2281
Us Open,Grand Slam,2026/08/30,Hard,R32,3,Elena Rybakina,Yuliia Starodubtseva,7-6(6) 6-3,2,58,8141,1045
Us Open,Grand Slam,2026/08/30,Hard,R16,3,Aryna Sabalenka,Taylor Townsend,6-4 6-3,1,96,8575,783
Us Open,Grand Slam,2026/08/30,Hard,R16,3,Linda Noskova,Marta Kostyuk,7-5 5-7 6-4,6,11,5028,3980
Us Open,Grand Slam,2026/08/30,Hard,R16,3,Jessica Pegula,Sorana Cirstea,6-3 6-4,3,17,7265,2294
Us Open,Grand Slam,2026/08/30,Hard,R16,3,Emma Navarro,Anna Kalinskaya,6-4 6-2,27,23,1724,1933
Us Open,Grand Slam,2026/08/30,Hard,R16,3,Mirra Andreeva,Anastasia Potapova,5-7 6-4 6-3,5,25,5443,1756
Us Open,Grand Slam,2026/08/30,Hard,R16,3,Qinwen Zheng,Iga Swiatek,7-5 6-3,121,8,613,4809
Us Open,Grand Slam,2026/08/30,Hard,R16,3,Elena Rybakina,Naomi Osaka,6-1 6-4,2,13,8141,2846
Us Open,Grand Slam,2026/08/30,Hard,R16,3,Coco Gauff,Iva Jovic,6-1 6-4,4,14,6704,2671
Us Open,Grand Slam,2026/08/30,Hard,QF,3,Aryna Sabalenka,Linda Noskova,7-6(1) 3-6 7-6(7),1,6,8575,5028
Us Open,Grand Slam,2026/08/30,Hard,QF,3,Jessica Pegula,Emma Navarro,3-6 6-4 6-3,3,27,7265,1724
Us Open,Grand Slam,2026/08/30,Hard,QF,3,Elena Rybakina,Qinwen Zheng,3-6 6-1 6-4,2,121,8141,613
Us Open,Grand Slam,2026/08/30,Hard,QF,3,Coco Gauff,Mirra Andreeva,2-6 7-6(7) 6-2,4,5,6704,5443
Us Open,Grand Slam,2026/08/30,Hard,SF,3,Aryna Sabalenka,Jessica Pegula,7-5 6-2,1,3,8575,7265
Us Open,Grand Slam,2026/08/30,Hard,SF,3,Elena Rybakina,Coco Gauff,3-6 6-4 6-4,2,4,8141,6704
Us Open,Grand Slam,2026/08/30,Hard,F,3,Elena Rybakina,Aryna Sabalenka,6-4 5-7 6-2,2,1,8141,8575
Guadalajara,WTA 500,2026/09/13,Hard,R32,3,Peyton Stearns,Emiliana Arango,6-3 6-2,60,139,1001,541
Guadalajara,WTA 500,2026/09/13,Hard,R32,3,Alycia Parks,Varvara Lepchenko,6-3 1-6 7-5,72,179,927,420
Guadalajara,WTA 500,2026/09/13,Hard,R32,3,Panna Udvardy,Lois Boisson,6-4 6-7(6) 6-2,83,227,889,323
Guadalajara,WTA 500,2026/09/13,Hard,R32,3,Janice Tjen,Darja Vidmanova,7-6(6) 6-2,51,86,1090,877
Guadalajara,WTA 500,2026/09/13,Hard,R32,3,Cristina Bucsa,Bianca Andreescu,6-4 6-3,44,164,1164,451
Guadalajara,WTA 500,2026/09/13,Hard,R32,3,Kayla Day,Elvina Kalieva,7-6(9) 6-4,123,113,591,661
Guadalajara,WTA 500,2026/09/13,Hard,R32,3,Sloane Stephens,Carole Monnet,6-4 7-6(5),169,215,444,350
Guadalajara,WTA 500,2026/09/13,Hard,R32,3,Taylor Townsend,Tatjana Maria,6-7(0) 6-3 6-2,98,80,783,894
Guadalajara,WTA 500,2026/09/13,Hard,R32,3,Caroline Dolehide,Renata Zarazua,6-1 3-6 6-3,246,91,294,819
Guadalajara,WTA 500,2026/09/13,Hard,R32,3,Zeynep Sonmez,Iryna Shymanovich,6-1 6-1,58,197,1027,393
Guadalajara,WTA 500,2026/09/13,Hard,R32,3,Magdalena Frech,Nao Hibino,6-1 6-4,57,199,1032,385
Guadalajara,WTA 500,2026/09/13,Hard,R32,3,Liudmila Samsonova,Elsa Jacquemot,7-6(6) 6-2,50,156,1099,468
Guadalajara,WTA 500,2026/09/13,Hard,R16,3,Cristina Bucsa,Panna Udvardy,6-4 6-4,44,83,1164,889
Guadalajara,WTA 500,2026/09/13,Hard,R16,3,Sara Bejlek,Alycia Parks,6-4 6-3,28,72,1632,927
Guadalajara,WTA 500,2026/09/13,Hard,R16,3,Peyton Stearns,Diane Parry,6-2 7-5,60,30,1001,1551
Guadalajara,WTA 500,2026/09/13,Hard,R16,3,Sloane Stephens,Janice Tjen,7-6(4) 7-6(3),169,51,444,1090
Guadalajara,WTA 500,2026/09/13,Hard,R16,3,Marta Kostyuk,Taylor Townsend,W/O,10,98,3980,783
Guadalajara,WTA 500,2026/09/13,Hard,R16,3,Magdalena Frech,Caroline Dolehide,6-4 6-3,57,246,1032,294
Guadalajara,WTA 500,2026/09/13,Hard,R16,3,Iva Jovic,Zeynep Sonmez,7-6(5) 6-4,16,58,2390,1027
Guadalajara,WTA 500,2026/09/13,Hard,R16,3,Liudmila Samsonova,Kayla Day,7-6(4) 2-6 7-6(5),50,123,1099,591
Guadalajara,WTA 500,2026/09/13,Hard,QF,3,Cristina Bucsa,Sara Bejlek,6-0 6-4,44,28,1164,1632
Guadalajara,WTA 500,2026/09/13,Hard,QF,3,Iva Jovic,Magdalena Frech,6-2 6-1,16,57,2390,1032
Guadalajara,WTA 500,2026/09/13,Hard,QF,3,Liudmila Samsonova,Marta Kostyuk,4-6 6-2 7-5,50,10,1099,3980
Guadalajara,WTA 500,2026/09/13,Hard,QF,3,Peyton Stearns,Sloane Stephens,7-6(6) 6-4,60,169,1001,444
Guadalajara,WTA 500,2026/09/13,Hard,SF,3,Iva Jovic,Cristina Bucsa,6-4 6-1,16,44,2390,1164
Guadalajara,WTA 500,2026/09/13,Hard,SF,3,Peyton Stearns,Liudmila Samsonova,7-6(7) 6-2,60,50,1001,1099
Guadalajara,WTA 500,2026/09/13,Hard,F,3,Iva Jovic,Peyton Stearns,6-4 6-2,16,60,2390,1001
Sao Paulo,WTA 250,2026/09/15,Hard,R32,3,Darja Semenistaja,Hayu Kinoshita,7-5 6-4,120,210,604,356
Sao Paulo,WTA 250,2026/09/15,Hard,R32,3,Nadia Podoroska,Lucrezia Stefanini,6-3 6-4,317,119,218,617
Sao Paulo,WTA 250,2026/09/15,Hard,R32,3,Teodora Kostovic,Victoria Luiza Barros,6-2 6-4,186,827,408,38
Sao Paulo,WTA 250,2026/09/15,Hard,R32,3,Elina Avanesyan,Julia Riera,6-2 6-4,155,144,469,514
Sao Paulo,WTA 250,2026/09/15,Hard,R32,3,Alina Charaeva,Xiaodi You,3-6 7-6(5) 6-3,133,207,568,365
Sao Paulo,WTA 250,2026/09/15,Hard,R32,3,Eva Lys,Gabriela Ce,6-1 5-7 7-5,99,294,777,238
Sao Paulo,WTA 250,2026/09/15,Hard,R32,3,Solana Sierra,Cadence Brace,6-4 3-6 6-1,90,249,825,290
Sao Paulo,WTA 250,2026/09/15,Hard,R32,3,Suzan Lamens,Carolina Alves,3-6 7-6(2) 6-2,182,296,414,237
Sao Paulo,WTA 250,2026/09/15,Hard,R32,3,Kaitlin Quevedo,Anastasia Tikhonova,6-0 6-2,105,245,719,295
Sao Paulo,WTA 250,2026/09/15,Hard,R32,3,Dominika Salkova,Jessica Bouzas Maneiro,7-5 6-1,125,93,586,809
Sao Paulo,WTA 250,2026/09/15,Hard,R32,3,Anna Blinkova,Carol Young Suh Lee,6-1 6-3,94,136,795,556
Sao Paulo,WTA 250,2026/09/15,Hard,R32,3,Mary Stoiana,Claire Liu,6-3 7-5,116,96,632,790
Sao Paulo,WTA 250,2026/09/15,Hard,R32,3,Nauhany Vitoria Leme Da Silva,Astra Sharma,5-7 6-4 7-5,660,1170,63,11
Sao Paulo,WTA 250,2026/09/15,Hard,R32,3,Jazmin Ortenzi,Chloe Paquet,6-3 6-2,160,319,459,217
Sao Paulo,WTA 250,2026/09/15,Hard,R16,3,Teodora Kostovic,Darja Semenistaja,6-4 6-1,186,120,408,604
Sao Paulo,WTA 250,2026/09/15,Hard,R32,3,Vendula Valdmannova,Laura Pigossi,2-6 6-1 6-1,153,218,477,345
Sao Paulo,WTA 250,2026/09/15,Hard,R32,3,Paula Badosa,Justina Mikulskyte,6-3 6-2,70,237,955,309
Sao Paulo,WTA 250,2026/09/15,Hard,R16,3,Alina Charaeva,Elina Avanesyan,6-2 6-3,133,155,568,469
Sao Paulo,WTA 250,2026/09/15,Hard,R16,3,Kaitlin Quevedo,Nauhany Vitoria Leme Da Silva,6-2 6-1,105,660,719,63
Sao Paulo,WTA 250,2026/09/15,Hard,R16,3,Suzan Lamens,Solana Sierra,6-3 6-2,182,90,414,825
Sao Paulo,WTA 250,2026/09/15,Hard,R16,3,Mary Stoiana,Dominika Salkova,7-6(5) 6-1,116,125,632,586
Sao Paulo,WTA 250,2026/09/15,Hard,R16,3,Anna Blinkova,Vendula Valdmannova,6-3 6-0,94,153,795,477
Sao Paulo,WTA 250,2026/09/15,Hard,R16,3,Paula Badosa,Jazmin Ortenzi,4-6 6-2 6-2,70,160,955,459
Sao Paulo,WTA 250,2026/09/15,Hard,R16,3,Nadia Podoroska,Eva Lys,7-5 6-2,317,99,218,777
Sao Paulo,WTA 250,2026/09/15,Hard,QF,3,Kaitlin Quevedo,Teodora Kostovic,6-3 6-4,105,186,719,408
Sao Paulo,WTA 250,2026/09/15,Hard,QF,3,Anna Blinkova,Alina Charaeva,6-4 7-5,94,133,795,568
Sao Paulo,WTA 250,2026/09/15,Hard,QF,3,Paula Badosa,Mary Stoiana,6-4 6-2,70,116,955,632
Sao Paulo,WTA 250,2026/09/15,Hard,QF,3,Nadia Podoroska,Suzan Lamens,7-6(5) 3-6 6-3,317,182,218,414
Sao Paulo,WTA 250,2026/09/15,Hard,SF,3,Kaitlin Quevedo,Anna Blinkova,6-4 2-6 6-4,105,94,719,795
Sao Paulo,WTA 250,2026/09/15,Hard,SF,3,Nadia Podoroska,Paula Badosa,6-3 6-4,317,70,218,955
Sao Paulo,WTA 250,2026/09/21,Hard,F,3,Kaitlin Quevedo,Nadia Podoroska,4-6 6-4 6-2,90,200,833,381
Singapore,WTA 500,2026/09/21,Hard,R32,3,Aliaksandra Sasnovich,Daria Kasatkina,7-5 6-0,132,84,573,883
Singapore,WTA 500,2026/09/21,Hard,R32,3,Nao Hibino,Kristina Mladenovic,7-5 3-6 6-4,190,822,408,38
Singapore,WTA 500,2026/09/21,Hard,R32,3,Talia Gibson,Fiona Ferro,6-3 6-3,63,107,997,708
Singapore,WTA 500,2026/09/21,Hard,R32,3,Maja Chwalinska,Rebecca Sramkova,6-4 6-2,25,146,1888,499
Singapore,WTA 500,2026/09/21,Hard,R32,3,Leylah Fernandez,Kyoka Okamura,6-2 6-3,31,322,1454,215
Singapore,WTA 500,2026/09/21,Hard,R32,3,Joanna Garland,Storm Hunter,6-3 5-7 6-1,168,179,448,429
Singapore,WTA 500,2026/09/21,Hard,R32,3,Oleksandra Oliynykova,Vivian Wolff,6-1 7-6(1),47,240,1115,317
Singapore,WTA 500,2026/09/21,Hard,R32,3,Alycia Parks,Mei Yamaguchi,6-4 6-3,70,259,957,287
Singapore,WTA 500,2026/09/21,Hard,R32,3,Tatiana Prozorova,Sofia Costoulas,5-7 7-6(2) 6-2,180,152,428,483
Singapore,WTA 500,2026/09/21,Hard,R32,3,Xinyu Wang,Donna Vekic,6-1 6-2,40,38,1195,1278
Singapore,WTA 500,2026/09/21,Hard,R32,3,Barbora Krejcikova,Anna Lena Friedsam,6-0 5-7 7-6(4),44,,1139,
Singapore,WTA 500,2026/09/21,Hard,R32,3,Maria Sakkari,Linda Fruhvirtova,6-4 6-1,33,177,1355,431
Singapore,WTA 500,2026/09/21,Hard,R16,3,Maja Chwalinska,Oleksandra Oliynykova,6-0 6-1,25,47,1888,1115
Singapore,WTA 500,2026/09/21,Hard,R16,3,Elise Mertens,Barbora Krejcikova,W/O,19,44,2165,1139
Singapore,WTA 500,2026/09/21,Hard,R16,3,Mirra Andreeva,Aliaksandra Sasnovich,6-2 6-2,5,132,5743,573
Singapore,WTA 500,2026/09/21,Hard,R16,3,Leylah Fernandez,Alycia Parks,6-4 6-3,31,70,1454,957
Singapore,WTA 500,2026/09/21,Hard,R16,3,Talia Gibson,Viktoria Morvayova,7-6(2) 7-6(1),63,296,997,240
Singapore,WTA 500,2026/09/21,Hard,R16,3,Xinyu Wang,Joanna Garland,7-5 6-4,40,168,1195,448
Singapore,WTA 500,2026/09/21,Hard,R16,3,Tatiana Prozorova,Alexandra Eala,4-6 7-5 6-3,180,18,428,2276
Singapore,WTA 500,2026/09/21,Hard,R16,3,Maria Sakkari,Nao Hibino,7-5 6-1,33,190,1355,408
Singapore,WTA 500,2026/09/21,Hard,QF,3,Maja Chwalinska,Elise Mertens,6-2 6-2,25,19,1888,2165
Singapore,WTA 500,2026/09/21,Hard,QF,3,Tatiana Prozorova,Xinyu Wang,3-6 7-5 6-4,180,40,428,1195
Singapore,WTA 500,2026/09/21,Hard,QF,3,Leylah Fernandez,Mirra Andreeva,6-2 7-5,31,5,1454,5743
Singapore,WTA 500,2026/09/21,Hard,QF,3,Talia Gibson,Maria Sakkari,6-1 4-6 6-2,63,33,997,1355
Singapore,WTA 500,2026/09/21,Hard,SF,3,Leylah Fernandez,Maja Chwalinska,1-6 6-4 6-2,31,25,1454,1888
Singapore,WTA 500,2026/09/21,Hard,F,3,Leylah Fernandez,Talia Gibson,7-5 6-0,31,63,1454,997
Seoul,WTA 250,2026/09/21,Hard,R32,3,Maya Joint,Xinxin Yao,2-6 7-6(7) 6-3,99,284,781,252
Seoul,WTA 250,2026/09/21,Hard,R32,3,Katie Volynets,Elvina Kalieva,6-3 6-0,77,116,908,661
Seoul,WTA 250,2026/09/21,Hard,R32,3,Lanlana Tararudee,Moyuka Uchijima,6-4 6-7(5) 6-2,62,105,998,725
Seoul,WTA 250,2026/09/21,Hard,R32,3,Alina Korneeva,Mananchaya Sawangkaew,6-4 6-2,81,88,892,868
Seoul,WTA 250,2026/09/21,Hard,R32,3,Kamilla Rakhimova,Polina Kudermetova,7-6(4) 4-6 7-5,76,103,912,728
Seoul,WTA 250,2026/09/21,Hard,R32,3,Dayeon Back,Yue Yuan,6-3 4-6 6-1,272,134,264,570
Seoul,WTA 250,2026/09/21,Hard,R32,3,Darya Astakhova,Magda Linette,3-6 6-1 7-6(2),203,74,379,916
Seoul,WTA 250,2026/09/21,Hard,R32,3,Elena Gabriela Ruse,Eva Lys,6-1 6-2,,100,,747
Seoul,WTA 250,2026/09/21,Hard,R32,3,Taylah Preston,Himeno Sakatsume,6-2 3-6 6-2,94,119,809,634
Seoul,WTA 250,2026/09/21,Hard,R32,3,Sohyun Park,Robin Montgomery,7-6(4) 6-3,329,162,208,454
Seoul,WTA 250,2026/09/21,Hard,R32,3,Anna Bondar,Renata Zarazua,2-6 6-3 6-1,69,92,961,819
Seoul,WTA 250,2026/09/21,Hard,R32,3,Ye Xin Ma,Emerson Jones,3-6 6-0 6-2,,133,,573
Seoul,WTA 250,2026/09/21,Hard,R32,3,Yeonwoo Ku,Alevtina Ibragimova,6-3 6-2,185,166,419,450
Seoul,WTA 250,2026/09/21,Hard,R32,3,Kimberly Birrell,Tamara Zidansek,7-6(2) 6-4,60,140,1034,532
Seoul,WTA 250,2026/09/21,Hard,R32,3,Jelena Ostapenko,Anastasia Zakharova,6-4 6-1,32,109,1452,699
Seoul,WTA 250,2026/09/21,Hard,R32,3,Alina Charaeva,Sofia Kenin,3-6 7-6(4) 6-4,121,106,620,711
Seoul,WTA 250,2026/09/21,Hard,R16,3,Katie Volynets,Kamilla Rakhimova,6-3 6-0,77,76,908,912
Seoul,WTA 250,2026/09/21,Hard,R16,3,Lanlana Tararudee,Sohyun Park,7-6(5) 6-0,62,329,998,208
Seoul,WTA 250,2026/09/21,Hard,R16,3,Maya Joint,Dayeon Back,6-2 6-1,99,272,781,264
Seoul,WTA 250,2026/09/21,Hard,R16,3,Alina Korneeva,Darya Astakhova,6-2 3-6 6-1,81,203,892,379
Seoul,WTA 250,2026/09/21,Hard,R16,3,Kimberly Birrell,Yexin Ma,7-5 6-3,60,,1034,
Seoul,WTA 250,2026/09/21,Hard,R16,3,Anna Bondar,Alina Charaeva,6-4 6-7(6) 7-6(5),69,121,961,620
Seoul,WTA 250,2026/09/21,Hard,R16,3,Elena Gabriela Ruse,Yeonwoo Ku,2-6 7-6(1) 6-1,,185,,419
Seoul,WTA 250,2026/09/21,Hard,R16,3,Taylah Preston,Jelena Ostapenko,6-4 6-1,94,32,809,1452
Seoul,WTA 250,2026/09/21,Hard,QF,3,Kimberly Birrell,Katie Volynets,2-6 6-2 7-5,60,77,1034,908
Seoul,WTA 250,2026/09/21,Hard,QF,3,Anna Bondar,Elena Gabriela Ruse,6-4 1-6 6-2,69,,961,
Seoul,WTA 250,2026/09/21,Hard,QF,3,Maya Joint,Lanlana Tararudee,6-4 6-3,99,62,781,998
Seoul,WTA 250,2026/09/21,Hard,QF,3,Alina Korneeva,Taylah Preston,6-1 6-4,81,94,892,809
Seoul,WTA 250,2026/09/21,Hard,SF,3,Kimberly Birrell,Anna Bondar,7-5 2-6 6-1,60,69,1034,961
Seoul,WTA 250,2026/09/21,Hard,SF,3,Maya Joint,Alina Korneeva,6-2 1-0,99,81,781,892
Seoul,WTA 250,2026/09/21,Hard,F,3,Kimberly Birrell,Maya Joint,6-4 6-2,60,99,1034,781
Bjk Cup Finals,D,2026/09/22,Hard,QF,3,Marie Bouzkova,Sonay Kartal,7-6(2) 4-6 6-4,26,127,1873,597
Bjk Cup Finals,D,2026/09/22,Hard,QF,3,Linda Noskova,Katie Boulter,6-2 7-6(3),6,54,5328,1062
Bjk Cup Finals,D,2026/09/23,Hard,QF,3,Jessica Bouzas Maneiro,Sonja Zhiyenbayeva,6-2 6-2,93,384,809,166
Bjk Cup Finals,D,2026/09/23,Hard,QF,3,Yulia Putintseva,Cristina Bucsa,6-2 3-6 6-1,78,35,904,1349
Bjk Cup Finals,D,2026/09/24,Hard,QF,3,Anhelina Kalinina,Jana Otzipka,6-7(6) 6-1 6-1,48,474,1112,118
Bjk Cup Finals,D,2026/09/24,Hard,QF,3,Greet Minnen,Elina Svitolina,6-7(5) 6-4 6-4,217,7,359,4809
Bjk Cup Finals,D,2026/09/24,Hard,QF,3,Shuai Zhang,Elisabetta Cocciaretto,6-0 6-2,55,67,1055,985
Bjk Cup Finals,D,2026/09/24,Hard,QF,3,Jasmine Paolini,Qinwen Zheng,6-3 7-6(4),20,52,2123,1083
Bjk Cup Finals,D,2026/09/25,Hard,SF,3,Karolina Muchova,Jessica Bouzas Maneiro,7-5 6-4,8,93,4683,809
Bjk Cup Finals,D,2026/09/25,Hard,SF,3,Linda Noskova,Cristina Bucsa,7-6(5) 6-2,6,35,5328,1349
Bjk Cup Finals,D,2026/09/26,Hard,SF,3,Anhelina Kalinina,Tyra Caterina Grant,6-3 6-4,48,150,1112,490
Bjk Cup Finals,D,2026/09/26,Hard,SF,3,Elina Svitolina,Jasmine Paolini,6-2 6-2,7,20,4809,2123
Bjk Cup Finals,D,2026/09/27,Hard,F,3,Karolina Muchova,Anhelina Kalinina,6-2 6-3,8,48,4683,1112
Bjk Cup Finals,D,2026/09/27,Hard,F,3,Linda Noskova,Elina Svitolina,6-3 7-6(5),6,7,5328,4809
